city,date,temp_max_c,temp_min_c,temp_mean_c,precipitation_mm,wind_max_kmh,humidity_pct,weather_code
Faisalabad,2024-04-22,34.0,19.8,26.0,0.9,21.1,43,53
Faisalabad,2024-04-23,32.3,19.5,25.5,0.5,14.0,46,53
Faisalabad,2024-04-24,35.2,18.4,27.0,0.0,17.6,38,1
Faisalabad,2024-04-25,39.0,19.5,29.4,0.0,16.6,29,3
Faisalabad,2024-04-26,35.5,22.1,27.9,1.2,19.9,39,51
Faisalabad,2024-04-27,32.7,21.0,25.6,5.4,19.1,47,63
Faisalabad,2024-04-28,33.8,19.5,26.1,2.5,25.8,50,61
Faisalabad,2024-04-29,29.9,19.4,23.7,1.4,21.6,51,55
Faisalabad,2024-04-30,30.6,16.2,22.0,0.5,24.0,55,51
Faisalabad,2024-05-01,30.6,14.6,23.0,0.0,15.9,37,0
Faisalabad,2024-05-02,34.7,16.4,27.2,0.0,10.4,26,3
Faisalabad,2024-05-03,36.2,19.2,28.6,0.0,14.5,26,3
Faisalabad,2024-05-04,36.2,23.0,29.3,0.2,16.6,34,51
Faisalabad,2024-05-05,38.2,22.4,30.5,0.0,16.5,34,2
Faisalabad,2024-05-06,40.3,23.2,32.4,0.0,16.5,27,1
Faisalabad,2024-05-07,41.8,25.2,33.9,0.0,21.7,21,0
Faisalabad,2024-05-08,42.8,24.0,33.9,0.0,23.3,21,2
Faisalabad,2024-05-09,43.5,27.9,34.9,0.0,27.8,19,3
Faisalabad,2024-05-10,42.0,27.9,33.2,0.0,32.2,31,3
Faisalabad,2024-05-11,39.8,26.0,31.7,7.2,31.2,39,63
Faisalabad,2024-05-12,37.7,25.1,30.5,0.6,27.0,42,51
Faisalabad,2024-05-13,38.0,22.9,30.3,0.0,13.7,35,1
Faisalabad,2024-05-14,39.9,23.1,32.3,0.0,15.1,27,2
Faisalabad,2024-05-15,43.2,24.7,33.8,0.0,20.9,25,3
Faisalabad,2024-05-16,43.7,25.6,34.6,0.0,22.4,24,3
Faisalabad,2024-05-17,42.7,26.6,34.7,0.0,21.1,24,3
Faisalabad,2024-05-18,42.7,27.8,35.5,0.0,23.1,23,3
Faisalabad,2024-05-19,42.2,28.2,35.5,0.0,20.4,22,3
Faisalabad,2024-05-20,44.3,27.1,36.0,0.0,18.7,20,2
Faisalabad,2024-05-21,43.8,26.6,35.9,0.0,18.6,20,0
Faisalabad,2024-05-22,44.8,28.6,36.7,0.0,16.6,18,0
Faisalabad,2024-05-23,44.2,26.8,36.9,0.0,14.4,17,1
Faisalabad,2024-05-24,44.8,29.1,36.5,0.4,21.1,23,51
Faisalabad,2024-05-25,44.0,29.5,36.8,0.0,19.1,21,0
Faisalabad,2024-05-26,46.4,30.0,38.4,0.0,20.8,20,1
Faisalabad,2024-05-27,46.6,29.1,38.0,0.0,14.5,14,0
Faisalabad,2024-05-28,46.1,28.0,37.7,0.0,16.0,14,0
Faisalabad,2024-05-29,45.0,29.2,37.1,0.0,18.9,12,1
Faisalabad,2024-05-30,45.2,28.1,37.0,0.0,20.1,12,0
Faisalabad,2024-05-31,46.1,28.0,37.0,0.0,23.7,13,3
Faisalabad,2024-06-01,44.7,29.0,36.7,0.0,19.2,15,3
Faisalabad,2024-06-02,46.0,31.0,38.1,0.0,16.1,18,3
Faisalabad,2024-06-03,46.0,30.0,38.5,0.0,16.5,15,3
Faisalabad,2024-06-04,45.4,30.2,36.7,0.0,21.1,20,3
Faisalabad,2024-06-05,41.5,25.2,32.9,12.4,27.1,34,65
Faisalabad,2024-06-06,39.7,25.8,32.1,2.8,25.0,41,63
Faisalabad,2024-06-07,39.2,26.8,32.5,0.0,15.0,36,3
Faisalabad,2024-06-08,39.8,26.0,32.5,0.0,10.0,34,3
Faisalabad,2024-06-09,40.3,27.1,33.8,0.0,17.7,29,3
Faisalabad,2024-06-10,41.8,26.9,34.0,0.0,14.5,26,1
Faisalabad,2024-06-11,43.5,26.2,35.1,0.0,13.4,23,1
Faisalabad,2024-06-12,44.9,29.1,36.5,0.0,11.2,19,1
Faisalabad,2024-06-13,44.2,30.0,35.6,0.1,16.1,28,51
Faisalabad,2024-06-14,43.4,27.1,35.8,4.8,35.6,31,63
Faisalabad,2024-06-15,43.8,29.2,36.5,0.0,17.7,30,3
Faisalabad,2024-06-16,45.3,32.2,38.0,0.0,14.1,30,1
Faisalabad,2024-06-17,45.8,32.7,38.8,0.0,16.1,27,1
Faisalabad,2024-06-18,43.3,32.5,37.8,0.0,18.8,33,3
Faisalabad,2024-06-19,42.2,32.4,36.8,0.1,19.6,35,51
Faisalabad,2024-06-20,40.0,26.1,33.2,19.1,19.1,52,65
Faisalabad,2024-06-21,35.4,26.6,30.7,0.0,10.9,63,3
Faisalabad,2024-06-22,39.2,27.5,33.3,0.0,12.0,43,2
Faisalabad,2024-06-23,41.2,27.5,34.7,0.0,15.9,38,1
Faisalabad,2024-06-24,42.2,28.6,35.7,0.0,11.5,33,0
Faisalabad,2024-06-25,43.1,28.7,35.9,0.0,10.8,34,0
Faisalabad,2024-06-26,43.5,29.9,37.2,0.0,16.8,35,2
Faisalabad,2024-06-27,40.0,31.5,35.1,0.3,14.8,53,51
Faisalabad,2024-06-28,39.7,30.0,34.6,0.0,11.9,52,1
Faisalabad,2024-06-29,40.5,30.5,35.3,0.0,13.0,50,1
Faisalabad,2024-06-30,41.0,30.9,35.7,0.0,12.1,51,1
Faisalabad,2024-07-01,41.8,31.6,35.7,0.0,19.8,55,2
Faisalabad,2024-07-02,42.5,29.3,36.2,0.2,16.8,54,51
Faisalabad,2024-07-03,44.2,32.0,37.5,0.0,27.4,50,1
Faisalabad,2024-07-04,38.9,29.5,33.8,0.0,27.9,62,3
Faisalabad,2024-07-05,38.3,27.8,33.0,6.5,19.3,65,63
Faisalabad,2024-07-06,33.8,25.4,29.9,25.4,21.5,77,65
Faisalabad,2024-07-07,34.0,24.9,29.6,8.8,12.4,76,63
Faisalabad,2024-07-08,36.6,27.2,31.5,0.2,12.7,69,51
Faisalabad,2024-07-09,36.8,28.5,32.4,0.1,14.4,66,51
Faisalabad,2024-07-10,37.7,29.1,32.9,0.0,15.7,66,2
Faisalabad,2024-07-11,37.2,26.5,32.6,10.0,10.9,67,65
Faisalabad,2024-07-12,34.5,28.0,30.0,31.5,24.0,73,65
Faisalabad,2024-07-13,33.8,25.7,30.0,0.2,14.2,73,51
Faisalabad,2024-07-14,34.8,25.2,30.5,5.0,21.8,72,63
Faisalabad,2024-07-15,37.2,27.6,32.2,0.0,9.8,67,0
Faisalabad,2024-07-16,38.0,28.0,33.0,0.0,11.4,63,0
Faisalabad,2024-07-17,38.7,29.5,34.0,0.0,10.5,62,0
Faisalabad,2024-07-18,37.4,28.8,33.0,0.6,19.9,66,53
Faisalabad,2024-07-19,38.7,28.6,33.4,0.7,8.3,64,53
Faisalabad,2024-07-20,38.8,30.6,33.5,5.9,18.6,66,63
Faisalabad,2024-07-21,39.4,29.6,34.6,0.5,14.3,60,51
Faisalabad,2024-07-22,39.9,31.1,35.2,0.0,12.3,58,3
Faisalabad,2024-07-23,39.3,30.6,34.4,0.0,21.0,57,3
Faisalabad,2024-07-24,38.7,27.4,33.9,8.2,15.1,61,63
Faisalabad,2024-07-25,38.7,27.3,33.5,0.9,17.3,63,53
Faisalabad,2024-07-26,39.5,27.0,34.1,0.5,10.4,63,53
Faisalabad,2024-07-27,40.3,29.1,35.3,0.1,24.7,59,51
Faisalabad,2024-07-28,37.8,28.9,33.4,6.8,16.3,70,63
Faisalabad,2024-07-29,35.0,28.6,31.8,1.0,22.4,75,53
Faisalabad,2024-07-30,37.3,28.5,32.5,14.8,16.3,73,65
Faisalabad,2024-07-31,39.3,29.1,34.1,1.7,10.9,67,61
Faisalabad,2024-08-01,32.0,26.5,28.6,34.8,22.7,87,65
Faisalabad,2024-08-02,35.0,25.9,30.1,12.1,12.0,77,63
Faisalabad,2024-08-03,34.8,27.6,30.8,2.0,18.9,76,53
Faisalabad,2024-08-04,33.0,26.6,29.4,14.3,16.1,82,63
Faisalabad,2024-08-05,34.0,26.6,30.6,8.9,9.4,79,63
Faisalabad,2024-08-06,36.0,28.5,32.0,0.6,10.0,67,51
Faisalabad,2024-08-07,35.3,28.2,31.7,0.2,15.5,69,51
Faisalabad,2024-08-08,35.4,27.1,30.7,0.4,15.3,74,51
Faisalabad,2024-08-09,34.5,26.0,30.5,3.1,14.0,75,55
Faisalabad,2024-08-10,36.1,27.5,31.9,0.1,16.1,71,51
Faisalabad,2024-08-11,33.3,25.5,29.7,8.2,16.9,78,63
Faisalabad,2024-08-12,34.2,26.4,30.1,0.3,11.9,75,51
Faisalabad,2024-08-13,36.2,27.2,31.6,0.1,10.1,68,51
Faisalabad,2024-08-14,37.0,27.9,32.7,0.6,13.5,64,51
Faisalabad,2024-08-15,35.2,29.2,31.4,2.1,15.6,72,61
Faisalabad,2024-08-16,34.5,27.0,30.2,3.5,9.8,79,55
Faisalabad,2024-08-17,30.8,25.2,27.5,29.9,17.7,89,65
Faisalabad,2024-08-18,33.7,25.6,29.2,0.0,13.7,82,3
Faisalabad,2024-08-19,33.5,27.1,30.2,0.9,9.7,76,53
Faisalabad,2024-08-20,33.0,25.5,29.5,3.6,15.7,79,61
Faisalabad,2024-08-21,33.7,25.5,29.6,6.9,14.3,78,63
Faisalabad,2024-08-22,33.7,26.8,30.5,0.3,5.8,76,51
Faisalabad,2024-08-23,34.8,26.0,30.8,2.3,15.8,73,61
Faisalabad,2024-08-24,35.6,26.5,31.2,0.5,21.9,70,53
Faisalabad,2024-08-25,35.1,27.4,30.9,0.1,13.6,71,51
Faisalabad,2024-08-26,35.0,27.5,31.5,0.0,12.6,69,3
Faisalabad,2024-08-27,32.5,27.4,29.1,11.9,20.5,76,65
Faisalabad,2024-08-28,30.5,24.6,26.8,23.9,16.6,86,65
Faisalabad,2024-08-29,31.3,24.3,26.3,37.9,20.9,89,65
Faisalabad,2024-08-30,31.0,23.7,26.8,38.7,18.7,86,63
Faisalabad,2024-08-31,33.5,24.0,28.7,0.0,8.9,78,1
Faisalabad,2024-09-01,34.2,25.8,30.1,0.0,8.0,75,0
Faisalabad,2024-09-02,34.2,26.4,29.4,6.9,11.9,80,63
Faisalabad,2024-09-03,31.5,24.3,27.5,24.2,15.2,85,65
Faisalabad,2024-09-04,32.8,24.7,28.2,0.3,6.0,80,51
Faisalabad,2024-09-05,32.8,24.9,28.8,0.3,14.1,78,51
Faisalabad,2024-09-06,33.7,25.3,29.7,0.2,13.4,75,51
Faisalabad,2024-09-07,32.8,25.4,28.8,1.0,14.5,78,55
Faisalabad,2024-09-08,34.0,25.2,29.3,0.0,7.9,74,0
Faisalabad,2024-09-09,35.2,25.3,30.2,0.0,6.6,70,1
Faisalabad,2024-09-10,34.7,25.8,29.9,1.7,12.1,72,61
Faisalabad,2024-09-11,34.7,25.6,29.9,0.0,17.3,74,3
Faisalabad,2024-09-12,37.0,25.8,31.3,0.0,12.7,66,1
Faisalabad,2024-09-13,36.7,26.4,31.0,0.0,14.0,64,0
Faisalabad,2024-09-14,35.2,26.5,30.2,0.0,13.3,63,1
Faisalabad,2024-09-15,34.0,24.9,29.6,0.0,12.6,64,1
Faisalabad,2024-09-16,36.6,25.5,30.4,0.0,7.2,61,1
Faisalabad,2024-09-17,37.0,25.7,30.7,0.0,11.1,55,2
Faisalabad,2024-09-18,37.1,25.4,30.9,0.0,10.5,53,1
Faisalabad,2024-09-19,36.0,25.2,29.6,0.4,15.1,60,51
Faisalabad,2024-09-20,36.5,24.5,30.3,0.0,9.2,56,0
Faisalabad,2024-09-21,36.9,26.5,31.5,0.0,10.4,54,0
Faisalabad,2024-09-22,37.8,27.2,32.3,0.0,11.2,55,0
Faisalabad,2024-09-23,38.7,27.5,32.8,0.0,8.2,54,1
Faisalabad,2024-09-24,38.8,27.8,33.1,0.0,9.8,53,1
Faisalabad,2024-09-25,37.8,28.5,32.9,0.0,10.3,54,3
Faisalabad,2024-09-26,37.0,28.3,31.7,0.0,21.2,62,1
Faisalabad,2024-09-27,34.8,26.0,30.4,0.4,15.0,68,51
Faisalabad,2024-09-28,33.2,23.8,28.4,18.8,21.7,75,65
Faisalabad,2024-09-29,32.7,23.5,28.4,6.1,11.1,75,63
Faisalabad,2024-09-30,34.4,24.7,29.1,0.0,11.2,75,2
Faisalabad,2024-10-01,35.7,24.9,29.9,0.0,9.2,70,0
Faisalabad,2024-10-02,36.2,25.0,29.8,0.0,13.5,67,0
Faisalabad,2024-10-03,35.6,23.2,29.0,0.0,9.8,66,0
Faisalabad,2024-10-04,35.9,24.0,29.1,0.0,12.1,61,0
Faisalabad,2024-10-05,34.8,23.5,27.8,0.6,14.7,64,53
Faisalabad,2024-10-06,34.2,21.7,27.1,0.0,21.1,67,2
Faisalabad,2024-10-07,33.2,21.7,27.6,0.0,7.9,67,3
Faisalabad,2024-10-08,30.2,22.1,25.4,7.7,24.7,75,63
Faisalabad,2024-10-09,32.5,21.1,26.3,0.0,8.2,58,2
Faisalabad,2024-10-10,32.8,20.2,26.6,0.0,8.8,54,0
Faisalabad,2024-10-11,33.8,20.8,27.0,0.0,11.2,52,0
Faisalabad,2024-10-12,34.0,21.4,27.0,0.0,9.8,53,0
Faisalabad,2024-10-13,34.3,21.2,26.8,0.0,10.7,52,0
Faisalabad,2024-10-14,34.3,19.7,26.7,0.0,10.8,50,0
Faisalabad,2024-10-15,34.5,20.8,27.1,0.0,9.7,47,0
Faisalabad,2024-10-16,34.5,20.0,26.3,0.0,11.5,52,3
Faisalabad,2024-10-17,34.8,20.1,26.6,0.0,10.3,53,0
Faisalabad,2024-10-18,34.0,21.0,26.6,0.0,9.5,57,0
Faisalabad,2024-10-19,33.5,20.4,26.3,0.0,9.9,61,0
Faisalabad,2024-10-20,33.2,21.0,26.3,0.0,12.4,60,0
Faisalabad,2024-10-21,33.3,19.8,26.0,0.0,9.4,62,0
Faisalabad,2024-10-22,33.2,19.9,26.0,0.0,11.2,61,0
Faisalabad,2024-10-23,32.7,19.9,26.1,0.2,12.6,60,51
Faisalabad,2024-10-24,33.3,19.9,26.1,0.0,8.8,59,0
Faisalabad,2024-10-25,33.9,20.6,26.5,0.0,11.1,58,0
Faisalabad,2024-10-26,35.1,21.4,27.4,0.0,9.9,57,0
Faisalabad,2024-10-27,34.2,20.9,27.2,0.0,9.4,63,0
Faisalabad,2024-10-28,33.7,21.6,26.9,0.0,12.3,59,1
Faisalabad,2024-10-29,33.8,22.2,27.4,0.0,14.2,59,2
Faisalabad,2024-10-30,31.1,22.5,25.7,0.0,29.3,59,3
Faisalabad,2024-10-31,33.0,20.4,25.6,0.0,12.4,56,0
Faisalabad,2024-11-01,33.3,18.6,25.3,0.0,11.9,47,0
Faisalabad,2024-11-02,32.4,17.1,24.3,0.0,9.1,56,3
Faisalabad,2024-11-03,32.2,18.6,24.4,0.0,8.5,52,2
Faisalabad,2024-11-04,32.2,17.8,24.5,0.0,10.2,55,0
Faisalabad,2024-11-05,31.5,19.5,24.7,0.0,12.2,59,0
Faisalabad,2024-11-06,31.6,18.4,24.3,0.0,8.3,65,0
Faisalabad,2024-11-07,31.1,19.1,24.5,0.0,9.6,68,0
Faisalabad,2024-11-08,30.5,19.2,24.1,0.0,7.9,73,2
Faisalabad,2024-11-09,29.7,19.1,23.5,0.0,8.3,74,0
Faisalabad,2024-11-10,29.9,18.7,23.4,0.0,8.2,75,1
Faisalabad,2024-11-11,29.9,18.7,22.8,0.1,12.4,77,51
Faisalabad,2024-11-12,27.5,17.0,21.9,0.0,9.9,79,1
Faisalabad,2024-11-13,28.4,17.8,22.6,0.0,7.6,73,3
Faisalabad,2024-11-14,29.0,18.2,22.8,0.0,9.8,67,3
Faisalabad,2024-11-15,29.0,17.5,22.1,3.4,20.1,66,61
Faisalabad,2024-11-16,23.5,15.7,19.1,3.0,10.6,82,61
Faisalabad,2024-11-17,24.5,14.9,19.1,0.0,7.3,77,3
Faisalabad,2024-11-18,24.8,14.9,19.1,0.0,6.8,68,3
Faisalabad,2024-11-19,24.5,13.6,18.6,0.0,6.0,69,0
Faisalabad,2024-11-20,24.7,13.2,18.5,0.0,6.2,73,1
Faisalabad,2024-11-21,24.8,13.9,18.8,0.0,7.9,71,0
Faisalabad,2024-11-22,24.7,13.9,18.7,0.0,8.5,70,3
Faisalabad,2024-11-23,24.0,14.4,18.4,0.1,12.3,70,51
Faisalabad,2024-11-24,23.4,14.3,18.1,0.0,12.1,75,1
Faisalabad,2024-11-25,23.9,13.4,18.2,0.0,8.2,70,1
Faisalabad,2024-11-26,24.6,14.0,18.5,0.0,9.2,66,0
Faisalabad,2024-11-27,24.3,12.7,18.2,0.0,5.8,69,0
Faisalabad,2024-11-28,24.5,13.1,18.3,0.0,8.4,71,0
Faisalabad,2024-11-29,24.4,13.4,18.3,0.0,7.9,71,3
Faisalabad,2024-11-30,22.5,13.1,17.7,1.2,8.3,78,51
Faisalabad,2024-12-01,23.5,13.1,17.8,0.0,6.3,72,0
Faisalabad,2024-12-02,24.0,14.5,18.5,0.4,6.9,75,51
Faisalabad,2024-12-03,23.4,13.9,18.1,0.0,8.8,74,3
Faisalabad,2024-12-04,23.0,12.2,16.8,0.0,9.7,59,0
Faisalabad,2024-12-05,23.0,10.3,16.0,0.0,6.9,58,0
Faisalabad,2024-12-06,22.5,10.2,15.7,0.0,7.3,61,0
Faisalabad,2024-12-07,22.1,8.3,15.1,0.0,10.6,63,0
Faisalabad,2024-12-08,15.9,9.8,12.9,0.9,14.3,64,53
Faisalabad,2024-12-09,19.5,8.2,13.1,0.0,7.6,62,0
Faisalabad,2024-12-10,19.0,6.2,12.4,0.0,6.4,58,0
Faisalabad,2024-12-11,19.2,6.4,12.7,0.0,5.8,62,0
Faisalabad,2024-12-12,19.2,6.9,12.5,0.0,5.4,62,2
Faisalabad,2024-12-13,20.1,7.6,12.9,0.0,11.5,54,3
Faisalabad,2024-12-14,20.2,7.3,13.0,0.0,11.0,56,3
Faisalabad,2024-12-15,19.4,7.6,13.0,0.0,8.0,67,3
Faisalabad,2024-12-16,19.1,5.8,12.3,0.0,4.3,68,0
Faisalabad,2024-12-17,19.5,7.3,13.0,0.0,4.9,68,0
Faisalabad,2024-12-18,19.8,7.1,12.9,0.0,5.2,70,3
Faisalabad,2024-12-19,18.9,5.7,12.1,0.0,7.4,73,0
Faisalabad,2024-12-20,18.0,6.8,11.7,0.0,6.4,74,0
Faisalabad,2024-12-21,18.7,6.2,12.2,0.0,6.1,71,3
Faisalabad,2024-12-22,18.5,7.8,12.9,0.0,7.3,71,3
Faisalabad,2024-12-23,16.8,8.5,12.1,0.5,14.7,81,51
Faisalabad,2024-12-24,18.0,6.8,12.2,0.0,7.8,79,3
Faisalabad,2024-12-25,19.3,7.0,12.9,0.0,7.4,73,0
Faisalabad,2024-12-26,20.4,7.8,13.6,0.0,7.3,69,1
Faisalabad,2024-12-27,19.8,7.3,13.1,0.0,9.0,74,3
Faisalabad,2024-12-28,17.0,7.6,11.5,0.0,6.5,90,3
Faisalabad,2024-12-29,18.2,6.9,11.8,0.0,8.9,84,3
Faisalabad,2024-12-30,18.5,8.2,12.4,0.0,8.8,78,3
Faisalabad,2024-12-31,17.5,6.6,11.4,0.0,4.7,85,3
Faisalabad,2025-01-01,17.5,6.6,11.1,0.0,6.0,88,3
Faisalabad,2025-01-02,18.0,8.4,12.2,0.0,6.7,82,3
Faisalabad,2025-01-03,18.2,7.4,12.1,0.0,4.5,82,3
Faisalabad,2025-01-04,18.1,6.7,11.7,0.0,7.1,89,3
Faisalabad,2025-01-05,17.0,7.4,11.6,0.0,6.6,92,3
Faisalabad,2025-01-06,17.5,8.3,12.0,0.0,9.7,87,3
Faisalabad,2025-01-07,19.1,7.2,12.3,0.0,10.3,64,0
Faisalabad,2025-01-08,19.6,7.8,13.0,0.0,10.1,65,0
Faisalabad,2025-01-09,19.8,7.0,12.6,0.0,5.8,75,0
Faisalabad,2025-01-10,18.0,4.9,11.1,0.0,7.6,87,3
Faisalabad,2025-01-11,14.9,6.5,10.2,1.0,10.6,90,53
Faisalabad,2025-01-12,17.5,9.4,12.7,0.0,10.8,82,3
Faisalabad,2025-01-13,18.8,8.4,12.9,0.0,9.4,73,0
Faisalabad,2025-01-14,19.1,8.4,13.2,0.0,10.0,71,3
Faisalabad,2025-01-15,18.9,7.1,12.8,0.0,5.9,75,0
Faisalabad,2025-01-16,18.6,8.1,12.6,0.0,10.3,73,1
Faisalabad,2025-01-17,18.3,7.2,12.2,0.0,7.7,82,3
Faisalabad,2025-01-18,18.5,8.9,12.8,0.0,7.6,74,3
Faisalabad,2025-01-19,17.5,6.7,11.7,0.0,5.1,83,3
Faisalabad,2025-01-20,19.0,7.9,13.0,0.0,9.5,70,3
Faisalabad,2025-01-21,19.9,8.9,13.6,0.0,7.8,69,1
Faisalabad,2025-01-22,20.2,9.8,14.3,0.1,13.7,66,51
Faisalabad,2025-01-23,20.7,9.2,14.5,0.8,9.3,62,53
Faisalabad,2025-01-24,21.6,8.4,14.4,0.0,10.8,45,0
Faisalabad,2025-01-25,22.3,8.4,14.3,0.0,11.3,49,0
Faisalabad,2025-01-26,22.9,8.8,15.0,0.0,9.7,50,0
Faisalabad,2025-01-27,22.5,8.1,14.8,0.0,8.9,60,0
Faisalabad,2025-01-28,22.9,8.6,15.6,0.0,9.3,56,1
Faisalabad,2025-01-29,20.6,10.3,15.3,0.0,11.8,67,3
Faisalabad,2025-01-30,21.4,12.6,16.1,0.0,10.6,57,3
Faisalabad,2025-01-31,22.1,10.1,15.7,0.0,7.2,52,0
Faisalabad,2025-02-01,21.7,9.6,14.9,0.0,11.9,62,1
Faisalabad,2025-02-02,21.8,8.9,15.1,0.0,8.9,66,0
Faisalabad,2025-02-03,22.5,9.4,15.4,0.0,11.3,54,0
Faisalabad,2025-02-04,21.5,9.8,14.9,0.0,10.1,61,0
Faisalabad,2025-02-05,21.6,9.2,15.0,0.0,8.9,55,1
Faisalabad,2025-02-06,21.5,9.0,15.2,0.0,10.6,50,3
Faisalabad,2025-02-07,22.8,10.6,16.4,0.0,11.9,35,3
Faisalabad,2025-02-08,23.7,11.8,17.1,0.1,11.0,47,51
Faisalabad,2025-02-09,24.6,10.3,17.3,0.0,5.7,54,3
Faisalabad,2025-02-10,25.0,11.9,18.2,0.0,10.0,52,3
Faisalabad,2025-02-11,23.4,12.4,17.6,0.0,9.0,60,2
Faisalabad,2025-02-12,24.1,10.7,17.4,0.0,9.4,52,3
Faisalabad,2025-02-13,24.8,11.2,17.5,0.0,9.7,48,3
Faisalabad,2025-02-14,24.5,11.1,17.8,0.0,7.4,50,3
Faisalabad,2025-02-15,24.2,15.2,19.4,1.0,16.2,53,55
Faisalabad,2025-02-16,26.0,14.6,19.6,0.0,10.7,55,3
Faisalabad,2025-02-17,25.8,13.9,19.5,0.0,9.0,56,3
Faisalabad,2025-02-18,26.0,14.2,20.2,0.0,8.9,49,3
Faisalabad,2025-02-19,25.8,14.4,18.7,1.7,16.4,56,53
Faisalabad,2025-02-20,16.5,11.6,14.2,14.1,12.1,89,63
Faisalabad,2025-02-21,19.4,9.6,14.2,0.1,9.0,83,51
Faisalabad,2025-02-22,22.5,11.7,16.9,0.0,10.5,67,3
Faisalabad,2025-02-23,24.5,12.1,17.7,0.0,8.5,65,0
Faisalabad,2025-02-24,25.5,12.2,18.7,0.0,7.0,63,3
Faisalabad,2025-02-25,21.4,14.9,17.6,3.4,14.3,79,55
Faisalabad,2025-02-26,26.8,15.6,20.0,0.7,12.1,74,53
Faisalabad,2025-02-27,21.8,15.6,17.4,7.2,12.4,89,61
Faisalabad,2025-02-28,22.8,14.3,17.5,6.5,12.1,85,63
Faisalabad,2025-03-01,21.5,12.0,16.1,0.0,9.4,83,3
Faisalabad,2025-03-02,23.2,11.6,17.2,0.0,8.7,64,1
Faisalabad,2025-03-03,22.1,13.9,17.0,3.8,12.5,71,61
Faisalabad,2025-03-04,19.8,10.4,14.7,0.6,20.9,73,53
Faisalabad,2025-03-05,23.0,10.4,16.5,0.0,15.7,54,1
Faisalabad,2025-03-06,26.2,11.6,18.7,0.0,10.1,51,3
Faisalabad,2025-03-07,29.0,12.9,20.6,0.0,10.5,48,3
Faisalabad,2025-03-08,30.2,15.8,22.7,0.0,8.4,40,3
Faisalabad,2025-03-09,31.7,16.1,23.9,0.0,12.3,40,3
Faisalabad,2025-03-10,31.9,19.5,24.6,0.0,15.7,47,3
Faisalabad,2025-03-11,27.6,17.6,22.3,0.0,13.5,52,3
Faisalabad,2025-03-12,28.6,17.1,22.6,0.0,15.3,57,3
Faisalabad,2025-03-13,28.5,17.3,22.6,0.4,12.7,55,51
Faisalabad,2025-03-14,24.0,16.8,20.2,2.7,21.1,64,53
Faisalabad,2025-03-15,26.0,14.4,19.3,3.0,11.5,70,61
Faisalabad,2025-03-16,25.9,13.8,20.2,0.1,11.3,61,51
Faisalabad,2025-03-17,29.1,16.0,22.4,0.0,8.8,46,1
Faisalabad,2025-03-18,30.9,17.0,24.0,0.0,8.6,42,3
Faisalabad,2025-03-19,30.1,19.5,23.8,0.0,10.8,44,3
Faisalabad,2025-03-20,30.6,17.1,23.9,0.0,10.1,42,3
Faisalabad,2025-03-21,32.0,17.5,25.4,0.0,12.3,33,0
Faisalabad,2025-03-22,32.5,18.9,25.5,0.0,12.0,35,2
Faisalabad,2025-03-23,34.8,17.6,26.3,0.0,7.6,31,3
Faisalabad,2025-03-24,35.0,18.7,26.9,0.0,11.0,31,2
Faisalabad,2025-03-25,35.5,20.5,27.4,0.0,13.6,35,3
Faisalabad,2025-03-26,35.6,22.1,28.6,0.0,18.9,34,3
Faisalabad,2025-03-27,31.3,19.0,25.7,0.0,19.4,36,1
Faisalabad,2025-03-28,26.9,16.5,21.6,0.0,20.2,15,0
Faisalabad,2025-03-29,29.7,14.9,22.6,0.0,13.2,21,3
Faisalabad,2025-03-30,32.8,17.1,25.1,0.0,10.1,19,2
Faisalabad,2025-03-31,34.2,18.3,26.4,0.0,11.3,18,0
Faisalabad,2025-04-01,34.8,19.1,27.3,0.0,11.5,18,0
Faisalabad,2025-04-02,35.8,20.8,28.5,0.0,14.2,18,2
Faisalabad,2025-04-03,33.0,20.6,26.4,0.0,19.2,25,3
Faisalabad,2025-04-04,34.2,18.9,26.6,0.0,11.7,29,2
Faisalabad,2025-04-05,37.3,21.1,29.5,0.0,10.4,23,2
Faisalabad,2025-04-06,40.2,24.2,32.2,0.0,9.2,23,3
Faisalabad,2025-04-07,41.2,25.4,33.4,0.0,13.2,24,3
Faisalabad,2025-04-08,41.5,26.3,33.0,0.0,20.0,28,3
Faisalabad,2025-04-09,39.8,25.5,32.4,0.0,15.5,30,3
Faisalabad,2025-04-10,39.3,25.6,31.5,0.0,19.0,29,3
Faisalabad,2025-04-11,33.7,24.1,27.8,0.1,19.7,41,51
Faisalabad,2025-04-12,34.8,21.2,28.4,0.0,10.3,40,1
Faisalabad,2025-04-13,37.0,22.5,30.1,0.0,9.0,33,0
Faisalabad,2025-04-14,39.9,25.8,32.8,0.0,11.4,29,0
Faisalabad,2025-04-15,41.0,25.3,33.3,0.0,13.8,29,1
Faisalabad,2025-04-16,41.6,25.1,33.1,0.0,26.2,31,3
Faisalabad,2025-04-17,39.3,24.4,31.8,0.0,12.7,38,1
Faisalabad,2025-04-18,40.2,27.6,33.5,0.1,22.2,32,51
Faisalabad,2025-04-19,40.5,25.6,32.9,0.0,18.2,27,3
Faisalabad,2025-04-20,38.4,23.0,31.0,0.0,18.1,29,0
Faisalabad,2025-04-21,39.7,21.0,31.6,0.0,13.6,17,3
Faisalabad,2025-04-22,39.7,22.9,32.2,0.0,12.8,11,0
Faisalabad,2025-04-23,40.5,24.4,32.9,0.0,11.3,10,2
Faisalabad,2025-04-24,40.3,24.8,32.8,0.0,9.3,11,3
Faisalabad,2025-04-25,41.9,25.0,33.7,0.0,12.5,11,3
Faisalabad,2025-04-26,40.5,25.6,33.5,0.0,14.2,12,2
Faisalabad,2025-04-27,40.7,24.8,33.5,0.0,9.5,15,0
Faisalabad,2025-04-28,42.8,26.5,35.3,0.0,8.1,12,0
Faisalabad,2025-04-29,43.3,27.6,35.6,0.0,10.9,11,0
Faisalabad,2025-04-30,43.2,26.6,35.2,0.0,13.6,17,3
Faisalabad,2025-05-01,40.7,28.2,33.5,0.0,15.0,26,3
Faisalabad,2025-05-02,35.9,24.6,29.1,0.8,19.9,48,53
Faisalabad,2025-05-03,33.4,23.5,28.7,0.0,9.3,54,3
Faisalabad,2025-05-04,31.8,24.2,27.2,6.0,13.5,58,63
Faisalabad,2025-05-05,32.7,21.2,26.9,0.3,9.7,61,51
Faisalabad,2025-05-06,35.0,22.5,28.9,0.0,9.0,50,3
Faisalabad,2025-05-07,37.7,24.8,31.4,0.0,14.7,40,1
Faisalabad,2025-05-08,36.1,26.1,30.0,0.3,20.5,48,51
Faisalabad,2025-05-09,33.2,22.7,28.4,0.2,9.5,61,51
Faisalabad,2025-05-10,37.0,24.5,31.3,0.0,10.7,46,3
Faisalabad,2025-05-11,39.5,26.8,32.6,0.4,17.3,33,51
Faisalabad,2025-05-12,39.9,25.2,32.7,0.0,19.6,32,2
Faisalabad,2025-05-13,39.5,26.0,33.7,0.0,11.1,28,1
Faisalabad,2025-05-14,42.9,26.7,35.2,0.0,11.3,22,2
Faisalabad,2025-05-15,44.2,29.0,37.1,0.0,12.0,20,1
Faisalabad,2025-05-16,43.1,30.1,37.0,0.0,14.2,23,2
Faisalabad,2025-05-17,45.2,29.1,37.7,0.0,9.9,21,0
Faisalabad,2025-05-18,45.3,31.0,38.4,0.0,14.5,20,1
Faisalabad,2025-05-19,41.2,31.7,35.5,0.4,20.2,31,51
Faisalabad,2025-05-20,44.3,28.4,37.3,0.0,10.2,26,3
Faisalabad,2025-05-21,45.9,31.7,38.5,0.0,20.4,22,3
Faisalabad,2025-05-22,43.3,30.1,36.7,0.0,12.2,30,1
Faisalabad,2025-05-23,42.1,29.6,35.7,0.0,18.8,37,3
Faisalabad,2025-05-24,36.0,24.9,31.3,8.4,31.2,53,63
Faisalabad,2025-05-25,37.3,24.2,30.9,0.0,11.2,53,1
Faisalabad,2025-05-26,39.8,27.1,34.0,0.0,9.7,37,0
Faisalabad,2025-05-27,41.2,29.9,35.9,0.0,14.0,33,3
Faisalabad,2025-05-28,42.2,28.8,36.1,0.0,15.3,29,3
Faisalabad,2025-05-29,42.7,30.4,37.1,0.1,15.0,23,51
Faisalabad,2025-05-30,40.8,28.5,35.5,0.0,17.0,24,1
Faisalabad,2025-05-31,40.5,28.2,33.2,0.0,25.6,33,2
Faisalabad,2025-06-01,38.1,26.5,32.7,0.0,14.4,27,1
Faisalabad,2025-06-02,38.8,27.1,33.3,0.0,14.3,23,3
Faisalabad,2025-06-03,37.5,25.9,31.1,0.0,16.1,37,2
Faisalabad,2025-06-04,36.2,24.2,30.4,0.0,12.9,44,2
Faisalabad,2025-06-05,38.9,25.6,32.4,0.0,11.3,35,1
Faisalabad,2025-06-06,41.8,28.8,35.3,0.0,13.1,31,0
Faisalabad,2025-06-07,44.3,30.8,37.8,0.0,13.1,27,1
Faisalabad,2025-06-08,46.0,32.8,39.5,0.0,12.4,22,1
Faisalabad,2025-06-09,46.8,32.6,40.1,0.0,12.8,18,1
Faisalabad,2025-06-10,46.5,33.5,40.0,0.0,14.7,16,0
Faisalabad,2025-06-11,46.6,33.7,40.1,0.0,13.2,17,1
Faisalabad,2025-06-12,46.3,33.3,40.1,0.0,16.2,18,3
Faisalabad,2025-06-13,46.6,34.0,40.2,0.0,17.0,20,3
Faisalabad,2025-06-14,43.3,31.4,37.4,0.0,13.7,33,3
Faisalabad,2025-06-15,42.7,32.0,36.9,0.0,17.9,33,3
Faisalabad,2025-06-16,35.6,30.5,32.4,0.0,11.9,48,3
Faisalabad,2025-06-17,38.4,29.6,33.3,0.5,14.4,52,53
Faisalabad,2025-06-18,41.0,28.1,34.7,0.0,10.7,46,1
Faisalabad,2025-06-19,42.2,30.5,36.4,0.0,14.2,43,0
Faisalabad,2025-06-20,41.8,31.8,36.8,0.0,15.1,43,3
Faisalabad,2025-06-21,41.8,31.5,36.6,0.0,13.4,48,3
Faisalabad,2025-06-22,37.0,27.6,32.3,9.6,21.2,70,63
Faisalabad,2025-06-23,38.2,28.7,33.2,0.0,9.8,70,3
Faisalabad,2025-06-24,39.3,28.6,34.2,0.0,11.8,65,2
Faisalabad,2025-06-25,38.3,30.6,33.9,1.6,17.3,70,61
Faisalabad,2025-06-26,32.8,26.7,29.3,8.0,12.4,83,63
Faisalabad,2025-06-27,34.8,25.8,30.4,2.5,10.6,80,61
Faisalabad,2025-06-28,37.1,27.8,32.8,0.4,10.6,71,51
Faisalabad,2025-06-29,38.4,28.5,33.1,0.1,12.9,66,51
Faisalabad,2025-06-30,37.7,27.6,32.1,6.6,22.4,70,63
Faisalabad,2025-07-01,35.3,29.0,32.3,0.0,14.8,71,3
Faisalabad,2025-07-02,36.5,26.7,31.8,6.5,13.9,72,63
Faisalabad,2025-07-03,36.2,28.8,32.0,0.3,12.3,72,51
Faisalabad,2025-07-04,37.2,29.0,32.8,0.5,11.1,70,51
Faisalabad,2025-07-05,40.2,29.6,34.9,0.0,11.3,61,3
Faisalabad,2025-07-06,37.8,30.0,33.1,0.0,13.5,67,3
Faisalabad,2025-07-07,36.7,28.0,32.3,0.7,13.0,70,51
Faisalabad,2025-07-08,33.0,26.4,29.7,18.0,10.1,82,65
Faisalabad,2025-07-09,34.2,26.1,29.7,8.0,13.5,81,63
Faisalabad,2025-07-10,32.8,25.4,28.8,8.8,19.2,79,63
Faisalabad,2025-07-11,34.5,25.5,30.2,0.7,8.8,75,51
Faisalabad,2025-07-12,34.8,25.4,30.9,3.3,9.4,72,63
Faisalabad,2025-07-13,35.0,27.4,31.0,0.4,12.4,73,51
Faisalabad,2025-07-14,32.0,26.4,28.5,8.4,10.1,81,63
Faisalabad,2025-07-15,31.1,24.6,27.2,7.2,14.1,86,63
Faisalabad,2025-07-16,29.7,24.7,27.1,39.8,16.6,90,63
Faisalabad,2025-07-17,32.5,26.1,29.0,5.7,14.7,83,61
Faisalabad,2025-07-18,33.5,26.6,29.6,3.4,10.8,83,61
Faisalabad,2025-07-19,35.6,27.5,31.3,0.0,7.6,76,3
Faisalabad,2025-07-20,34.9,27.5,31.0,0.0,11.0,73,3
Faisalabad,2025-07-21,34.8,27.6,31.1,0.2,11.6,74,51
Faisalabad,2025-07-22,35.0,27.2,30.7,0.7,14.1,78,51
Faisalabad,2025-07-23,33.5,25.5,28.9,18.2,11.9,87,63
Faisalabad,2025-07-24,32.8,24.4,28.2,28.7,12.9,85,65
Faisalabad,2025-07-25,33.7,25.6,29.7,0.7,7.6,82,51
Faisalabad,2025-07-26,35.4,27.6,31.3,0.0,7.5,77,3
Faisalabad,2025-07-27,36.2,28.5,32.3,0.0,6.8,74,3
Faisalabad,2025-07-28,37.0,29.0,32.9,0.0,7.8,73,3
Faisalabad,2025-07-29,36.8,27.0,32.7,0.0,15.1,73,3
Faisalabad,2025-07-30,36.2,27.4,30.4,14.2,18.3,78,65
Faisalabad,2025-07-31,35.0,26.4,30.4,1.2,10.2,77,53
Faisalabad,2025-08-01,31.6,26.9,29.1,0.4,11.6,83,51
Faisalabad,2025-08-02,36.3,26.9,31.5,0.0,7.4,72,3
Faisalabad,2025-08-03,38.4,28.1,33.4,0.0,11.3,62,1
Faisalabad,2025-08-04,38.2,29.1,33.9,0.0,13.5,56,3
Faisalabad,2025-08-05,38.5,30.1,34.2,0.1,13.5,52,51
Faisalabad,2025-08-06,38.5,28.8,34.0,0.0,12.9,49,3
Faisalabad,2025-08-07,39.2,29.5,34.6,0.0,13.2,49,1
Faisalabad,2025-08-08,39.5,30.0,34.8,0.0,12.6,49,1
Faisalabad,2025-08-09,39.2,29.2,33.3,0.2,12.3,58,51
Faisalabad,2025-08-10,38.8,27.8,33.4,2.9,12.5,61,53
Faisalabad,2025-08-11,40.0,29.9,34.8,0.0,13.7,50,3
Faisalabad,2025-08-12,33.7,28.6,31.4,0.0,12.9,66,3
Faisalabad,2025-08-13,38.7,27.3,32.9,0.0,10.9,62,3
Faisalabad,2025-08-14,35.4,27.9,30.6,1.6,17.4,71,55
Faisalabad,2025-08-15,35.5,27.2,30.7,0.0,8.3,72,3
Faisalabad,2025-08-16,37.3,27.5,32.6,0.1,10.3,64,51
Faisalabad,2025-08-17,36.5,29.2,32.8,0.8,15.4,66,53
Faisalabad,2025-08-18,33.8,26.4,29.8,5.2,10.4,79,61
Faisalabad,2025-08-19,34.2,25.5,29.6,3.0,8.6,80,61
Faisalabad,2025-08-20,33.8,24.9,29.6,3.4,12.8,77,61
Faisalabad,2025-08-21,35.2,25.6,30.6,0.0,7.7,71,1
Faisalabad,2025-08-22,37.2,28.2,32.9,0.7,8.0,62,51
Faisalabad,2025-08-23,38.2,28.3,32.3,10.9,13.7,65,63
Faisalabad,2025-08-24,30.4,25.8,27.8,5.7,10.5,82,63
Faisalabad,2025-08-25,32.6,24.5,27.5,0.0,16.1,80,3
Faisalabad,2025-08-26,32.0,24.1,27.6,0.7,11.2,76,51
Faisalabad,2025-08-27,32.1,25.0,28.3,5.2,10.6,81,61
Faisalabad,2025-08-28,34.8,25.6,30.1,0.8,8.0,73,51
Faisalabad,2025-08-29,35.0,27.3,30.7,1.7,13.2,74,61
Faisalabad,2025-08-30,30.0,24.0,27.0,30.1,13.1,88,65
Faisalabad,2025-08-31,29.2,24.4,26.2,31.0,10.4,90,65
Faisalabad,2025-09-01,31.5,24.1,27.2,1.5,11.9,82,55
Faisalabad,2025-09-02,30.2,23.9,26.4,0.5,15.3,80,51
Faisalabad,2025-09-03,29.5,23.4,26.2,0.4,11.1,83,51
Faisalabad,2025-09-04,31.0,23.4,27.0,0.6,10.4,83,53
Faisalabad,2025-09-05,33.2,23.9,28.6,0.0,5.3,81,3
Faisalabad,2025-09-06,32.2,26.4,29.3,0.4,8.7,77,51
Faisalabad,2025-09-07,30.5,26.4,28.0,1.9,14.2,84,53
Faisalabad,2025-09-08,29.9,24.4,26.6,7.8,12.1,89,61
Faisalabad,2025-09-09,32.0,24.2,28.1,0.5,8.6,85,51
Faisalabad,2025-09-10,32.8,26.0,29.2,0.0,9.5,77,0
Faisalabad,2025-09-11,32.6,24.7,28.6,0.0,9.9,79,0
Faisalabad,2025-09-12,32.8,25.3,28.9,0.0,9.3,78,1
Faisalabad,2025-09-13,33.9,26.0,29.8,0.0,8.4,75,1
Faisalabad,2025-09-14,35.0,26.2,30.5,0.0,8.3,70,0
Faisalabad,2025-09-15,36.2,26.8,31.5,0.0,10.1,64,1
Faisalabad,2025-09-16,36.8,27.0,32.1,0.0,11.0,56,0
Faisalabad,2025-09-17,38.2,28.1,33.1,0.0,8.8,50,1
Faisalabad,2025-09-18,37.2,28.5,32.9,0.0,13.4,53,1
Faisalabad,2025-09-19,36.2,24.1,31.2,0.4,14.4,58,51
Faisalabad,2025-09-20,37.3,27.0,31.8,0.0,8.8,58,1
Faisalabad,2025-09-21,37.6,27.3,32.1,0.0,10.8,55,0
Faisalabad,2025-09-22,37.2,26.1,31.9,0.0,11.3,51,0
Faisalabad,2025-09-23,37.0,26.1,31.4,0.0,9.4,52,0
Faisalabad,2025-09-24,36.8,26.0,31.3,0.0,10.3,55,0
Faisalabad,2025-09-25,36.5,26.6,31.3,0.0,10.2,55,1
Faisalabad,2025-09-26,37.0,26.6,31.6,0.0,5.9,54,0
Faisalabad,2025-09-27,37.7,26.9,31.9,0.0,7.7,52,0
Faisalabad,2025-09-28,36.5,26.5,31.5,0.0,8.5,52,0
Faisalabad,2025-09-29,36.8,26.0,31.4,0.0,9.0,57,1
Faisalabad,2025-09-30,36.8,27.1,31.6,0.2,12.9,61,51
Faisalabad,2025-10-01,35.4,27.2,31.3,0.0,10.9,56,1
Faisalabad,2025-10-02,36.5,27.3,31.8,0.0,11.5,52,1
Faisalabad,2025-10-03,33.1,25.4,29.7,1.1,14.9,62,53
Faisalabad,2025-10-04,35.2,25.6,29.5,0.0,15.1,57,2
Faisalabad,2025-10-05,29.3,20.4,25.4,4.0,14.9,66,63
Faisalabad,2025-10-06,25.1,18.5,21.6,17.9,13.8,83,65
Faisalabad,2025-10-07,25.7,18.4,21.5,0.0,8.3,77,3
Faisalabad,2025-10-08,27.3,18.2,22.5,0.0,8.2,71,0
Faisalabad,2025-10-09,28.9,19.3,23.6,0.0,8.9,63,0
Faisalabad,2025-10-10,30.2,19.8,24.7,0.0,6.8,61,0
Faisalabad,2025-10-11,31.5,20.3,26.0,0.0,9.4,54,0
Faisalabad,2025-10-12,32.3,21.5,26.6,0.0,8.9,50,0
Faisalabad,2025-10-13,32.7,20.6,26.7,0.0,10.0,45,0
Faisalabad,2025-10-14,32.8,21.4,26.7,0.0,10.8,48,0
Faisalabad,2025-10-15,32.2,21.8,26.6,0.0,8.8,49,0
Faisalabad,2025-10-16,32.3,21.8,26.8,0.0,4.9,55,0
Faisalabad,2025-10-17,32.4,22.1,27.1,0.0,7.7,56,0
Faisalabad,2025-10-18,32.5,21.5,26.8,0.0,6.9,56,0
Faisalabad,2025-10-19,33.0,20.7,26.5,0.0,8.5,52,0
Faisalabad,2025-10-20,33.3,20.2,26.6,0.0,8.3,48,1
Faisalabad,2025-10-21,31.8,21.4,26.2,0.0,7.2,45,1
Faisalabad,2025-10-22,32.2,20.6,26.3,0.0,9.3,44,0
Faisalabad,2025-10-23,32.3,20.8,26.2,0.0,6.8,45,0
Faisalabad,2025-10-24,31.7,20.1,25.6,0.0,7.0,54,0
Faisalabad,2025-10-25,32.2,20.2,25.8,0.0,7.0,52,0
Faisalabad,2025-10-26,32.0,20.4,25.7,0.0,8.0,53,0
Faisalabad,2025-10-27,31.2,20.3,25.5,0.0,7.9,54,0
Faisalabad,2025-10-28,30.3,20.6,25.2,0.0,7.2,60,0
Faisalabad,2025-10-29,30.2,21.1,25.3,0.0,6.0,60,0
Faisalabad,2025-10-30,30.2,20.6,25.0,0.0,7.2,61,0
Faisalabad,2025-10-31,30.9,20.0,25.2,0.0,7.2,54,0
Faisalabad,2025-11-01,31.5,19.2,25.0,0.0,6.6,55,0
Faisalabad,2025-11-02,31.1,19.1,24.5,0.0,9.2,53,0
Faisalabad,2025-11-03,31.0,18.5,24.1,0.0,8.0,57,0
Faisalabad,2025-11-04,30.0,17.5,22.9,0.0,17.6,51,3
Faisalabad,2025-11-05,26.5,16.3,20.9,0.0,12.9,49,0
Faisalabad,2025-11-06,27.9,15.3,20.9,0.0,13.5,36,0
Faisalabad,2025-11-07,27.9,15.6,20.9,0.0,9.3,40,0
Faisalabad,2025-11-08,27.5,13.1,20.2,0.0,5.7,45,0
Faisalabad,2025-11-09,27.2,13.2,19.9,0.0,6.2,49,0
Faisalabad,2025-11-10,27.4,13.1,19.8,0.0,7.4,50,0
Faisalabad,2025-11-11,27.1,13.6,20.1,0.0,8.1,50,0
Faisalabad,2025-11-12,26.9,13.3,19.8,0.0,6.0,50,0
Faisalabad,2025-11-13,27.0,13.1,19.5,0.0,7.2,47,0
Faisalabad,2025-11-14,27.3,12.4,19.5,0.0,6.4,51,0
Faisalabad,2025-11-15,27.5,12.9,19.4,0.0,8.3,50,0
Faisalabad,2025-11-16,26.0,11.8,18.8,0.0,5.8,56,1
Faisalabad,2025-11-17,26.5,11.7,18.8,0.0,9.5,56,3
Faisalabad,2025-11-18,26.4,12.8,18.9,0.0,9.2,54,3
Faisalabad,2025-11-19,25.6,13.7,19.0,0.0,8.3,54,3
Faisalabad,2025-11-20,25.4,13.4,18.9,0.0,7.2,57,0
Faisalabad,2025-11-21,25.0,13.1,18.7,0.0,6.1,57,0
Faisalabad,2025-11-22,25.4,12.1,18.5,0.0,7.0,55,0
Faisalabad,2025-11-23,24.8,11.6,17.9,0.0,6.3,57,0
Faisalabad,2025-11-24,24.9,11.4,17.8,0.0,7.0,57,0
Faisalabad,2025-11-25,24.0,11.1,17.2,0.0,8.0,58,0
Faisalabad,2025-11-26,23.0,10.1,16.3,0.0,6.3,63,0
Faisalabad,2025-11-27,22.6,9.6,16.0,0.0,6.7,61,0
Faisalabad,2025-11-28,22.8,9.0,15.6,0.0,6.3,56,0
Faisalabad,2025-11-29,22.7,8.6,15.4,0.0,5.8,51,0
Faisalabad,2025-11-30,22.5,8.9,15.4,0.0,5.3,47,3
Faisalabad,2025-12-01,23.0,8.6,15.7,0.0,6.5,52,3
Faisalabad,2025-12-02,22.4,8.7,15.1,0.0,6.0,56,0
Faisalabad,2025-12-03,21.8,8.1,15.0,0.0,5.4,55,3
Faisalabad,2025-12-04,22.6,9.2,15.6,0.0,7.9,46,3
Faisalabad,2025-12-05,22.8,8.6,15.5,0.0,7.2,51,3
Faisalabad,2025-12-06,23.5,10.3,16.5,0.0,9.7,49,3
Faisalabad,2025-12-07,23.7,9.6,16.3,0.0,8.6,53,1
Faisalabad,2025-12-08,24.8,9.4,17.0,0.0,8.6,52,0
Faisalabad,2025-12-09,25.2,11.9,17.9,0.0,9.9,46,3
Faisalabad,2025-12-10,24.5,10.2,17.2,0.0,5.4,55,3
Faisalabad,2025-12-11,24.1,9.9,16.8,0.0,5.8,59,0
Faisalabad,2025-12-12,23.2,9.6,16.4,0.0,7.7,63,3
Faisalabad,2025-12-13,20.6,11.4,15.7,0.0,9.3,79,3
Faisalabad,2025-12-14,22.0,11.9,16.5,0.0,8.6,78,3
Faisalabad,2025-12-15,22.8,10.5,16.6,0.0,6.6,73,3
Faisalabad,2025-12-16,24.0,12.1,17.6,0.0,10.3,58,3
Faisalabad,2025-12-17,25.1,12.1,18.3,0.0,9.7,57,3
Faisalabad,2025-12-18,23.2,12.1,17.6,0.0,7.3,64,3
Faisalabad,2025-12-19,22.4,11.4,17.0,0.0,6.8,70,3
Faisalabad,2025-12-20,22.2,11.6,16.5,0.0,8.3,72,3
Faisalabad,2025-12-21,20.8,13.0,15.9,0.0,12.0,84,3
Faisalabad,2025-12-22,20.9,10.6,15.2,0.0,7.9,85,3
Faisalabad,2025-12-23,21.0,12.1,15.7,0.0,11.9,73,0
Faisalabad,2025-12-24,22.2,9.9,15.4,0.0,11.2,53,2
Faisalabad,2025-12-25,22.6,8.9,15.7,0.0,9.0,59,3
Faisalabad,2025-12-26,21.9,11.0,16.1,0.0,5.9,61,3
Faisalabad,2025-12-27,20.5,9.8,14.9,0.0,7.8,66,3
Faisalabad,2025-12-28,19.9,7.6,13.6,0.0,6.3,78,3
Faisalabad,2025-12-29,19.9,6.3,13.4,0.0,5.4,79,3
Faisalabad,2025-12-30,20.1,10.4,14.4,0.0,8.2,77,3
Faisalabad,2025-12-31,16.2,10.6,13.0,1.9,11.1,85,53
Faisalabad,2026-01-01,15.8,10.4,12.8,0.1,11.4,86,51
Faisalabad,2026-01-02,17.1,9.4,12.4,0.0,7.9,88,3
Faisalabad,2026-01-03,17.8,9.0,12.9,0.0,8.3,81,3
Faisalabad,2026-01-04,17.6,8.3,12.3,0.0,7.8,87,3
Faisalabad,2026-01-05,17.0,7.8,12.2,0.4,6.5,86,51
Faisalabad,2026-01-06,17.2,8.6,12.0,0.0,7.4,81,0
Faisalabad,2026-01-07,17.4,7.2,11.3,0.0,7.1,82,3
Faisalabad,2026-01-08,15.3,5.8,9.6,0.0,6.9,87,3
Faisalabad,2026-01-09,12.3,6.2,8.3,0.0,5.4,91,3
Faisalabad,2026-01-10,13.1,3.5,7.4,0.0,6.9,90,3
Faisalabad,2026-01-11,13.8,2.4,7.8,0.0,8.8,87,3
Faisalabad,2026-01-12,14.9,4.1,9.0,0.0,7.6,79,3
Faisalabad,2026-01-13,15.3,4.6,9.3,0.0,5.4,82,3
Faisalabad,2026-01-14,16.4,4.4,10.2,0.0,8.6,79,0
Faisalabad,2026-01-15,17.3,4.9,10.8,0.0,6.7,84,3
Faisalabad,2026-01-16,16.4,6.8,10.9,0.0,9.6,88,3
Faisalabad,2026-01-17,17.0,6.2,10.8,0.0,8.0,89,3
Faisalabad,2026-01-18,18.6,6.1,11.4,0.0,5.0,87,3
Faisalabad,2026-01-19,19.1,7.1,12.5,0.0,5.4,86,3
Faisalabad,2026-01-20,20.1,6.9,13.4,0.0,3.9,79,3
Faisalabad,2026-01-21,20.1,8.6,14.2,0.0,8.1,72,0
Faisalabad,2026-01-22,20.2,8.9,14.0,4.2,16.3,75,63
Faisalabad,2026-01-23,13.6,6.3,10.7,3.7,22.4,65,55
Faisalabad,2026-01-24,13.8,3.5,8.5,0.0,10.0,74,3
Faisalabad,2026-01-25,17.5,5.7,11.3,0.0,8.9,68,3
Faisalabad,2026-01-26,17.0,8.4,12.0,0.5,8.0,71,51
Faisalabad,2026-01-27,17.0,10.1,12.6,1.0,10.2,83,53
Faisalabad,2026-01-28,18.5,7.1,12.4,0.0,6.3,79,3
Faisalabad,2026-01-29,19.4,8.1,13.2,0.0,7.5,67,3
Faisalabad,2026-01-30,20.8,9.1,14.6,0.0,4.9,61,3
Faisalabad,2026-01-31,19.9,9.6,14.5,0.0,5.4,59,3
Faisalabad,2026-02-01,19.6,8.9,14.0,0.3,7.7,67,51
Faisalabad,2026-02-02,20.6,8.6,14.5,0.0,6.7,66,3
Faisalabad,2026-02-03,21.6,9.8,15.6,0.0,8.1,58,3
Faisalabad,2026-02-04,22.8,8.9,15.6,0.0,8.6,59,3
Faisalabad,2026-02-05,23.6,10.1,16.5,0.0,9.1,52,1
Faisalabad,2026-02-06,24.8,12.2,17.9,0.0,8.1,58,3
Faisalabad,2026-02-07,23.8,12.9,17.9,0.0,12.4,48,3
Faisalabad,2026-02-08,25.0,10.9,17.7,0.0,8.5,49,3
Faisalabad,2026-02-09,24.5,13.4,18.5,0.0,11.6,56,3
Faisalabad,2026-02-10,22.1,13.1,17.2,0.0,15.3,62,3
Faisalabad,2026-02-11,24.0,12.3,17.6,0.0,10.6,60,3
Faisalabad,2026-02-12,26.1,11.9,18.5,0.0,9.4,50,3
Faisalabad,2026-02-13,26.1,12.4,19.1,0.0,6.9,57,3
Faisalabad,2026-02-14,27.3,13.3,20.3,0.0,7.2,53,3
Faisalabad,2026-02-15,28.0,14.0,20.7,0.0,8.7,54,3
Faisalabad,2026-02-16,28.0,14.6,21.3,0.0,9.4,49,2
Faisalabad,2026-02-17,25.8,15.9,19.7,0.0,13.0,62,3
Faisalabad,2026-02-18,25.7,15.6,19.5,0.5,13.4,62,51
Faisalabad,2026-02-19,26.6,13.5,20.3,0.0,5.6,60,0
Faisalabad,2026-02-20,27.8,14.6,21.2,0.0,7.8,52,0
Faisalabad,2026-02-21,27.2,14.9,21.2,0.0,9.9,54,0
Faisalabad,2026-02-22,28.5,15.1,21.7,0.0,9.2,53,0
Faisalabad,2026-02-23,28.9,14.9,21.9,0.0,7.7,53,1
Faisalabad,2026-02-24,28.9,15.3,22.0,0.0,8.3,52,1
Faisalabad,2026-02-25,29.3,15.9,22.5,0.0,10.0,47,0
Faisalabad,2026-02-26,29.4,16.0,22.5,0.0,7.8,47,0
Faisalabad,2026-02-27,28.8,15.9,21.8,0.0,11.3,52,3
Faisalabad,2026-02-28,29.5,16.9,23.0,0.0,8.5,51,0
Faisalabad,2026-03-01,30.1,16.4,23.4,0.0,8.9,48,2
Faisalabad,2026-03-02,31.4,16.6,24.1,0.0,8.6,43,3
Faisalabad,2026-03-03,32.5,19.1,25.3,0.0,9.7,43,3
Faisalabad,2026-03-04,33.2,18.9,25.8,0.0,8.9,49,0
Faisalabad,2026-03-05,34.5,20.4,27.2,0.0,9.3,53,3
Faisalabad,2026-03-06,34.4,20.0,26.9,0.0,11.7,46,3
Faisalabad,2026-03-07,33.7,19.8,26.2,0.0,10.7,44,3
Faisalabad,2026-03-08,33.8,20.9,27.1,0.0,7.4,59,3
Faisalabad,2026-03-09,34.2,21.9,27.9,0.0,14.8,51,3
Faisalabad,2026-03-10,33.0,22.0,26.8,0.0,12.3,55,3
Faisalabad,2026-03-11,31.6,21.8,25.8,0.2,17.5,61,51
Faisalabad,2026-03-12,27.2,19.4,22.9,5.3,14.4,74,63
Faisalabad,2026-03-13,28.6,18.4,23.1,0.0,10.9,66,3
Faisalabad,2026-03-14,29.3,17.4,23.3,0.0,8.1,60,3
Faisalabad,2026-03-15,24.8,15.8,19.8,7.8,16.6,72,63
Faisalabad,2026-03-16,22.6,14.4,18.0,3.2,16.8,67,63
Faisalabad,2026-03-17,26.0,14.1,20.0,0.0,8.8,59,3
Faisalabad,2026-03-18,20.4,16.3,17.8,4.0,13.2,79,61
Faisalabad,2026-03-19,20.5,14.8,17.6,1.3,12.1,82,53
Faisalabad,2026-03-20,23.0,14.1,18.4,0.2,15.4,80,51
Faisalabad,2026-03-21,23.5,13.9,18.7,1.0,11.2,79,51
Faisalabad,2026-03-22,27.6,16.5,22.2,0.2,10.0,60,51
Faisalabad,2026-03-23,30.0,18.4,24.2,0.0,9.1,49,2
Faisalabad,2026-03-24,32.0,19.0,25.3,0.0,10.3,45,3
Faisalabad,2026-03-25,31.9,20.1,24.5,0.3,20.2,52,51
Faisalabad,2026-03-26,27.8,18.9,22.8,0.4,13.4,66,51
Faisalabad,2026-03-27,29.9,18.0,24.1,0.0,9.3,57,3
Faisalabad,2026-03-28,30.8,19.5,25.5,3.9,14.4,49,63
Faisalabad,2026-03-29,27.7,19.6,23.3,13.9,14.9,74,63
Faisalabad,2026-03-30,27.2,17.8,21.6,7.6,19.5,80,63
Faisalabad,2026-03-31,27.5,17.0,22.1,1.4,13.4,72,61
Faisalabad,2026-04-01,28.4,17.6,23.0,0.0,12.1,66,3
Faisalabad,2026-04-02,30.0,19.5,24.7,0.3,11.2,61,51
Faisalabad,2026-04-03,24.6,17.2,19.8,13.9,12.2,84,63
Faisalabad,2026-04-04,24.9,15.6,18.8,11.6,19.4,82,65
Faisalabad,2026-04-05,25.3,15.2,20.5,0.1,7.6,69,51
Faisalabad,2026-04-06,28.0,16.5,22.5,0.0,10.3,60,3
Faisalabad,2026-04-07,19.9,14.8,18.0,9.3,11.7,84,63
Faisalabad,2026-04-08,22.8,13.6,17.7,0.3,10.0,79,51
Faisalabad,2026-04-09,24.5,14.1,19.1,7.1,9.6,72,63
Faisalabad,2026-04-10,27.3,15.6,21.8,0.0,16.3,64,3
Faisalabad,2026-04-11,27.4,16.8,22.0,6.0,15.9,70,63
Faisalabad,2026-04-12,29.5,17.1,23.4,0.0,7.4,62,2
Faisalabad,2026-04-13,31.4,18.6,25.3,0.0,7.3,53,3
Faisalabad,2026-04-14,33.5,19.6,26.9,0.0,6.2,51,0
Faisalabad,2026-04-15,35.8,21.2,28.8,0.0,12.4,46,3
Faisalabad,2026-04-16,38.2,23.2,30.8,0.0,16.8,37,3
Faisalabad,2026-04-17,34.7,24.8,28.8,0.0,20.0,37,3
Faisalabad,2026-04-18,34.7,22.4,28.6,0.0,16.0,41,3
Faisalabad,2026-04-19,33.7,22.0,28.1,0.0,14.6,45,3
Faisalabad,2026-04-20,36.7,23.1,30.2,0.0,10.2,36,3
Faisalabad,2026-04-21,38.1,24.2,31.6,0.0,12.3,32,3
Faisalabad,2026-04-22,40.2,24.4,32.8,0.0,10.2,29,3
Hyderabad,2024-04-22,38.9,24.5,31.5,0.0,23.1,40,1
Hyderabad,2024-04-23,40.0,24.1,31.5,0.0,25.4,46,0
Hyderabad,2024-04-24,40.2,23.7,31.8,0.0,25.8,45,2
Hyderabad,2024-04-25,39.3,25.0,31.5,0.0,27.7,45,3
Hyderabad,2024-04-26,38.9,25.5,31.5,0.0,31.3,46,3
Hyderabad,2024-04-27,38.2,24.5,31.4,0.0,25.0,45,3
Hyderabad,2024-04-28,40.2,25.2,32.6,0.0,26.9,38,3
Hyderabad,2024-04-29,39.4,25.9,32.9,0.0,23.2,23,0
Hyderabad,2024-04-30,38.5,23.3,31.3,0.0,19.3,18,0
Hyderabad,2024-05-01,37.3,22.3,30.4,0.0,14.9,12,1
Hyderabad,2024-05-02,40.5,20.5,31.6,0.0,20.6,17,3
Hyderabad,2024-05-03,40.0,27.3,32.5,0.0,25.1,37,3
Hyderabad,2024-05-04,39.7,27.1,32.6,0.0,31.5,40,3
Hyderabad,2024-05-05,40.8,26.4,33.2,0.0,27.6,41,3
Hyderabad,2024-05-06,43.0,27.0,34.4,0.0,24.5,39,0
Hyderabad,2024-05-07,45.0,27.9,35.8,0.0,29.4,34,1
Hyderabad,2024-05-08,45.0,28.0,35.9,0.0,25.7,34,1
Hyderabad,2024-05-09,43.8,28.2,35.4,0.0,24.4,41,1
Hyderabad,2024-05-10,40.8,26.3,33.0,0.0,24.5,53,0
Hyderabad,2024-05-11,39.0,25.9,32.4,0.0,22.5,56,3
Hyderabad,2024-05-12,41.0,26.2,33.6,0.0,25.6,50,3
Hyderabad,2024-05-13,42.6,27.5,34.5,0.0,23.6,45,2
Hyderabad,2024-05-14,41.5,26.9,34.2,0.0,20.8,42,3
Hyderabad,2024-05-15,43.2,28.9,36.1,0.0,21.7,34,3
Hyderabad,2024-05-16,43.7,28.8,36.2,0.0,20.6,28,0
Hyderabad,2024-05-17,45.2,29.1,37.1,0.0,23.3,24,0
Hyderabad,2024-05-18,44.3,29.5,36.7,0.0,32.6,25,0
Hyderabad,2024-05-19,42.0,28.3,34.9,0.0,29.6,34,0
Hyderabad,2024-05-20,43.2,28.0,34.8,0.0,29.1,51,2
Hyderabad,2024-05-21,47.3,29.2,37.2,0.0,34.0,38,0
Hyderabad,2024-05-22,48.0,30.8,38.0,0.0,40.4,34,3
Hyderabad,2024-05-23,48.2,30.6,37.9,0.0,44.0,31,3
Hyderabad,2024-05-24,46.8,30.5,37.4,0.0,31.2,35,0
Hyderabad,2024-05-25,46.5,29.2,36.9,0.0,23.7,45,1
Hyderabad,2024-05-26,49.0,28.8,37.4,0.0,29.5,46,0
Hyderabad,2024-05-27,49.0,29.9,37.3,0.0,33.8,44,2
Hyderabad,2024-05-28,48.1,29.2,36.9,0.0,33.1,46,0
Hyderabad,2024-05-29,48.1,28.1,37.6,0.0,29.0,37,0
Hyderabad,2024-05-30,47.4,28.1,36.9,0.0,27.7,47,0
Hyderabad,2024-05-31,43.4,28.5,34.6,0.0,28.1,60,3
Hyderabad,2024-06-01,44.0,28.0,35.0,0.0,25.1,56,3
Hyderabad,2024-06-02,42.0,28.4,34.3,0.0,24.5,58,1
Hyderabad,2024-06-03,40.3,27.5,32.7,0.0,28.8,59,0
Hyderabad,2024-06-04,38.5,27.1,32.0,0.0,34.8,61,0
Hyderabad,2024-06-05,37.8,27.9,32.2,0.0,36.7,60,0
Hyderabad,2024-06-06,40.3,28.0,33.4,0.0,36.0,60,0
Hyderabad,2024-06-07,41.5,28.0,33.9,0.0,28.0,56,1
Hyderabad,2024-06-08,41.5,27.4,33.5,0.2,25.1,55,51
Hyderabad,2024-06-09,40.8,27.5,33.7,0.0,24.9,55,3
Hyderabad,2024-06-10,41.8,27.7,33.9,0.0,26.7,54,1
Hyderabad,2024-06-11,40.4,27.9,33.1,0.4,28.8,58,51
Hyderabad,2024-06-12,39.1,27.9,32.7,0.0,32.3,59,0
Hyderabad,2024-06-13,39.4,28.5,32.9,0.0,32.7,59,0
Hyderabad,2024-06-14,39.5,28.7,33.1,0.0,32.1,60,1
Hyderabad,2024-06-15,39.6,28.7,33.6,0.1,24.4,60,51
Hyderabad,2024-06-16,41.0,28.9,33.9,0.0,26.8,60,2
Hyderabad,2024-06-17,39.8,28.6,33.2,0.0,26.1,59,0
Hyderabad,2024-06-18,39.8,28.9,33.2,0.0,31.8,60,2
Hyderabad,2024-06-19,40.7,28.6,33.4,0.0,33.9,62,3
Hyderabad,2024-06-20,41.4,28.5,33.8,0.0,32.3,62,3
Hyderabad,2024-06-21,40.1,28.4,33.9,0.1,24.7,59,51
Hyderabad,2024-06-22,41.5,29.9,35.6,0.0,18.6,53,3
Hyderabad,2024-06-23,44.7,30.5,37.3,0.0,20.9,42,2
Hyderabad,2024-06-24,46.3,31.5,38.9,0.0,21.7,33,3
Hyderabad,2024-06-25,46.2,31.2,38.5,0.0,25.2,37,3
Hyderabad,2024-06-26,42.4,29.6,35.7,0.2,25.1,52,51
Hyderabad,2024-06-27,43.2,31.9,35.1,0.5,30.8,56,51
Hyderabad,2024-06-28,37.5,30.0,33.5,0.7,21.6,63,51
Hyderabad,2024-06-29,38.7,30.5,34.3,0.0,20.2,58,3
Hyderabad,2024-06-30,40.5,30.1,34.8,0.0,24.2,59,3
Hyderabad,2024-07-01,42.5,31.0,35.5,0.0,28.5,58,3
Hyderabad,2024-07-02,40.7,30.0,34.3,0.0,29.3,60,3
Hyderabad,2024-07-03,40.8,30.2,34.5,0.0,27.4,61,3
Hyderabad,2024-07-04,40.0,29.5,34.0,0.0,25.5,61,3
Hyderabad,2024-07-05,38.7,29.4,33.2,0.0,29.1,61,3
Hyderabad,2024-07-06,38.7,29.5,33.4,0.0,33.7,61,3
Hyderabad,2024-07-07,43.2,29.5,34.4,0.6,32.2,64,51
Hyderabad,2024-07-08,38.5,30.4,33.9,4.9,19.6,63,63
Hyderabad,2024-07-09,37.2,30.2,32.5,3.1,16.2,73,61
Hyderabad,2024-07-10,37.5,29.5,32.8,0.0,19.5,74,3
Hyderabad,2024-07-11,36.9,28.9,32.0,0.0,32.8,73,3
Hyderabad,2024-07-12,37.0,28.9,32.0,0.0,38.9,69,3
Hyderabad,2024-07-13,37.8,28.5,32.2,0.1,32.1,69,51
Hyderabad,2024-07-14,39.2,28.8,33.0,0.0,29.5,66,3
Hyderabad,2024-07-15,39.7,29.4,34.4,0.0,20.1,59,3
Hyderabad,2024-07-16,43.0,30.4,36.3,0.1,20.0,50,51
Hyderabad,2024-07-17,40.2,30.9,35.2,0.0,17.4,58,3
Hyderabad,2024-07-18,40.5,31.5,35.3,0.0,23.8,59,3
Hyderabad,2024-07-19,39.0,30.1,33.7,0.7,20.0,63,53
Hyderabad,2024-07-20,36.7,30.5,32.8,23.9,18.7,73,65
Hyderabad,2024-07-21,40.1,29.7,34.2,1.9,14.0,64,61
Hyderabad,2024-07-22,39.6,30.6,33.8,8.7,25.2,67,63
Hyderabad,2024-07-23,38.0,29.7,33.0,0.0,29.6,68,3
Hyderabad,2024-07-24,36.2,29.5,32.1,0.0,28.8,68,3
Hyderabad,2024-07-25,38.6,28.1,32.5,0.0,25.3,67,3
Hyderabad,2024-07-26,39.5,28.8,33.1,0.0,27.4,66,3
Hyderabad,2024-07-27,38.7,29.0,33.0,0.0,26.8,66,3
Hyderabad,2024-07-28,38.0,28.8,33.0,0.0,22.2,65,3
Hyderabad,2024-07-29,36.3,29.2,31.9,8.3,20.3,72,63
Hyderabad,2024-07-30,35.8,27.3,30.5,7.4,16.2,78,61
Hyderabad,2024-07-31,32.9,27.9,30.2,5.6,22.4,80,63
Hyderabad,2024-08-01,33.8,28.0,30.5,0.0,34.1,77,3
Hyderabad,2024-08-02,33.3,28.0,30.2,1.0,28.0,78,51
Hyderabad,2024-08-03,32.5,27.4,29.0,13.0,19.7,83,61
Hyderabad,2024-08-04,34.0,27.1,29.8,0.0,26.0,76,3
Hyderabad,2024-08-05,33.5,27.0,29.7,0.6,17.9,77,51
Hyderabad,2024-08-06,31.2,27.0,28.8,0.1,25.6,79,51
Hyderabad,2024-08-07,32.2,27.2,29.2,0.0,33.2,76,3
Hyderabad,2024-08-08,34.2,26.9,30.0,0.0,27.4,72,3
Hyderabad,2024-08-09,36.2,27.0,31.0,0.3,30.6,70,51
Hyderabad,2024-08-10,37.0,27.5,31.2,0.0,30.9,68,3
Hyderabad,2024-08-11,36.8,27.6,31.1,0.0,33.8,68,3
Hyderabad,2024-08-12,35.2,27.2,30.8,0.0,30.2,71,3
Hyderabad,2024-08-13,37.2,28.0,31.8,0.4,24.0,68,51
Hyderabad,2024-08-14,37.9,27.8,32.0,0.2,26.3,67,51
Hyderabad,2024-08-15,36.5,28.2,31.4,0.0,26.5,68,3
Hyderabad,2024-08-16,35.8,27.6,30.9,0.1,26.7,68,51
Hyderabad,2024-08-17,28.7,26.8,27.7,26.2,22.9,86,63
Hyderabad,2024-08-18,32.5,26.6,29.0,1.2,24.0,78,51
Hyderabad,2024-08-19,33.0,26.2,29.2,1.0,23.5,77,51
Hyderabad,2024-08-20,33.8,26.5,29.6,0.4,27.7,74,51
Hyderabad,2024-08-21,34.6,27.0,30.3,0.2,22.4,72,51
Hyderabad,2024-08-22,35.8,26.9,30.7,0.2,21.1,71,51
Hyderabad,2024-08-23,37.5,27.0,31.4,0.0,23.5,65,3
Hyderabad,2024-08-24,38.2,26.9,31.1,3.3,21.3,69,61
Hyderabad,2024-08-25,37.6,27.5,32.2,0.1,20.2,63,51
Hyderabad,2024-08-26,37.1,28.1,30.6,19.4,25.2,71,63
Hyderabad,2024-08-27,32.0,26.5,28.4,14.5,30.3,82,63
Hyderabad,2024-08-28,29.8,25.4,26.6,49.0,31.1,90,63
Hyderabad,2024-08-29,29.9,26.0,26.8,37.4,33.5,90,65
Hyderabad,2024-08-30,31.1,25.5,27.7,4.7,33.8,77,63
Hyderabad,2024-08-31,32.1,25.2,27.6,2.8,20.5,81,61
Hyderabad,2024-09-01,32.5,24.8,28.5,0.2,13.2,80,51
Hyderabad,2024-09-02,32.5,25.1,28.6,0.0,15.1,77,3
Hyderabad,2024-09-03,33.5,25.8,29.3,5.3,13.0,75,63
Hyderabad,2024-09-04,32.1,25.5,27.9,14.1,18.1,84,63
Hyderabad,2024-09-05,33.7,26.0,29.1,0.0,24.8,77,2
Hyderabad,2024-09-06,34.4,25.8,29.0,0.0,25.7,77,3
Hyderabad,2024-09-07,33.7,25.2,28.6,0.0,21.6,78,2
Hyderabad,2024-09-08,33.7,25.1,28.7,0.0,20.2,78,3
Hyderabad,2024-09-09,33.7,25.2,28.7,0.0,22.9,78,0
Hyderabad,2024-09-10,33.9,24.8,28.6,0.0,24.2,76,2
Hyderabad,2024-09-11,34.7,24.4,29.1,0.0,21.1,76,0
Hyderabad,2024-09-12,34.7,25.6,29.0,0.0,27.9,74,3
Hyderabad,2024-09-13,33.9,24.9,28.4,0.0,35.3,72,1
Hyderabad,2024-09-14,34.5,24.9,28.6,0.0,33.7,69,0
Hyderabad,2024-09-15,34.8,24.9,28.8,0.0,29.1,69,1
Hyderabad,2024-09-16,35.7,24.6,29.1,0.0,29.7,69,1
Hyderabad,2024-09-17,35.8,25.1,29.6,0.0,22.2,70,1
Hyderabad,2024-09-18,36.2,24.5,29.6,0.0,21.2,72,0
Hyderabad,2024-09-19,37.8,24.8,30.8,0.0,18.7,66,1
Hyderabad,2024-09-20,38.8,26.6,31.7,0.0,24.1,60,0
Hyderabad,2024-09-21,37.3,25.8,30.5,0.0,27.0,66,2
Hyderabad,2024-09-22,37.8,25.9,30.8,0.0,23.8,64,0
Hyderabad,2024-09-23,37.5,26.3,30.9,0.0,23.2,65,3
Hyderabad,2024-09-24,37.5,26.5,31.0,0.0,24.6,66,3
Hyderabad,2024-09-25,38.0,26.1,31.1,0.0,23.4,65,3
Hyderabad,2024-09-26,38.5,26.1,31.6,0.0,21.1,62,3
Hyderabad,2024-09-27,39.5,27.3,32.5,0.0,24.8,59,3
Hyderabad,2024-09-28,38.4,26.9,31.7,0.0,26.5,63,3
Hyderabad,2024-09-29,37.8,26.8,31.3,0.0,25.2,63,3
Hyderabad,2024-09-30,38.7,26.5,31.9,0.0,19.9,58,3
Hyderabad,2024-10-01,39.7,26.0,32.0,0.0,21.5,58,0
Hyderabad,2024-10-02,39.8,26.4,31.8,0.0,26.5,63,1
Hyderabad,2024-10-03,38.9,26.4,31.1,0.0,28.6,66,0
Hyderabad,2024-10-04,37.9,26.5,30.5,0.0,29.2,68,0
Hyderabad,2024-10-05,37.0,25.6,30.5,0.0,25.3,67,0
Hyderabad,2024-10-06,36.0,25.6,30.5,0.0,19.9,65,2
Hyderabad,2024-10-07,37.4,26.0,31.4,0.0,9.7,51,0
Hyderabad,2024-10-08,38.5,27.2,32.7,0.0,12.6,36,0
Hyderabad,2024-10-09,38.1,26.2,32.2,0.0,9.4,39,1
Hyderabad,2024-10-10,39.2,26.8,32.6,0.0,13.4,33,1
Hyderabad,2024-10-11,39.0,25.3,32.1,0.0,14.8,34,0
Hyderabad,2024-10-12,38.4,24.6,31.3,0.0,12.4,37,3
Hyderabad,2024-10-13,35.9,26.5,31.3,0.0,12.2,49,3
Hyderabad,2024-10-14,33.7,27.4,30.4,0.0,13.8,56,3
Hyderabad,2024-10-15,38.2,26.7,32.7,0.0,8.8,41,3
Hyderabad,2024-10-16,38.7,26.3,32.5,0.0,18.8,41,3
Hyderabad,2024-10-17,38.6,26.5,32.4,0.0,15.4,42,3
Hyderabad,2024-10-18,38.8,26.2,32.4,0.0,11.8,46,0
Hyderabad,2024-10-19,39.5,27.0,33.2,0.0,13.3,37,3
Hyderabad,2024-10-20,39.2,28.0,33.0,0.0,13.6,30,0
Hyderabad,2024-10-21,39.9,25.9,32.3,0.0,18.0,34,3
Hyderabad,2024-10-22,39.0,24.9,31.9,0.0,13.6,37,1
Hyderabad,2024-10-23,38.6,24.6,31.3,0.0,11.4,38,0
Hyderabad,2024-10-24,38.4,24.4,31.2,0.0,9.2,35,0
Hyderabad,2024-10-25,40.2,25.5,32.2,0.0,11.3,30,3
Hyderabad,2024-10-26,41.5,24.3,32.2,0.0,21.7,38,0
Hyderabad,2024-10-27,41.2,24.1,32.3,0.0,19.8,42,3
Hyderabad,2024-10-28,41.4,25.6,32.8,0.0,19.0,34,0
Hyderabad,2024-10-29,38.9,24.5,30.8,0.0,20.6,58,0
Hyderabad,2024-10-30,39.0,24.0,30.3,0.0,24.2,57,0
Hyderabad,2024-10-31,37.5,22.9,30.1,0.0,15.4,49,0
Hyderabad,2024-11-01,38.2,25.5,31.3,0.0,16.5,36,0
Hyderabad,2024-11-02,38.2,24.9,30.8,0.0,20.1,44,0
Hyderabad,2024-11-03,36.5,22.9,29.1,0.0,12.4,59,3
Hyderabad,2024-11-04,36.5,23.2,29.7,0.0,14.4,45,0
Hyderabad,2024-11-05,36.6,24.5,30.2,0.0,19.0,39,0
Hyderabad,2024-11-06,37.3,22.6,29.8,0.0,15.9,37,0
Hyderabad,2024-11-07,36.7,22.8,29.3,0.0,20.0,51,0
Hyderabad,2024-11-08,35.7,23.6,28.9,0.0,18.0,65,0
Hyderabad,2024-11-09,35.3,22.6,28.5,0.0,15.9,61,0
Hyderabad,2024-11-10,35.4,22.1,28.6,0.0,19.6,58,0
Hyderabad,2024-11-11,34.7,22.1,28.4,0.0,19.7,59,0
Hyderabad,2024-11-12,34.2,22.8,28.1,0.0,14.9,61,0
Hyderabad,2024-11-13,33.9,22.2,27.6,0.0,8.3,52,0
Hyderabad,2024-11-14,33.7,21.8,27.5,0.0,11.0,38,0
Hyderabad,2024-11-15,33.5,20.8,26.9,0.0,8.7,38,0
Hyderabad,2024-11-16,32.7,20.3,26.2,0.0,8.8,43,0
Hyderabad,2024-11-17,32.7,20.0,26.2,0.0,9.9,49,0
Hyderabad,2024-11-18,31.9,20.4,25.7,0.0,7.4,49,0
Hyderabad,2024-11-19,33.0,19.1,25.7,0.0,10.5,51,0
Hyderabad,2024-11-20,31.4,19.4,25.0,0.0,8.8,52,0
Hyderabad,2024-11-21,32.1,18.1,25.2,0.0,10.5,44,0
Hyderabad,2024-11-22,31.9,19.3,25.4,0.0,9.5,52,0
Hyderabad,2024-11-23,32.2,20.1,25.8,0.0,8.6,56,0
Hyderabad,2024-11-24,31.2,19.5,25.0,0.0,9.4,60,3
Hyderabad,2024-11-25,30.6,17.8,24.1,0.0,7.0,50,0
Hyderabad,2024-11-26,32.8,18.5,25.3,0.0,7.5,45,0
Hyderabad,2024-11-27,32.2,19.2,25.3,0.0,6.9,53,0
Hyderabad,2024-11-28,31.6,19.4,25.0,0.0,9.1,61,0
Hyderabad,2024-11-29,30.9,18.8,24.7,0.0,8.7,57,0
Hyderabad,2024-11-30,28.8,19.0,23.3,0.0,10.9,55,0
Hyderabad,2024-12-01,29.0,18.1,23.0,0.0,9.9,53,0
Hyderabad,2024-12-02,28.8,17.8,23.1,0.0,11.7,52,0
Hyderabad,2024-12-03,27.7,18.3,22.8,0.0,15.8,58,0
Hyderabad,2024-12-04,28.0,17.9,22.4,0.0,13.7,57,1
Hyderabad,2024-12-05,29.7,16.0,22.7,0.0,9.1,53,3
Hyderabad,2024-12-06,27.6,16.1,21.4,0.0,8.2,60,3
Hyderabad,2024-12-07,27.0,14.4,20.4,0.0,9.1,65,0
Hyderabad,2024-12-08,25.8,13.9,19.0,0.0,12.5,45,0
Hyderabad,2024-12-09,24.4,12.4,17.6,0.0,12.3,39,0
Hyderabad,2024-12-10,23.5,10.7,16.9,0.0,10.2,47,0
Hyderabad,2024-12-11,23.9,11.1,17.0,0.0,10.9,50,0
Hyderabad,2024-12-12,22.6,11.7,16.9,0.0,14.7,41,0
Hyderabad,2024-12-13,22.6,10.1,16.0,0.0,15.1,41,2
Hyderabad,2024-12-14,22.9,10.1,16.1,0.0,12.3,43,0
Hyderabad,2024-12-15,24.0,10.9,16.8,0.0,11.5,44,0
Hyderabad,2024-12-16,24.0,11.5,17.2,0.0,12.4,44,0
Hyderabad,2024-12-17,23.5,12.1,17.4,0.0,15.1,44,3
Hyderabad,2024-12-18,23.2,12.1,17.0,0.0,14.1,44,3
Hyderabad,2024-12-19,23.2,11.4,17.0,0.0,12.7,46,3
Hyderabad,2024-12-20,22.1,10.9,16.3,0.0,17.4,47,3
Hyderabad,2024-12-21,22.1,9.8,15.5,0.0,12.5,48,1
Hyderabad,2024-12-22,23.0,11.4,16.7,0.0,12.6,49,0
Hyderabad,2024-12-23,22.7,11.4,16.5,0.0,10.5,50,0
Hyderabad,2024-12-24,21.5,11.2,16.0,0.0,15.8,60,0
Hyderabad,2024-12-25,21.5,10.4,15.8,0.0,16.6,57,0
Hyderabad,2024-12-26,21.9,11.1,16.0,0.0,16.5,55,0
Hyderabad,2024-12-27,22.5,11.5,16.3,0.0,13.5,49,0
Hyderabad,2024-12-28,25.0,9.6,16.3,0.0,6.8,44,0
Hyderabad,2024-12-29,22.6,8.8,15.7,0.0,13.5,51,2
Hyderabad,2024-12-30,22.5,10.1,15.8,0.0,12.0,52,1
Hyderabad,2024-12-31,23.2,11.0,16.6,0.0,11.1,54,3
Hyderabad,2025-01-01,23.4,11.2,16.8,0.0,13.4,56,3
Hyderabad,2025-01-02,23.3,12.3,17.0,0.0,13.1,60,3
Hyderabad,2025-01-03,23.5,11.6,16.8,0.0,11.2,63,3
Hyderabad,2025-01-04,23.0,11.6,17.2,0.0,10.9,65,0
Hyderabad,2025-01-05,22.5,11.6,16.6,0.0,10.6,53,0
Hyderabad,2025-01-06,22.4,10.4,15.9,0.0,12.8,48,0
Hyderabad,2025-01-07,22.5,9.3,15.3,0.0,11.4,47,0
Hyderabad,2025-01-08,24.0,7.6,15.5,0.0,4.2,50,0
Hyderabad,2025-01-09,24.5,7.8,15.9,0.0,9.3,56,0
Hyderabad,2025-01-10,22.3,12.6,16.9,0.0,15.0,56,3
Hyderabad,2025-01-11,24.3,13.4,18.1,0.0,13.0,47,0
Hyderabad,2025-01-12,22.8,10.1,15.7,0.0,12.2,59,0
Hyderabad,2025-01-13,20.9,9.8,14.8,0.0,14.0,67,2
Hyderabad,2025-01-14,22.0,9.6,15.2,0.0,10.5,70,0
Hyderabad,2025-01-15,22.5,10.9,16.2,0.0,13.1,64,0
Hyderabad,2025-01-16,23.1,10.6,16.7,0.0,10.9,61,0
Hyderabad,2025-01-17,22.5,11.4,16.4,0.0,15.5,55,0
Hyderabad,2025-01-18,22.4,11.0,16.0,0.0,13.6,53,0
Hyderabad,2025-01-19,23.0,11.4,16.7,0.0,13.2,51,1
Hyderabad,2025-01-20,23.3,11.9,17.2,0.0,13.6,53,0
Hyderabad,2025-01-21,24.0,12.9,17.7,0.0,12.2,55,0
Hyderabad,2025-01-22,25.0,11.9,18.1,0.0,10.7,58,0
Hyderabad,2025-01-23,24.0,13.2,18.3,0.0,18.6,43,0
Hyderabad,2025-01-24,24.3,11.6,17.5,0.0,15.0,41,0
Hyderabad,2025-01-25,24.5,11.4,17.5,0.0,11.6,39,0
Hyderabad,2025-01-26,25.5,9.0,16.9,0.0,5.9,47,0
Hyderabad,2025-01-27,26.5,8.8,17.3,0.0,6.3,49,0
Hyderabad,2025-01-28,29.2,10.6,19.7,0.0,13.1,43,0
Hyderabad,2025-01-29,28.4,14.9,20.9,0.0,16.1,56,3
Hyderabad,2025-01-30,25.5,14.9,19.6,0.0,16.0,39,2
Hyderabad,2025-01-31,24.5,12.7,18.0,0.0,9.9,42,0
Hyderabad,2025-02-01,24.9,11.8,18.0,0.0,12.3,38,0
Hyderabad,2025-02-02,25.4,12.9,18.5,0.0,13.8,37,0
Hyderabad,2025-02-03,25.1,12.2,18.2,0.0,12.3,39,0
Hyderabad,2025-02-04,26.2,13.1,19.4,0.0,8.9,47,0
Hyderabad,2025-02-05,25.0,10.9,17.9,0.0,9.0,42,0
Hyderabad,2025-02-06,25.5,12.0,18.1,0.0,12.9,40,2
Hyderabad,2025-02-07,25.8,12.8,18.6,0.0,12.8,37,3
Hyderabad,2025-02-08,27.5,13.4,19.5,0.0,11.9,40,3
Hyderabad,2025-02-09,28.2,12.4,19.9,0.0,10.3,39,3
Hyderabad,2025-02-10,30.8,13.4,22.2,0.0,15.9,30,3
Hyderabad,2025-02-11,29.5,17.4,22.9,0.0,14.6,57,3
Hyderabad,2025-02-12,28.6,16.6,22.2,0.0,11.4,42,1
Hyderabad,2025-02-13,31.1,15.1,23.2,0.0,13.6,38,0
Hyderabad,2025-02-14,36.0,17.9,26.2,0.0,16.4,33,3
Hyderabad,2025-02-15,34.5,21.0,27.3,0.0,19.5,40,3
Hyderabad,2025-02-16,34.5,18.6,26.2,0.0,18.0,48,3
Hyderabad,2025-02-17,31.0,19.8,25.1,0.0,12.6,42,3
Hyderabad,2025-02-18,32.7,19.1,25.6,0.0,12.5,39,3
Hyderabad,2025-02-19,33.4,23.0,27.2,0.0,23.7,38,3
Hyderabad,2025-02-20,31.5,17.8,24.7,0.0,9.7,43,0
Hyderabad,2025-02-21,28.3,19.0,23.1,0.0,12.8,39,3
Hyderabad,2025-02-22,29.0,16.6,22.3,0.0,13.7,48,0
Hyderabad,2025-02-23,31.4,16.7,23.9,0.0,9.6,43,2
Hyderabad,2025-02-24,32.0,18.2,24.7,0.0,9.4,51,3
Hyderabad,2025-02-25,31.0,19.9,25.1,0.0,10.6,50,3
Hyderabad,2025-02-26,34.0,20.5,27.0,0.0,12.6,35,3
Hyderabad,2025-02-27,30.0,21.1,25.4,0.0,13.2,38,3
Hyderabad,2025-02-28,31.9,20.8,25.2,0.0,22.3,64,3
Hyderabad,2025-03-01,31.5,19.0,25.0,0.0,15.4,54,3
Hyderabad,2025-03-02,31.4,19.0,24.8,0.0,16.4,50,0
Hyderabad,2025-03-03,32.3,20.5,25.8,0.0,15.9,44,0
Hyderabad,2025-03-04,28.2,17.2,22.5,0.0,14.8,23,1
Hyderabad,2025-03-05,28.8,11.6,20.6,0.0,12.0,28,0
Hyderabad,2025-03-06,36.0,17.3,26.4,0.0,11.8,22,0
Hyderabad,2025-03-07,36.3,19.2,27.3,0.0,14.7,28,0
Hyderabad,2025-03-08,34.7,20.5,27.4,0.0,10.2,31,0
Hyderabad,2025-03-09,36.7,19.5,28.2,0.0,8.4,34,3
Hyderabad,2025-03-10,39.0,23.0,30.7,0.0,13.5,23,3
Hyderabad,2025-03-11,36.5,22.7,29.4,0.0,12.1,34,3
Hyderabad,2025-03-12,37.5,20.4,29.0,0.0,17.4,34,3
Hyderabad,2025-03-13,37.4,22.6,29.8,0.0,18.7,35,1
Hyderabad,2025-03-14,36.1,23.9,29.1,0.0,23.1,39,3
Hyderabad,2025-03-15,32.8,22.1,26.7,0.0,14.3,41,3
Hyderabad,2025-03-16,32.7,19.6,26.0,0.0,11.3,35,0
Hyderabad,2025-03-17,33.7,17.3,25.9,0.0,12.2,32,3
Hyderabad,2025-03-18,34.0,19.5,27.1,0.0,14.9,22,3
Hyderabad,2025-03-19,34.0,20.1,27.0,0.0,18.8,31,0
Hyderabad,2025-03-20,35.0,20.5,27.6,0.0,18.2,39,0
Hyderabad,2025-03-21,35.5,21.7,28.3,0.0,11.4,25,0
Hyderabad,2025-03-22,37.8,22.4,29.4,0.0,19.1,31,0
Hyderabad,2025-03-23,38.3,22.0,29.7,0.0,14.8,30,0
Hyderabad,2025-03-24,37.3,23.8,30.2,0.0,15.6,18,0
Hyderabad,2025-03-25,35.9,21.8,28.2,0.0,18.1,39,3
Hyderabad,2025-03-26,35.1,22.5,27.8,0.0,20.0,54,0
Hyderabad,2025-03-27,33.0,20.2,26.3,0.0,16.2,39,0
Hyderabad,2025-03-28,31.9,18.9,25.0,0.0,17.1,18,3
Hyderabad,2025-03-29,33.0,19.8,25.7,0.0,12.8,18,3
Hyderabad,2025-03-30,35.5,19.1,27.1,0.0,16.1,19,0
Hyderabad,2025-03-31,37.0,19.9,28.5,0.0,9.8,21,0
Hyderabad,2025-04-01,37.4,20.3,29.0,0.0,9.7,24,0
Hyderabad,2025-04-02,38.5,20.0,29.5,0.0,14.0,23,0
Hyderabad,2025-04-03,40.5,22.6,31.0,0.0,18.2,25,0
Hyderabad,2025-04-04,37.6,22.1,30.0,0.0,17.0,30,0
Hyderabad,2025-04-05,41.3,22.2,31.5,0.0,17.2,28,0
Hyderabad,2025-04-06,43.5,27.2,34.1,0.0,22.5,20,0
Hyderabad,2025-04-07,41.5,26.9,32.7,0.0,22.0,30,1
Hyderabad,2025-04-08,39.7,24.5,31.0,0.0,20.6,40,3
Hyderabad,2025-04-09,38.7,23.5,30.4,0.0,22.0,43,3
Hyderabad,2025-04-10,39.7,25.0,30.4,0.0,20.8,48,3
Hyderabad,2025-04-11,39.7,23.9,30.6,0.0,19.9,56,2
Hyderabad,2025-04-12,41.8,24.0,32.1,0.0,22.2,45,1
Hyderabad,2025-04-13,41.2,25.5,32.2,0.0,20.6,42,0
Hyderabad,2025-04-14,43.2,27.0,33.2,0.0,24.3,40,0
Hyderabad,2025-04-15,44.0,26.2,33.3,0.0,24.2,49,1
Hyderabad,2025-04-16,42.5,25.9,33.1,0.0,20.0,49,2
Hyderabad,2025-04-17,42.5,27.0,33.5,0.0,21.1,39,0
Hyderabad,2025-04-18,40.2,26.7,32.5,0.0,26.7,39,0
Hyderabad,2025-04-19,40.8,25.0,32.0,0.0,20.8,44,0
Hyderabad,2025-04-20,39.5,22.7,32.0,0.0,15.9,26,0
Hyderabad,2025-04-21,38.7,24.2,31.6,0.0,14.8,19,0
Hyderabad,2025-04-22,40.0,22.6,32.0,0.0,14.6,20,1
Hyderabad,2025-04-23,41.8,23.5,32.9,0.0,19.6,23,0
Hyderabad,2025-04-24,42.0,25.4,32.8,0.0,19.7,35,0
Hyderabad,2025-04-25,43.2,25.2,32.8,0.0,19.7,44,1
Hyderabad,2025-04-26,43.2,26.4,34.1,0.0,19.7,29,0
Hyderabad,2025-04-27,43.4,27.5,34.2,0.0,23.0,33,1
Hyderabad,2025-04-28,43.0,27.0,34.2,0.0,18.2,39,1
Hyderabad,2025-04-29,43.1,27.1,34.7,0.0,19.5,32,0
Hyderabad,2025-04-30,42.9,28.4,34.8,0.0,23.2,30,2
Hyderabad,2025-05-01,41.6,28.5,34.1,0.0,22.8,37,3
Hyderabad,2025-05-02,41.6,27.5,33.3,0.0,17.6,47,3
Hyderabad,2025-05-03,42.1,26.4,32.6,0.1,16.8,53,51
Hyderabad,2025-05-04,40.0,25.9,31.8,0.2,20.0,57,51
Hyderabad,2025-05-05,37.3,24.2,30.1,0.0,16.6,58,3
Hyderabad,2025-05-06,38.8,25.6,32.5,0.0,13.4,42,3
Hyderabad,2025-05-07,40.4,27.0,33.7,0.0,14.2,47,1
Hyderabad,2025-05-08,38.0,27.0,32.8,0.0,14.5,53,3
Hyderabad,2025-05-09,39.4,25.8,32.0,0.0,16.4,54,3
Hyderabad,2025-05-10,40.5,27.1,33.6,0.0,19.3,46,1
Hyderabad,2025-05-11,40.9,27.0,33.0,0.0,18.3,53,2
Hyderabad,2025-05-12,38.7,26.5,31.8,0.0,19.7,64,3
Hyderabad,2025-05-13,38.5,25.5,31.4,0.0,22.0,65,3
Hyderabad,2025-05-14,41.0,26.3,33.0,0.0,20.0,60,3
Hyderabad,2025-05-15,42.0,26.2,33.5,0.0,16.6,58,2
Hyderabad,2025-05-16,41.7,25.8,33.0,0.0,19.4,57,2
Hyderabad,2025-05-17,40.8,26.2,32.7,0.0,18.9,59,3
Hyderabad,2025-05-18,40.9,27.1,32.9,0.0,20.0,59,0
Hyderabad,2025-05-19,39.7,26.6,32.2,0.0,22.6,60,0
Hyderabad,2025-05-20,40.0,26.8,32.7,0.0,20.8,60,0
Hyderabad,2025-05-21,40.8,27.1,32.9,0.0,19.0,61,0
Hyderabad,2025-05-22,40.7,26.9,32.9,0.0,21.2,60,0
Hyderabad,2025-05-23,42.5,26.6,33.2,0.0,21.1,57,2
Hyderabad,2025-05-24,41.4,27.1,33.7,0.0,21.1,57,0
Hyderabad,2025-05-25,44.4,27.8,35.4,0.0,19.1,56,2
Hyderabad,2025-05-26,45.5,29.1,36.8,0.0,19.0,46,1
Hyderabad,2025-05-27,44.0,30.1,35.5,0.0,20.7,50,0
Hyderabad,2025-05-28,43.0,27.8,34.7,0.0,20.6,59,3
Hyderabad,2025-05-29,46.2,28.0,35.7,0.0,24.8,48,1
Hyderabad,2025-05-30,43.8,29.1,36.1,0.0,22.7,30,0
Hyderabad,2025-05-31,43.3,28.2,34.1,0.0,25.4,54,0
Hyderabad,2025-06-01,42.8,27.7,34.4,0.0,21.8,54,3
Hyderabad,2025-06-02,40.5,27.5,33.2,0.1,21.9,58,51
Hyderabad,2025-06-03,38.4,27.5,32.4,0.0,22.5,57,1
Hyderabad,2025-06-04,38.0,26.9,31.9,0.0,21.5,63,3
Hyderabad,2025-06-05,38.6,27.0,32.2,0.0,19.7,60,2
Hyderabad,2025-06-06,40.0,27.1,32.5,0.0,20.2,58,0
Hyderabad,2025-06-07,40.3,26.9,32.5,0.0,22.6,56,0
Hyderabad,2025-06-08,39.8,26.5,32.2,0.0,22.1,58,0
Hyderabad,2025-06-09,39.1,26.8,31.7,0.0,22.5,59,0
Hyderabad,2025-06-10,38.7,26.9,31.8,0.0,22.6,61,0
Hyderabad,2025-06-11,39.6,27.6,32.8,0.0,22.0,60,1
Hyderabad,2025-06-12,42.5,27.6,33.5,0.0,20.8,60,3
Hyderabad,2025-06-13,42.8,27.6,34.3,0.0,17.9,59,3
Hyderabad,2025-06-14,42.4,28.0,34.8,0.0,16.4,58,2
Hyderabad,2025-06-15,40.8,28.1,33.5,3.7,29.5,58,63
Hyderabad,2025-06-16,39.2,30.5,34.6,0.0,11.1,52,3
Hyderabad,2025-06-17,42.0,31.9,36.0,0.0,19.0,43,3
Hyderabad,2025-06-18,43.6,30.2,35.4,0.0,24.0,47,3
Hyderabad,2025-06-19,38.8,28.7,32.9,0.0,26.6,62,3
Hyderabad,2025-06-20,38.2,28.5,32.8,0.0,23.8,65,3
Hyderabad,2025-06-21,38.8,29.0,33.1,0.0,23.0,66,3
Hyderabad,2025-06-22,37.8,29.1,32.7,0.0,22.1,66,3
Hyderabad,2025-06-23,38.6,28.4,32.9,0.0,19.0,64,3
Hyderabad,2025-06-24,39.0,28.8,33.1,0.0,18.6,63,3
Hyderabad,2025-06-25,39.2,28.1,33.2,0.0,16.4,62,3
Hyderabad,2025-06-26,37.7,29.0,32.9,1.6,12.6,65,53
Hyderabad,2025-06-27,36.9,28.1,30.3,15.4,14.9,82,63
Hyderabad,2025-06-28,35.2,27.4,30.2,10.0,13.3,80,63
Hyderabad,2025-06-29,35.8,27.4,31.2,0.3,23.1,71,51
Hyderabad,2025-06-30,36.8,28.0,31.8,0.0,24.4,68,3
Hyderabad,2025-07-01,37.3,28.2,32.0,0.0,21.4,69,3
Hyderabad,2025-07-02,38.0,27.9,32.1,0.0,20.6,68,3
Hyderabad,2025-07-03,36.2,28.1,31.8,0.0,16.5,70,3
Hyderabad,2025-07-04,36.4,29.0,32.2,0.6,16.8,69,51
Hyderabad,2025-07-05,37.8,28.7,32.7,0.0,17.7,66,3
Hyderabad,2025-07-06,36.5,28.5,32.1,0.0,18.0,69,3
Hyderabad,2025-07-07,35.6,28.4,31.8,0.2,13.4,70,51
Hyderabad,2025-07-08,37.3,28.0,32.4,0.0,17.8,66,3
Hyderabad,2025-07-09,37.0,28.5,32.3,0.0,20.1,67,3
Hyderabad,2025-07-10,36.9,28.0,32.2,0.0,16.0,68,3
Hyderabad,2025-07-11,37.7,28.0,32.3,0.0,17.1,65,3
Hyderabad,2025-07-12,37.3,28.1,32.3,0.0,18.6,64,3
Hyderabad,2025-07-13,39.0,28.0,32.3,0.0,23.9,65,3
Hyderabad,2025-07-14,39.2,28.4,32.8,0.2,20.0,63,51
Hyderabad,2025-07-15,38.5,28.0,32.6,0.0,19.1,61,3
Hyderabad,2025-07-16,37.5,27.5,31.8,0.0,18.1,63,3
Hyderabad,2025-07-17,37.2,27.1,32.0,0.0,17.9,65,3
Hyderabad,2025-07-18,37.3,28.2,32.5,0.0,15.9,61,3
Hyderabad,2025-07-19,38.7,28.8,32.2,0.1,17.4,64,51
Hyderabad,2025-07-20,36.1,28.5,31.3,0.4,20.0,67,51
Hyderabad,2025-07-21,37.2,28.3,32.3,0.1,16.8,65,51
Hyderabad,2025-07-22,37.8,28.5,32.1,0.0,20.6,64,3
Hyderabad,2025-07-23,35.8,28.0,31.2,0.0,23.5,67,3
Hyderabad,2025-07-24,36.0,27.5,31.6,0.1,19.5,66,51
Hyderabad,2025-07-25,38.5,27.4,32.0,0.0,20.9,66,3
Hyderabad,2025-07-26,37.8,27.7,31.8,0.0,21.5,66,3
Hyderabad,2025-07-27,37.3,27.9,31.0,0.0,22.9,68,3
Hyderabad,2025-07-28,36.5,28.0,31.0,0.0,23.5,66,3
Hyderabad,2025-07-29,36.8,27.4,31.0,0.0,28.5,67,3
Hyderabad,2025-07-30,36.5,27.0,30.9,0.0,24.9,67,3
Hyderabad,2025-07-31,37.2,26.6,31.4,0.0,18.8,66,3
Hyderabad,2025-08-01,35.8,27.1,30.8,0.0,21.8,67,3
Hyderabad,2025-08-02,33.8,27.0,30.0,0.0,22.5,69,3
Hyderabad,2025-08-03,35.8,27.0,30.6,0.0,22.3,67,3
Hyderabad,2025-08-04,36.0,26.5,30.4,0.0,22.3,67,3
Hyderabad,2025-08-05,34.9,26.6,30.0,0.0,24.3,67,3
Hyderabad,2025-08-06,35.8,26.2,30.2,0.0,22.5,66,3
Hyderabad,2025-08-07,35.9,26.0,30.2,0.0,22.2,68,3
Hyderabad,2025-08-08,36.0,26.0,30.2,0.0,22.3,66,1
Hyderabad,2025-08-09,36.7,26.2,30.6,0.0,22.2,65,3
Hyderabad,2025-08-10,36.8,26.2,30.5,0.0,22.3,66,3
Hyderabad,2025-08-11,36.2,26.1,30.1,0.0,22.9,68,3
Hyderabad,2025-08-12,36.0,26.3,30.1,0.0,25.9,66,3
Hyderabad,2025-08-13,36.6,26.5,30.6,0.0,17.5,67,3
Hyderabad,2025-08-14,35.5,27.0,31.1,0.0,13.3,65,3
Hyderabad,2025-08-15,37.4,28.5,32.7,0.0,13.2,60,3
Hyderabad,2025-08-16,37.7,28.9,32.8,0.0,13.4,59,3
Hyderabad,2025-08-17,37.0,28.8,33.0,0.1,11.2,60,51
Hyderabad,2025-08-18,38.8,29.2,33.3,0.3,15.3,63,51
Hyderabad,2025-08-19,35.0,27.5,30.8,10.3,12.3,78,63
Hyderabad,2025-08-20,36.0,26.6,30.3,62.9,15.3,80,65
Hyderabad,2025-08-21,34.0,27.0,29.1,18.7,7.9,87,65
Hyderabad,2025-08-22,34.9,27.0,30.1,0.0,21.0,77,3
Hyderabad,2025-08-23,33.9,27.0,29.8,0.0,23.3,75,3
Hyderabad,2025-08-24,35.5,26.7,30.2,0.0,21.3,74,3
Hyderabad,2025-08-25,35.8,26.8,30.6,0.0,17.6,73,1
Hyderabad,2025-08-26,34.8,26.2,30.0,0.0,16.4,73,3
Hyderabad,2025-08-27,35.2,25.8,29.9,0.0,15.8,74,3
Hyderabad,2025-08-28,35.8,26.0,30.1,0.0,17.4,73,3
Hyderabad,2025-08-29,34.8,26.0,30.0,0.0,17.4,72,3
Hyderabad,2025-08-30,35.2,26.0,30.3,0.0,16.4,71,3
Hyderabad,2025-08-31,35.2,26.6,30.0,0.0,20.8,72,3
Hyderabad,2025-09-01,35.4,25.8,29.8,0.0,21.8,69,3
Hyderabad,2025-09-02,35.7,25.4,29.8,0.0,17.9,70,0
Hyderabad,2025-09-03,35.3,25.2,29.8,0.0,15.7,68,0
Hyderabad,2025-09-04,37.5,25.3,31.2,0.2,16.8,64,51
Hyderabad,2025-09-05,38.4,27.4,32.5,0.0,14.7,59,3
Hyderabad,2025-09-06,39.2,28.4,33.2,0.0,14.5,55,3
Hyderabad,2025-09-07,33.5,26.4,29.5,6.5,18.3,72,63
Hyderabad,2025-09-08,31.5,25.2,26.9,36.2,21.4,88,63
Hyderabad,2025-09-09,28.5,24.8,26.1,33.5,18.9,91,63
Hyderabad,2025-09-10,31.0,24.8,27.2,2.4,16.6,83,53
Hyderabad,2025-09-11,30.5,24.4,27.3,0.3,19.8,80,51
Hyderabad,2025-09-12,32.9,25.2,28.4,0.4,19.1,75,51
Hyderabad,2025-09-13,33.7,25.1,28.7,0.0,17.1,73,3
Hyderabad,2025-09-14,34.1,25.3,28.9,0.0,18.8,73,3
Hyderabad,2025-09-15,32.9,25.5,28.7,0.0,24.3,76,3
Hyderabad,2025-09-16,34.7,25.9,29.1,0.0,21.9,75,3
Hyderabad,2025-09-17,34.2,25.2,29.2,0.0,16.1,75,3
Hyderabad,2025-09-18,34.3,24.8,29.1,0.0,16.0,73,3
Hyderabad,2025-09-19,33.5,24.6,28.5,0.0,17.6,74,3
Hyderabad,2025-09-20,34.5,24.1,28.8,0.0,18.2,73,1
Hyderabad,2025-09-21,34.5,24.2,28.6,0.0,17.7,72,3
Hyderabad,2025-09-22,34.8,24.2,28.9,0.0,19.8,71,3
Hyderabad,2025-09-23,34.5,25.0,28.9,0.0,20.2,72,2
Hyderabad,2025-09-24,34.6,25.1,29.1,0.2,20.9,71,51
Hyderabad,2025-09-25,34.7,24.5,29.3,0.0,17.1,71,3
Hyderabad,2025-09-26,34.7,24.6,29.4,0.0,12.0,68,0
Hyderabad,2025-09-27,37.2,25.4,30.7,0.0,11.7,58,1
Hyderabad,2025-09-28,39.3,25.4,32.1,0.0,13.0,50,3
Hyderabad,2025-09-29,39.2,28.2,33.2,0.2,18.5,47,51
Hyderabad,2025-09-30,35.5,27.6,30.4,12.0,18.6,70,65
Hyderabad,2025-10-01,34.0,26.2,29.8,0.1,13.5,69,51
Hyderabad,2025-10-02,33.2,26.6,29.6,0.0,14.1,69,3
Hyderabad,2025-10-03,31.0,26.8,28.8,0.1,10.4,75,51
Hyderabad,2025-10-04,34.0,26.2,29.7,0.0,13.4,71,3
Hyderabad,2025-10-05,34.7,25.9,29.3,0.0,22.9,72,3
Hyderabad,2025-10-06,35.8,25.9,29.5,0.0,20.7,58,0
Hyderabad,2025-10-07,33.6,23.5,28.0,0.0,17.6,58,0
Hyderabad,2025-10-08,34.1,22.2,28.0,0.0,9.2,42,0
Hyderabad,2025-10-09,33.8,23.2,28.2,0.0,10.2,44,0
Hyderabad,2025-10-10,34.0,24.1,28.6,0.0,12.2,42,0
Hyderabad,2025-10-11,34.0,24.1,28.5,0.0,12.4,42,0
Hyderabad,2025-10-12,34.5,24.2,28.9,0.0,12.1,38,0
Hyderabad,2025-10-13,34.8,24.5,29.0,0.0,12.4,33,0
Hyderabad,2025-10-14,34.9,24.2,29.1,0.0,12.7,35,0
Hyderabad,2025-10-15,35.7,24.2,29.2,0.0,11.8,34,0
Hyderabad,2025-10-16,35.5,21.8,28.7,0.0,10.9,36,0
Hyderabad,2025-10-17,36.2,23.6,29.3,0.0,10.1,31,0
Hyderabad,2025-10-18,36.5,23.5,29.5,0.0,11.3,29,0
Hyderabad,2025-10-19,36.9,24.8,29.8,0.0,11.4,28,0
Hyderabad,2025-10-20,36.1,22.1,28.7,0.0,16.2,35,0
Hyderabad,2025-10-21,36.1,22.7,29.1,0.0,16.8,38,0
Hyderabad,2025-10-22,36.2,23.5,29.2,0.0,14.4,36,0
Hyderabad,2025-10-23,37.1,22.5,29.1,0.0,8.8,34,0
Hyderabad,2025-10-24,36.8,21.6,28.8,0.0,9.2,33,0
Hyderabad,2025-10-25,37.1,21.5,29.0,0.0,9.0,30,0
Hyderabad,2025-10-26,36.0,21.7,28.6,0.0,19.4,32,0
Hyderabad,2025-10-27,35.0,21.2,28.2,0.0,23.2,31,3
Hyderabad,2025-10-28,33.5,22.0,27.7,0.0,25.9,41,3
Hyderabad,2025-10-29,32.7,21.9,27.4,0.0,21.4,44,3
Hyderabad,2025-10-30,33.8,22.9,28.2,0.0,19.5,41,3
Hyderabad,2025-10-31,34.6,22.0,27.7,0.0,10.1,37,3
Hyderabad,2025-11-01,34.8,21.2,27.7,0.0,7.9,38,3
Hyderabad,2025-11-02,35.2,20.4,27.5,0.0,8.0,37,3
Hyderabad,2025-11-03,35.7,21.4,27.5,0.0,15.9,39,0
Hyderabad,2025-11-04,36.0,19.9,26.9,0.0,14.3,52,0
Hyderabad,2025-11-05,32.3,20.0,25.0,0.0,12.5,31,1
Hyderabad,2025-11-06,32.7,18.6,24.7,0.0,9.0,33,0
Hyderabad,2025-11-07,32.6,17.5,24.7,0.0,11.3,33,0
Hyderabad,2025-11-08,32.3,18.7,25.3,0.0,12.3,25,0
Hyderabad,2025-11-09,30.6,16.8,23.7,0.0,10.6,53,0
Hyderabad,2025-11-10,30.0,17.2,23.5,0.0,11.4,55,3
Hyderabad,2025-11-11,30.1,17.8,23.6,0.0,10.6,55,3
Hyderabad,2025-11-12,30.8,17.6,23.9,0.0,10.0,54,0
Hyderabad,2025-11-13,30.8,16.0,23.3,0.0,7.9,46,0
Hyderabad,2025-11-14,30.5,15.1,22.7,0.0,6.7,41,0
Hyderabad,2025-11-15,30.4,15.0,22.8,0.0,9.4,43,0
Hyderabad,2025-11-16,30.5,15.7,22.8,0.0,9.6,41,0
Hyderabad,2025-11-17,30.4,14.0,22.1,0.0,5.5,43,0
Hyderabad,2025-11-18,29.8,12.7,21.4,0.0,7.1,46,0
Hyderabad,2025-11-19,30.0,13.0,21.7,0.0,4.9,46,0
Hyderabad,2025-11-20,29.5,14.1,21.5,0.0,6.6,46,0
Hyderabad,2025-11-21,29.6,14.5,21.8,0.0,9.1,49,0
Hyderabad,2025-11-22,29.1,15.5,22.0,0.0,9.1,47,0
Hyderabad,2025-11-23,28.6,14.4,21.4,0.0,9.3,49,3
Hyderabad,2025-11-24,28.2,14.6,20.9,0.0,11.9,46,0
Hyderabad,2025-11-25,26.9,15.7,20.8,0.0,13.9,42,0
Hyderabad,2025-11-26,27.6,14.8,20.8,0.0,12.9,39,0
Hyderabad,2025-11-27,25.9,15.9,20.4,0.0,16.9,37,0
Hyderabad,2025-11-28,26.0,14.8,19.8,0.0,15.4,40,0
Hyderabad,2025-11-29,26.4,14.1,19.6,0.0,12.3,45,1
Hyderabad,2025-11-30,26.9,13.9,19.9,0.0,10.8,40,2
Hyderabad,2025-12-01,28.1,11.9,19.5,0.0,11.6,46,0
Hyderabad,2025-12-02,26.4,11.9,18.7,0.0,9.2,48,0
Hyderabad,2025-12-03,26.1,12.2,18.5,0.0,13.7,43,3
Hyderabad,2025-12-04,26.4,13.1,19.0,0.0,13.7,40,0
Hyderabad,2025-12-05,27.6,11.9,19.2,0.0,10.6,44,3
Hyderabad,2025-12-06,25.2,14.4,19.3,0.0,12.4,44,3
Hyderabad,2025-12-07,27.7,13.9,19.8,0.0,11.9,42,3
Hyderabad,2025-12-08,29.0,13.2,20.2,0.0,11.9,47,0
Hyderabad,2025-12-09,29.5,13.2,20.7,0.0,9.2,43,0
Hyderabad,2025-12-10,29.8,11.6,20.6,0.0,10.5,35,0
Hyderabad,2025-12-11,28.7,11.9,20.5,0.0,11.4,45,0
Hyderabad,2025-12-12,28.0,12.1,20.0,0.0,12.4,62,3
Hyderabad,2025-12-13,28.2,14.2,20.5,0.0,12.0,63,3
Hyderabad,2025-12-14,25.6,14.2,19.1,0.0,11.7,59,3
Hyderabad,2025-12-15,25.9,13.9,19.1,0.0,11.7,61,3
Hyderabad,2025-12-16,26.6,13.9,19.3,0.0,13.5,59,0
Hyderabad,2025-12-17,27.0,13.6,19.5,0.0,12.9,58,1
Hyderabad,2025-12-18,27.2,13.3,19.7,0.0,9.8,56,3
Hyderabad,2025-12-19,27.8,14.3,20.3,0.0,8.8,53,3
Hyderabad,2025-12-20,29.7,16.1,22.6,0.0,8.6,45,3
Hyderabad,2025-12-21,29.2,16.5,22.6,0.0,9.4,56,3
Hyderabad,2025-12-22,25.4,16.8,20.5,0.0,13.9,68,0
Hyderabad,2025-12-23,25.7,14.9,19.7,0.0,13.2,59,3
Hyderabad,2025-12-24,25.5,12.9,18.6,0.0,9.7,57,3
Hyderabad,2025-12-25,25.4,10.1,17.9,0.0,4.8,58,3
Hyderabad,2025-12-26,25.3,12.3,18.6,0.0,10.0,54,3
Hyderabad,2025-12-27,25.2,13.8,18.7,0.0,9.9,52,3
Hyderabad,2025-12-28,25.6,13.9,19.0,0.0,8.8,50,3
Hyderabad,2025-12-29,25.5,13.2,18.6,0.0,10.0,55,0
Hyderabad,2025-12-30,26.5,12.6,19.5,0.0,13.9,61,2
Hyderabad,2025-12-31,24.0,15.9,19.1,6.0,11.0,76,63
Hyderabad,2026-01-01,23.4,13.1,17.6,0.0,9.1,70,0
Hyderabad,2026-01-02,22.8,11.8,16.7,0.0,8.9,66,0
Hyderabad,2026-01-03,23.0,10.4,16.4,0.0,4.9,67,0
Hyderabad,2026-01-04,23.9,11.1,17.1,0.0,4.0,66,0
Hyderabad,2026-01-05,23.7,12.2,17.5,0.0,11.7,62,0
Hyderabad,2026-01-06,23.4,11.9,17.2,0.0,13.8,60,0
Hyderabad,2026-01-07,22.1,11.2,16.0,0.0,13.6,61,0
Hyderabad,2026-01-08,20.3,9.6,14.4,0.0,15.6,57,0
Hyderabad,2026-01-09,21.0,8.9,14.3,0.0,11.7,53,0
Hyderabad,2026-01-10,20.2,8.4,13.7,0.0,10.9,56,0
Hyderabad,2026-01-11,20.6,7.3,13.4,0.0,13.5,62,0
Hyderabad,2026-01-12,21.0,7.7,13.7,0.0,10.7,66,3
Hyderabad,2026-01-13,20.8,8.7,14.1,0.0,13.7,66,0
Hyderabad,2026-01-14,24.0,9.1,16.3,0.0,9.1,65,0
Hyderabad,2026-01-15,26.2,13.1,19.3,0.0,13.0,71,0
Hyderabad,2026-01-16,27.0,13.2,19.9,0.0,12.6,69,3
Hyderabad,2026-01-17,25.6,14.8,19.8,0.0,11.9,70,2
Hyderabad,2026-01-18,24.8,14.6,19.1,0.0,9.0,65,0
Hyderabad,2026-01-19,26.1,12.6,18.9,0.0,7.9,62,0
Hyderabad,2026-01-20,26.0,13.0,19.3,0.0,6.8,55,0
Hyderabad,2026-01-21,25.8,13.1,19.2,0.0,9.7,53,0
Hyderabad,2026-01-22,25.5,13.7,18.7,0.2,24.4,68,51
Hyderabad,2026-01-23,19.8,8.2,13.8,0.0,15.9,42,3
Hyderabad,2026-01-24,19.6,7.3,12.9,0.0,17.1,53,3
Hyderabad,2026-01-25,19.6,8.2,13.5,0.0,17.2,48,3
Hyderabad,2026-01-26,19.4,10.1,14.1,0.5,14.3,53,53
Hyderabad,2026-01-27,22.0,11.8,16.4,0.0,14.7,48,3
Hyderabad,2026-01-28,23.6,9.8,16.5,0.0,7.2,53,3
Hyderabad,2026-01-29,23.4,10.9,16.8,0.0,11.3,51,3
Hyderabad,2026-01-30,23.8,12.1,17.3,0.0,12.6,55,3
Hyderabad,2026-01-31,25.0,12.7,18.2,0.0,11.0,53,0
Hyderabad,2026-02-01,26.8,13.2,19.5,0.0,9.7,53,0
Hyderabad,2026-02-02,26.6,13.9,19.8,0.0,12.6,53,3
Hyderabad,2026-02-03,27.9,13.6,20.4,0.0,10.5,51,1
Hyderabad,2026-02-04,28.4,14.1,20.6,0.0,14.1,49,0
Hyderabad,2026-02-05,27.9,14.6,20.5,0.0,13.1,47,2
Hyderabad,2026-02-06,29.0,14.5,20.9,0.0,9.6,45,2
Hyderabad,2026-02-07,28.8,15.1,21.4,0.0,10.4,42,3
Hyderabad,2026-02-08,29.6,14.2,21.9,0.0,10.7,48,3
Hyderabad,2026-02-09,29.4,15.6,22.6,0.0,16.1,51,2
Hyderabad,2026-02-10,27.6,18.2,22.7,0.0,12.6,63,3
Hyderabad,2026-02-11,28.1,16.5,21.9,0.0,16.3,53,3
Hyderabad,2026-02-12,29.0,16.0,21.9,0.0,11.9,47,3
Hyderabad,2026-02-13,31.2,14.9,23.1,0.0,13.5,42,3
Hyderabad,2026-02-14,32.2,15.9,24.3,0.0,11.4,36,0
Hyderabad,2026-02-15,32.5,15.7,24.1,0.0,12.3,49,0
Hyderabad,2026-02-16,29.6,18.1,22.9,0.0,16.4,70,3
Hyderabad,2026-02-17,27.0,16.6,21.7,0.6,13.2,64,53
Hyderabad,2026-02-18,28.3,16.4,22.2,0.0,14.3,53,0
Hyderabad,2026-02-19,29.6,17.8,23.6,0.0,18.0,45,0
Hyderabad,2026-02-20,30.5,17.8,23.9,0.0,14.3,43,0
Hyderabad,2026-02-21,31.2,18.0,24.4,0.0,13.4,42,0
Hyderabad,2026-02-22,32.7,19.5,25.4,0.0,15.3,36,0
Hyderabad,2026-02-23,32.5,17.9,24.7,0.0,12.9,47,0
Hyderabad,2026-02-24,33.5,18.1,25.5,0.0,10.9,39,1
Hyderabad,2026-02-25,34.2,19.1,26.5,0.0,9.7,32,0
Hyderabad,2026-02-26,34.3,19.5,27.1,0.0,15.6,37,0
Hyderabad,2026-02-27,33.5,22.5,27.3,0.0,21.6,35,0
Hyderabad,2026-02-28,33.6,19.6,26.2,0.0,16.9,55,0
Hyderabad,2026-03-01,33.6,19.5,26.5,0.0,12.3,48,0
Hyderabad,2026-03-02,34.3,19.6,26.9,0.0,12.2,41,0
Hyderabad,2026-03-03,35.0,20.1,27.6,0.0,12.9,41,0
Hyderabad,2026-03-04,34.2,19.0,26.5,0.0,16.0,33,0
Hyderabad,2026-03-05,35.3,19.2,26.2,0.0,17.3,42,0
Hyderabad,2026-03-06,37.0,20.0,27.2,0.0,14.9,57,0
Hyderabad,2026-03-07,36.9,20.8,27.3,0.0,16.5,63,3
Hyderabad,2026-03-08,36.9,19.2,27.6,0.0,12.1,51,0
Hyderabad,2026-03-09,37.5,19.9,28.4,0.0,17.7,35,3
Hyderabad,2026-03-10,37.5,22.3,29.1,0.0,20.2,28,0
Hyderabad,2026-03-11,36.8,19.9,28.0,0.0,17.2,42,3
Hyderabad,2026-03-12,36.7,21.9,29.2,0.0,12.3,38,3
Hyderabad,2026-03-13,36.3,22.2,29.4,0.0,16.7,27,2
Hyderabad,2026-03-14,37.1,21.6,29.3,0.0,19.1,29,0
Hyderabad,2026-03-15,36.9,23.9,29.9,0.0,19.2,25,3
Hyderabad,2026-03-16,37.3,22.1,29.6,0.0,18.9,21,0
Hyderabad,2026-03-17,34.4,22.0,28.2,0.0,14.6,32,3
Hyderabad,2026-03-18,32.2,21.0,25.8,7.2,13.3,61,63
Hyderabad,2026-03-19,26.5,18.1,22.0,0.9,9.2,72,51
Hyderabad,2026-03-20,30.4,16.9,23.7,0.0,15.3,63,3
Hyderabad,2026-03-21,30.9,21.4,25.6,0.4,15.5,68,51
Hyderabad,2026-03-22,31.6,21.2,26.3,0.0,14.6,63,3
Hyderabad,2026-03-23,34.1,22.0,27.6,0.0,12.7,54,3
Hyderabad,2026-03-24,34.5,23.2,28.3,0.0,15.6,49,3
Hyderabad,2026-03-25,34.6,24.5,28.5,0.0,21.1,45,3
Hyderabad,2026-03-26,34.3,23.2,27.9,0.3,17.7,54,51
Hyderabad,2026-03-27,34.8,22.6,28.1,0.0,20.7,50,3
Hyderabad,2026-03-28,35.2,24.1,28.5,0.0,28.3,55,3
Hyderabad,2026-03-29,33.5,23.5,27.9,0.0,26.7,43,3
Hyderabad,2026-03-30,32.9,22.6,26.9,0.0,21.5,47,3
Hyderabad,2026-03-31,31.7,20.5,25.8,0.0,18.6,49,3
Hyderabad,2026-04-01,34.0,21.3,27.2,0.0,17.3,50,3
Hyderabad,2026-04-02,26.4,18.9,22.8,2.1,16.5,73,53
Hyderabad,2026-04-03,29.1,17.2,22.8,2.0,17.2,64,61
Hyderabad,2026-04-04,32.5,19.3,25.1,0.0,15.8,54,3
Hyderabad,2026-04-05,33.2,20.5,25.9,0.0,17.0,53,3
Hyderabad,2026-04-06,31.4,21.4,26.2,0.4,23.7,63,51
Hyderabad,2026-04-07,34.5,24.2,28.2,0.0,23.1,54,0
Hyderabad,2026-04-08,35.3,21.4,28.1,0.0,11.9,47,0
Hyderabad,2026-04-09,36.4,22.0,29.0,0.0,19.7,48,0
Hyderabad,2026-04-10,36.7,23.4,30.4,0.0,18.5,41,3
Hyderabad,2026-04-11,38.3,24.5,31.2,0.0,16.6,35,1
Hyderabad,2026-04-12,39.0,24.5,31.9,0.0,14.1,27,3
Hyderabad,2026-04-13,40.0,25.4,32.1,0.0,23.0,29,3
Hyderabad,2026-04-14,40.2,25.8,32.6,0.0,16.0,34,3
Hyderabad,2026-04-15,41.5,25.2,33.2,0.0,18.0,29,3
Hyderabad,2026-04-16,39.0,25.8,31.5,0.0,18.3,34,3
Hyderabad,2026-04-17,41.5,24.3,32.0,0.0,19.2,39,3
Hyderabad,2026-04-18,37.8,24.0,30.3,0.0,18.3,32,3
Hyderabad,2026-04-19,38.8,22.4,30.2,0.0,19.4,49,2
Hyderabad,2026-04-20,40.3,25.4,32.2,0.0,20.3,37,3
Hyderabad,2026-04-21,38.9,25.4,31.0,0.0,22.0,44,3
Hyderabad,2026-04-22,39.0,23.8,30.5,0.0,20.8,53,3
Islamabad,2024-04-22,27.0,16.6,21.4,0.6,12.8,60,51
Islamabad,2024-04-23,28.6,17.0,22.6,0.4,11.9,52,51
Islamabad,2024-04-24,28.0,17.1,22.4,1.3,17.7,52,61
Islamabad,2024-04-25,31.4,17.8,24.7,0.0,13.6,45,3
Islamabad,2024-04-26,29.7,18.8,22.3,2.2,25.3,62,61
Islamabad,2024-04-27,20.7,16.5,18.6,17.2,15.8,73,63
Islamabad,2024-04-28,24.6,16.3,18.9,11.9,19.3,70,63
Islamabad,2024-04-29,22.2,13.8,17.4,19.0,17.3,73,63
Islamabad,2024-04-30,23.2,12.1,17.7,0.0,23.2,61,3
Islamabad,2024-05-01,25.6,12.5,19.2,0.0,13.1,53,3
Islamabad,2024-05-02,28.3,14.3,21.6,0.0,11.2,50,3
Islamabad,2024-05-03,28.2,16.5,22.7,0.0,16.2,58,3
Islamabad,2024-05-04,29.4,16.8,22.9,3.2,20.3,57,61
Islamabad,2024-05-05,30.0,19.4,24.5,0.0,17.2,50,1
Islamabad,2024-05-06,32.9,18.8,25.9,0.0,9.7,51,1
Islamabad,2024-05-07,34.6,21.2,27.2,0.0,11.3,40,0
Islamabad,2024-05-08,35.2,20.7,28.0,0.0,10.8,38,3
Islamabad,2024-05-09,35.2,21.5,28.3,0.0,16.5,38,3
Islamabad,2024-05-10,33.4,22.5,27.8,1.0,18.2,44,55
Islamabad,2024-05-11,32.7,22.3,26.5,2.6,16.3,50,63
Islamabad,2024-05-12,29.1,19.6,23.6,3.3,17.4,59,63
Islamabad,2024-05-13,31.8,17.0,25.0,0.0,14.4,41,0
Islamabad,2024-05-14,34.4,20.2,27.2,0.0,11.4,34,0
Islamabad,2024-05-15,36.6,22.4,28.8,0.0,10.2,33,3
Islamabad,2024-05-16,35.9,21.9,29.2,0.4,27.5,33,51
Islamabad,2024-05-17,37.4,22.7,29.7,0.0,24.2,33,3
Islamabad,2024-05-18,35.9,26.2,30.0,2.7,19.7,37,63
Islamabad,2024-05-19,37.0,24.2,30.4,0.0,16.9,33,3
Islamabad,2024-05-20,37.6,23.1,30.4,0.0,22.1,31,3
Islamabad,2024-05-21,37.6,26.0,31.5,0.0,14.6,27,0
Islamabad,2024-05-22,38.9,23.2,32.0,0.0,11.5,26,0
Islamabad,2024-05-23,38.9,23.6,32.1,0.0,13.4,24,1
Islamabad,2024-05-24,38.3,24.2,32.0,0.0,20.2,27,3
Islamabad,2024-05-25,37.0,25.5,31.4,0.0,19.2,29,0
Islamabad,2024-05-26,39.4,26.1,32.4,0.0,17.2,26,0
Islamabad,2024-05-27,39.4,27.6,32.5,0.0,18.8,20,0
Islamabad,2024-05-28,39.1,26.3,32.2,0.0,19.7,18,0
Islamabad,2024-05-29,39.3,27.0,32.4,0.0,28.1,19,0
Islamabad,2024-05-30,39.3,25.6,31.8,0.0,15.2,20,0
Islamabad,2024-05-31,39.6,24.4,32.6,0.0,22.6,17,1
Islamabad,2024-06-01,40.3,24.5,32.7,0.0,20.2,20,0
Islamabad,2024-06-02,39.4,24.0,32.4,0.0,10.6,20,0
Islamabad,2024-06-03,40.1,25.6,32.7,0.0,24.1,24,3
Islamabad,2024-06-04,38.7,26.6,31.2,0.0,23.6,31,3
Islamabad,2024-06-05,36.4,24.5,30.0,0.9,20.8,32,51
Islamabad,2024-06-06,33.2,22.7,26.5,4.3,18.1,49,61
Islamabad,2024-06-07,33.0,21.9,27.0,0.4,16.6,45,51
Islamabad,2024-06-08,35.3,21.1,28.4,0.0,16.1,38,0
Islamabad,2024-06-09,36.0,21.3,29.1,0.0,17.2,31,0
Islamabad,2024-06-10,38.0,22.6,30.5,0.0,21.6,27,3
Islamabad,2024-06-11,39.4,25.3,32.2,0.0,13.7,24,1
Islamabad,2024-06-12,41.2,26.2,33.6,0.0,11.3,22,1
Islamabad,2024-06-13,40.9,25.8,33.2,0.0,20.9,26,3
Islamabad,2024-06-14,38.8,26.4,32.4,0.0,23.3,28,3
Islamabad,2024-06-15,40.9,27.2,33.4,0.0,24.9,27,3
Islamabad,2024-06-16,41.6,26.8,34.7,0.0,18.1,25,2
Islamabad,2024-06-17,42.8,26.7,34.9,0.0,24.0,24,3
Islamabad,2024-06-18,42.7,28.3,35.2,0.0,22.9,23,2
Islamabad,2024-06-19,40.1,27.3,34.3,0.0,17.3,25,1
Islamabad,2024-06-20,36.0,27.7,31.8,0.0,17.4,32,3
Islamabad,2024-06-21,34.3,24.4,29.4,0.2,14.1,46,51
Islamabad,2024-06-22,37.1,25.0,31.2,0.0,14.1,35,3
Islamabad,2024-06-23,38.0,27.7,32.4,0.0,17.6,34,3
Islamabad,2024-06-24,39.3,26.9,33.1,0.0,12.4,33,1
Islamabad,2024-06-25,40.0,26.1,33.7,0.0,14.0,30,1
Islamabad,2024-06-26,41.5,26.8,35.1,0.0,17.2,28,0
Islamabad,2024-06-27,38.6,29.4,33.3,0.0,19.2,46,1
Islamabad,2024-06-28,36.9,25.5,32.1,0.4,13.0,54,51
Islamabad,2024-06-29,38.2,26.0,32.8,5.7,12.5,50,63
Islamabad,2024-06-30,37.9,25.9,32.3,0.3,10.8,56,51
Islamabad,2024-07-01,38.4,26.5,32.4,5.6,12.3,60,63
Islamabad,2024-07-02,36.8,25.1,31.3,18.9,17.3,67,65
Islamabad,2024-07-03,38.3,26.1,32.5,1.6,17.9,65,55
Islamabad,2024-07-04,32.9,25.8,29.2,7.3,20.6,74,63
Islamabad,2024-07-05,31.1,23.8,27.6,11.7,17.8,79,63
Islamabad,2024-07-06,31.8,21.9,26.9,24.8,14.1,78,63
Islamabad,2024-07-07,30.8,22.1,27.2,0.8,16.9,73,53
Islamabad,2024-07-08,33.7,23.9,29.0,0.0,8.2,72,1
Islamabad,2024-07-09,33.6,24.5,29.3,2.5,13.3,73,61
Islamabad,2024-07-10,33.0,23.8,29.0,11.0,15.9,76,65
Islamabad,2024-07-11,32.7,25.8,28.9,7.2,24.0,76,63
Islamabad,2024-07-12,32.5,25.2,28.7,1.5,19.8,72,61
Islamabad,2024-07-13,32.5,23.5,28.4,0.0,7.3,69,3
Islamabad,2024-07-14,33.4,23.1,28.5,14.1,19.7,67,65
Islamabad,2024-07-15,35.6,24.8,30.2,0.0,12.6,61,1
Islamabad,2024-07-16,35.8,25.3,30.7,0.0,9.7,57,1
Islamabad,2024-07-17,35.6,26.7,31.1,0.3,10.3,59,51
Islamabad,2024-07-18,33.8,24.8,29.0,17.0,17.6,73,65
Islamabad,2024-07-19,34.9,25.9,29.9,0.0,10.5,70,3
Islamabad,2024-07-20,34.7,26.2,30.7,0.1,10.2,69,51
Islamabad,2024-07-21,35.9,26.9,31.2,0.0,12.3,68,1
Islamabad,2024-07-22,35.1,26.8,30.2,5.0,15.8,72,63
Islamabad,2024-07-23,33.8,24.5,28.6,22.9,19.6,77,65
Islamabad,2024-07-24,34.5,26.0,30.0,0.5,6.8,73,51
Islamabad,2024-07-25,35.2,23.8,30.1,3.6,15.5,73,63
Islamabad,2024-07-26,35.7,25.3,30.6,4.2,10.7,72,63
Islamabad,2024-07-27,34.4,25.2,30.7,3.1,16.9,72,61
Islamabad,2024-07-28,33.1,25.6,28.7,9.7,14.6,81,63
Islamabad,2024-07-29,30.3,26.8,28.2,12.7,16.1,86,63
Islamabad,2024-07-30,32.3,25.6,28.8,11.1,12.2,83,63
Islamabad,2024-07-31,34.5,26.1,30.3,0.0,9.0,76,3
Islamabad,2024-08-01,29.2,24.2,26.7,56.6,27.7,85,65
Islamabad,2024-08-02,32.7,24.5,28.7,30.1,8.7,78,65
Islamabad,2024-08-03,32.3,25.2,27.9,1.5,17.0,81,53
Islamabad,2024-08-04,30.5,24.3,27.2,3.6,17.3,83,55
Islamabad,2024-08-05,31.2,24.8,28.1,0.7,8.9,82,51
Islamabad,2024-08-06,33.0,24.6,27.7,13.8,11.2,83,61
Islamabad,2024-08-07,31.9,23.4,26.9,14.8,13.0,86,63
Islamabad,2024-08-08,30.2,24.2,26.8,2.3,12.0,84,51
Islamabad,2024-08-09,31.5,24.7,28.0,1.9,9.8,81,55
Islamabad,2024-08-10,30.7,24.2,27.4,10.3,15.8,85,63
Islamabad,2024-08-11,27.4,23.0,25.1,30.7,16.2,89,65
Islamabad,2024-08-12,31.5,23.3,27.2,0.0,8.9,80,2
Islamabad,2024-08-13,33.1,24.2,28.8,0.0,6.6,73,0
Islamabad,2024-08-14,31.9,25.7,28.8,2.1,13.1,80,53
Islamabad,2024-08-15,28.8,23.8,25.8,29.2,15.2,89,65
Islamabad,2024-08-16,31.8,24.9,27.3,9.1,14.9,85,63
Islamabad,2024-08-17,28.9,24.1,26.2,19.6,13.6,86,63
Islamabad,2024-08-18,32.0,24.5,27.7,0.5,8.3,82,51
Islamabad,2024-08-19,31.3,23.5,27.2,2.3,9.0,85,53
Islamabad,2024-08-20,29.7,22.5,26.1,19.6,11.3,86,65
Islamabad,2024-08-21,30.7,22.3,26.3,5.5,14.8,83,61
Islamabad,2024-08-22,31.9,22.9,27.2,0.0,11.6,76,0
Islamabad,2024-08-23,32.7,23.9,28.1,0.7,9.8,71,51
Islamabad,2024-08-24,32.6,24.3,28.2,0.2,9.1,74,51
Islamabad,2024-08-25,31.5,24.7,27.9,2.8,9.4,77,63
Islamabad,2024-08-26,33.2,25.1,28.8,0.9,11.7,74,53
Islamabad,2024-08-27,30.0,23.3,26.2,1.6,14.9,82,53
Islamabad,2024-08-28,27.2,23.7,25.3,4.4,10.5,86,61
Islamabad,2024-08-29,27.4,23.0,25.1,21.5,14.2,83,63
Islamabad,2024-08-30,28.3,23.0,25.1,19.1,15.4,84,63
Islamabad,2024-08-31,31.5,22.2,26.6,0.0,17.7,77,2
Islamabad,2024-09-01,32.6,23.3,28.0,0.0,8.4,73,0
Islamabad,2024-09-02,29.2,22.7,25.9,18.8,15.7,86,63
Islamabad,2024-09-03,28.9,22.3,25.5,14.7,11.0,84,63
Islamabad,2024-09-04,30.8,22.8,26.5,0.5,7.2,80,51
Islamabad,2024-09-05,30.5,23.0,26.5,0.5,6.0,82,51
Islamabad,2024-09-06,30.2,21.5,25.9,4.5,16.5,81,61
Islamabad,2024-09-07,29.9,21.3,25.4,7.6,11.0,81,63
Islamabad,2024-09-08,31.2,22.6,26.6,0.0,10.1,76,0
Islamabad,2024-09-09,32.7,22.7,27.4,0.0,10.4,74,0
Islamabad,2024-09-10,31.5,23.5,27.7,0.2,11.0,70,51
Islamabad,2024-09-11,32.1,23.4,27.4,0.0,12.6,70,1
Islamabad,2024-09-12,32.7,23.6,28.0,0.0,15.0,64,1
Islamabad,2024-09-13,32.3,23.5,27.7,0.5,14.2,72,53
Islamabad,2024-09-14,29.3,22.0,24.8,19.9,13.9,81,65
Islamabad,2024-09-15,30.3,20.2,25.5,3.9,24.2,71,63
Islamabad,2024-09-16,31.8,21.0,26.2,0.0,12.2,64,1
Islamabad,2024-09-17,31.4,20.9,26.2,0.0,14.6,66,2
Islamabad,2024-09-18,32.2,21.4,26.6,0.0,8.9,62,0
Islamabad,2024-09-19,34.0,22.8,27.6,0.0,6.7,62,0
Islamabad,2024-09-20,33.2,22.3,27.5,0.0,8.8,61,1
Islamabad,2024-09-21,33.0,23.0,27.7,0.0,8.7,68,0
Islamabad,2024-09-22,33.7,23.7,28.4,0.0,7.9,68,0
Islamabad,2024-09-23,34.6,24.1,29.0,0.0,8.4,63,0
Islamabad,2024-09-24,34.9,24.0,29.4,0.0,9.7,62,0
Islamabad,2024-09-25,34.2,26.0,29.7,0.1,10.7,63,51
Islamabad,2024-09-26,31.4,23.5,27.4,9.2,16.0,74,63
Islamabad,2024-09-27,28.4,22.0,24.6,27.2,11.4,82,65
Islamabad,2024-09-28,29.6,20.4,24.7,10.5,23.1,76,63
Islamabad,2024-09-29,29.2,21.6,24.9,0.6,12.1,76,53
Islamabad,2024-09-30,31.0,21.5,25.5,0.0,18.7,73,0
Islamabad,2024-10-01,31.7,21.3,25.7,0.0,10.9,65,0
Islamabad,2024-10-02,32.3,20.7,25.9,0.0,9.3,55,0
Islamabad,2024-10-03,32.0,20.7,26.0,0.0,7.6,59,0
Islamabad,2024-10-04,31.6,21.3,25.8,0.0,10.3,62,3
Islamabad,2024-10-05,30.4,21.1,25.0,1.6,11.3,67,61
Islamabad,2024-10-06,30.2,17.8,24.2,0.0,10.1,64,1
Islamabad,2024-10-07,31.0,18.9,24.5,0.0,22.5,58,3
Islamabad,2024-10-08,27.7,19.6,22.8,5.2,22.7,65,61
Islamabad,2024-10-09,28.5,18.8,23.0,0.0,14.4,61,1
Islamabad,2024-10-10,28.8,17.1,22.4,0.0,11.6,56,0
Islamabad,2024-10-11,29.5,17.5,22.9,0.0,16.6,50,0
Islamabad,2024-10-12,29.9,18.0,23.4,0.0,11.4,49,0
Islamabad,2024-10-13,30.3,18.5,23.6,0.0,9.6,57,0
Islamabad,2024-10-14,30.1,18.6,23.5,0.7,11.2,56,53
Islamabad,2024-10-15,30.5,18.4,23.4,0.0,12.6,56,0
Islamabad,2024-10-16,30.7,18.1,24.1,0.0,11.9,48,0
Islamabad,2024-10-17,30.1,19.2,23.9,0.0,10.1,56,0
Islamabad,2024-10-18,29.8,19.1,23.8,0.0,9.7,57,2
Islamabad,2024-10-19,30.2,17.5,23.5,0.0,10.4,52,0
Islamabad,2024-10-20,29.6,17.6,23.5,0.0,12.3,57,1
Islamabad,2024-10-21,29.2,18.9,23.6,0.0,10.6,63,0
Islamabad,2024-10-22,28.8,18.2,23.2,0.1,14.6,62,51
Islamabad,2024-10-23,27.3,17.3,21.7,1.0,14.9,71,55
Islamabad,2024-10-24,28.0,17.7,22.2,0.0,14.5,57,3
Islamabad,2024-10-25,29.2,16.8,22.0,0.0,15.2,53,0
Islamabad,2024-10-26,30.4,18.9,23.2,0.0,12.6,50,0
Islamabad,2024-10-27,29.1,17.6,22.8,0.0,10.0,56,3
Islamabad,2024-10-28,28.6,18.0,22.7,0.1,9.8,64,51
Islamabad,2024-10-29,23.4,17.9,20.0,33.8,19.2,81,63
Islamabad,2024-10-30,26.7,16.9,21.0,0.0,12.9,68,2
Islamabad,2024-10-31,26.9,17.1,21.0,0.0,18.4,59,0
Islamabad,2024-11-01,26.7,16.1,20.3,0.0,9.9,57,3
Islamabad,2024-11-02,26.4,15.2,20.7,0.0,9.1,55,2
Islamabad,2024-11-03,26.3,15.5,20.3,0.0,9.3,63,3
Islamabad,2024-11-04,26.4,15.4,19.8,0.0,14.3,65,0
Islamabad,2024-11-05,26.0,15.2,20.3,0.0,10.8,67,3
Islamabad,2024-11-06,26.7,16.2,20.7,0.0,11.6,68,2
Islamabad,2024-11-07,26.0,15.9,20.5,0.0,10.2,73,1
Islamabad,2024-11-08,26.1,17.3,21.1,0.0,8.2,80,3
Islamabad,2024-11-09,25.6,16.7,20.6,0.0,8.0,78,2
Islamabad,2024-11-10,24.7,16.3,20.6,1.0,9.2,76,53
Islamabad,2024-11-11,22.0,15.4,18.1,12.9,16.8,79,65
Islamabad,2024-11-12,24.8,14.4,18.5,0.5,15.7,72,51
Islamabad,2024-11-13,23.9,14.7,18.1,0.0,8.1,66,3
Islamabad,2024-11-14,21.9,14.2,17.5,0.3,6.8,78,51
Islamabad,2024-11-15,22.5,13.4,17.1,3.6,14.8,78,63
Islamabad,2024-11-16,20.9,11.9,15.7,0.0,7.9,77,0
Islamabad,2024-11-17,21.7,11.3,15.8,0.0,10.1,65,0
Islamabad,2024-11-18,22.0,11.9,15.6,0.0,10.3,63,3
Islamabad,2024-11-19,21.8,10.8,15.1,0.0,8.0,60,0
Islamabad,2024-11-20,21.5,10.0,14.9,0.0,8.4,61,0
Islamabad,2024-11-21,21.7,11.3,15.4,0.0,8.2,63,0
Islamabad,2024-11-22,21.5,11.8,15.9,0.0,5.8,63,0
Islamabad,2024-11-23,19.7,12.7,15.4,0.8,9.0,72,53
Islamabad,2024-11-24,21.1,11.4,15.5,1.1,10.7,71,53
Islamabad,2024-11-25,22.2,11.6,15.9,0.0,10.5,61,0
Islamabad,2024-11-26,22.2,11.1,15.8,0.0,9.5,50,2
Islamabad,2024-11-27,21.5,10.4,15.4,0.0,9.6,45,0
Islamabad,2024-11-28,22.3,10.3,15.4,0.0,6.0,42,3
Islamabad,2024-11-29,21.2,11.4,15.2,0.0,17.0,49,3
Islamabad,2024-11-30,20.6,10.7,15.1,0.0,10.8,59,3
Islamabad,2024-12-01,21.6,10.9,15.3,0.0,8.0,58,1
Islamabad,2024-12-02,22.1,11.1,15.5,0.0,13.6,54,1
Islamabad,2024-12-03,21.4,9.4,15.2,0.0,12.0,55,3
Islamabad,2024-12-04,21.3,11.1,15.3,0.0,14.9,40,0
Islamabad,2024-12-05,21.0,9.2,14.2,0.0,8.3,44,0
Islamabad,2024-12-06,20.4,9.1,13.5,0.0,12.1,38,2
Islamabad,2024-12-07,19.1,8.4,12.6,0.0,7.9,39,3
Islamabad,2024-12-08,13.2,8.2,10.5,0.2,15.8,64,51
Islamabad,2024-12-09,15.8,6.5,10.2,0.0,13.2,45,0
Islamabad,2024-12-10,16.3,4.5,9.8,0.0,10.8,46,3
Islamabad,2024-12-11,16.2,5.4,9.9,0.0,7.9,52,3
Islamabad,2024-12-12,16.3,5.2,9.7,0.0,6.3,56,1
Islamabad,2024-12-13,16.8,6.3,11.1,0.0,17.5,45,2
Islamabad,2024-12-14,18.6,6.9,11.7,0.0,9.6,45,3
Islamabad,2024-12-15,18.4,7.0,11.8,0.0,4.8,46,3
Islamabad,2024-12-16,18.5,6.1,11.2,0.0,6.2,48,3
Islamabad,2024-12-17,18.3,6.1,10.9,0.0,5.7,53,2
Islamabad,2024-12-18,17.0,7.8,11.2,0.0,4.8,50,3
Islamabad,2024-12-19,17.3,5.5,10.8,0.0,8.6,50,0
Islamabad,2024-12-20,17.2,6.2,10.4,0.0,7.5,60,0
Islamabad,2024-12-21,17.1,5.3,10.4,0.0,5.1,55,3
Islamabad,2024-12-22,16.5,7.2,11.4,0.0,6.2,54,3
Islamabad,2024-12-23,16.2,7.7,10.8,0.0,10.5,65,3
Islamabad,2024-12-24,17.0,5.8,10.6,0.0,9.8,65,0
Islamabad,2024-12-25,18.0,6.8,10.9,0.0,11.8,54,1
Islamabad,2024-12-26,19.4,7.5,12.1,0.0,5.4,47,0
Islamabad,2024-12-27,18.0,7.5,12.0,0.0,7.1,52,2
Islamabad,2024-12-28,16.5,7.2,11.3,0.0,8.2,69,3
Islamabad,2024-12-29,17.5,6.5,11.0,0.0,11.7,68,3
Islamabad,2024-12-30,17.6,6.6,11.2,0.0,7.2,62,3
Islamabad,2024-12-31,17.6,6.4,11.3,0.0,6.6,63,3
Islamabad,2025-01-01,17.9,6.9,11.5,0.7,13.6,60,53
Islamabad,2025-01-02,18.6,6.7,12.0,0.3,6.5,68,51
Islamabad,2025-01-03,19.6,8.2,13.2,0.0,6.0,62,3
Islamabad,2025-01-04,20.2,8.8,13.1,0.0,14.3,57,3
Islamabad,2025-01-05,17.4,8.7,12.3,0.5,12.5,64,51
Islamabad,2025-01-06,15.4,7.8,11.1,3.9,12.1,75,63
Islamabad,2025-01-07,17.3,7.7,11.5,0.0,15.1,56,0
Islamabad,2025-01-08,18.1,7.6,11.9,0.0,16.4,48,0
Islamabad,2025-01-09,18.9,6.7,11.5,0.0,7.2,51,0
Islamabad,2025-01-10,19.0,6.4,11.4,0.0,10.7,45,2
Islamabad,2025-01-11,16.4,6.5,10.7,0.0,6.2,58,3
Islamabad,2025-01-12,17.6,7.6,12.0,0.0,9.9,57,3
Islamabad,2025-01-13,17.6,6.4,11.1,0.0,12.6,53,3
Islamabad,2025-01-14,17.6,7.4,11.9,0.0,7.8,49,3
Islamabad,2025-01-15,18.7,6.2,11.9,0.0,7.1,45,0
Islamabad,2025-01-16,15.3,7.3,10.6,0.3,13.9,56,51
Islamabad,2025-01-17,17.4,7.5,11.8,0.0,14.4,47,3
Islamabad,2025-01-18,18.6,8.7,13.0,0.0,7.4,39,3
Islamabad,2025-01-19,15.3,8.5,10.9,1.6,8.2,52,53
Islamabad,2025-01-20,18.0,6.7,10.5,1.0,13.8,57,53
Islamabad,2025-01-21,18.6,6.7,12.1,0.0,11.6,57,0
Islamabad,2025-01-22,18.4,8.3,13.0,0.0,11.5,49,3
Islamabad,2025-01-23,19.0,8.6,13.3,0.0,14.9,43,3
Islamabad,2025-01-24,20.1,10.6,14.8,0.0,17.7,32,0
Islamabad,2025-01-25,20.8,8.8,13.9,0.0,13.8,19,0
Islamabad,2025-01-26,21.7,8.8,14.0,0.0,10.5,27,0
Islamabad,2025-01-27,22.3,7.7,14.4,0.0,11.3,21,0
Islamabad,2025-01-28,22.6,9.0,15.6,0.1,10.7,21,51
Islamabad,2025-01-29,19.4,10.2,14.7,0.7,12.3,43,51
Islamabad,2025-01-30,19.7,7.6,13.4,0.0,12.4,50,2
Islamabad,2025-01-31,19.8,9.7,14.1,0.1,10.1,39,51
Islamabad,2025-02-01,17.9,8.5,12.4,2.6,13.8,56,63
Islamabad,2025-02-02,20.7,8.1,14.0,0.0,13.7,47,0
Islamabad,2025-02-03,21.7,9.0,14.6,0.0,16.3,35,0
Islamabad,2025-02-04,18.6,8.7,13.4,0.0,13.2,50,0
Islamabad,2025-02-05,18.6,7.8,12.7,0.0,10.3,44,1
Islamabad,2025-02-06,18.8,8.3,13.0,0.0,15.4,34,3
Islamabad,2025-02-07,20.8,10.2,14.7,0.0,15.8,29,3
Islamabad,2025-02-08,22.2,10.3,16.1,0.0,12.0,26,3
Islamabad,2025-02-09,23.7,11.5,17.5,0.0,9.4,24,3
Islamabad,2025-02-10,20.3,13.6,16.6,0.0,11.4,32,3
Islamabad,2025-02-11,19.7,10.7,14.9,1.5,12.3,51,53
Islamabad,2025-02-12,20.6,9.4,14.7,0.0,11.7,38,0
Islamabad,2025-02-13,20.7,10.2,14.8,0.0,11.9,24,3
Islamabad,2025-02-14,22.2,8.8,15.6,0.0,10.6,22,3
Islamabad,2025-02-15,23.1,11.3,16.9,0.0,11.9,26,3
Islamabad,2025-02-16,23.1,10.8,16.1,0.3,11.0,39,51
Islamabad,2025-02-17,22.6,11.3,16.7,0.1,12.3,41,51
Islamabad,2025-02-18,24.3,10.7,17.5,0.0,16.8,26,3
Islamabad,2025-02-19,23.6,12.6,17.5,0.6,17.4,36,51
Islamabad,2025-02-20,13.3,9.1,11.3,21.6,13.4,87,63
Islamabad,2025-02-21,19.0,7.4,13.0,0.0,10.0,71,3
Islamabad,2025-02-22,20.7,10.2,14.5,0.0,11.0,64,2
Islamabad,2025-02-23,22.2,9.8,15.3,0.0,11.1,52,3
Islamabad,2025-02-24,23.6,10.6,16.7,0.0,12.8,46,3
Islamabad,2025-02-25,16.8,12.8,14.6,4.8,12.7,70,61
Islamabad,2025-02-26,18.1,12.6,14.9,7.0,18.8,81,61
Islamabad,2025-02-27,16.0,11.7,13.4,10.3,12.4,84,63
Islamabad,2025-02-28,17.0,9.9,12.5,15.6,9.9,86,63
Islamabad,2025-03-01,19.7,9.3,13.6,0.1,11.1,67,51
Islamabad,2025-03-02,21.0,9.2,14.4,0.0,9.3,62,3
Islamabad,2025-03-03,13.1,8.8,11.0,46.8,18.0,88,65
Islamabad,2025-03-04,16.1,7.1,11.1,0.2,17.0,69,51
Islamabad,2025-03-05,19.7,8.1,13.6,0.0,21.3,52,3
Islamabad,2025-03-06,22.3,8.9,15.1,0.0,9.0,54,2
Islamabad,2025-03-07,23.2,11.3,16.6,0.0,10.1,49,3
Islamabad,2025-03-08,23.4,11.9,16.8,0.0,17.5,52,3
Islamabad,2025-03-09,24.6,11.5,17.9,0.0,9.7,52,3
Islamabad,2025-03-10,20.5,14.6,16.8,11.6,13.2,67,63
Islamabad,2025-03-11,23.1,10.8,17.2,0.1,9.7,72,51
Islamabad,2025-03-12,22.3,14.2,17.9,5.5,8.1,76,61
Islamabad,2025-03-13,21.3,12.0,16.5,3.2,10.6,73,55
Islamabad,2025-03-14,18.8,12.4,15.2,6.5,15.7,71,63
Islamabad,2025-03-15,19.3,11.2,14.7,6.0,14.0,76,63
Islamabad,2025-03-16,22.6,11.1,16.4,0.0,11.4,68,3
Islamabad,2025-03-17,24.2,12.1,17.6,0.0,7.2,60,3
Islamabad,2025-03-18,25.2,12.7,18.4,0.0,9.5,58,3
Islamabad,2025-03-19,25.2,13.4,18.6,0.5,12.2,59,53
Islamabad,2025-03-20,25.1,13.8,18.8,0.0,11.0,52,0
Islamabad,2025-03-21,26.3,13.4,19.3,0.0,12.8,49,0
Islamabad,2025-03-22,29.1,12.0,19.5,0.0,10.8,43,3
Islamabad,2025-03-23,29.9,14.7,21.7,0.0,6.5,39,3
Islamabad,2025-03-24,28.8,16.3,21.9,0.0,7.3,49,3
Islamabad,2025-03-25,28.5,17.4,22.0,0.1,12.2,51,51
Islamabad,2025-03-26,26.2,15.1,20.1,1.9,19.6,58,53
Islamabad,2025-03-27,27.1,14.7,19.3,0.0,18.3,64,3
Islamabad,2025-03-28,21.4,11.1,15.9,0.4,16.8,52,51
Islamabad,2025-03-29,24.3,11.7,17.7,0.0,18.7,39,2
Islamabad,2025-03-30,26.9,12.2,19.6,0.0,19.3,35,0
Islamabad,2025-03-31,28.8,15.3,21.8,0.0,14.9,25,0
Islamabad,2025-04-01,29.8,16.6,22.9,0.0,13.1,21,0
Islamabad,2025-04-02,31.2,15.3,23.2,0.0,13.0,24,3
Islamabad,2025-04-03,24.2,15.6,19.9,0.2,25.4,39,51
Islamabad,2025-04-04,29.6,14.6,22.0,0.0,14.4,37,2
Islamabad,2025-04-05,31.9,18.8,24.9,0.0,15.5,29,3
Islamabad,2025-04-06,34.7,19.1,27.1,0.0,15.5,27,3
Islamabad,2025-04-07,36.7,21.7,28.5,0.0,11.7,31,3
Islamabad,2025-04-08,32.1,23.0,26.2,1.6,25.9,41,61
Islamabad,2025-04-09,34.5,19.6,26.0,1.0,18.9,47,53
Islamabad,2025-04-10,31.3,20.5,24.5,1.3,17.0,46,53
Islamabad,2025-04-11,29.0,17.7,23.4,1.2,15.2,43,55
Islamabad,2025-04-12,32.0,17.0,24.4,0.0,9.0,43,0
Islamabad,2025-04-13,34.2,18.8,26.4,0.0,9.9,39,0
Islamabad,2025-04-14,36.4,22.1,28.6,0.0,9.4,35,0
Islamabad,2025-04-15,36.3,22.6,29.4,0.0,10.9,34,1
Islamabad,2025-04-16,34.4,22.4,26.9,0.9,20.4,41,51
Islamabad,2025-04-17,34.7,20.3,27.1,0.0,10.5,45,3
Islamabad,2025-04-18,35.1,20.9,27.4,3.1,28.9,44,61
Islamabad,2025-04-19,29.9,19.4,23.7,6.4,21.4,56,63
Islamabad,2025-04-20,29.2,17.2,22.7,6.8,17.3,54,63
Islamabad,2025-04-21,34.4,16.4,25.8,0.0,16.6,36,3
Islamabad,2025-04-22,34.0,19.5,26.5,0.0,14.2,27,2
Islamabad,2025-04-23,34.5,17.7,26.3,0.0,14.3,25,3
Islamabad,2025-04-24,35.0,18.0,26.1,0.0,13.9,26,3
Islamabad,2025-04-25,36.5,19.8,27.8,0.0,14.2,21,3
Islamabad,2025-04-26,35.3,19.8,28.5,0.0,15.4,18,3
Islamabad,2025-04-27,36.9,19.5,29.0,0.0,14.8,22,0
Islamabad,2025-04-28,39.3,22.2,31.1,0.0,13.0,18,0
Islamabad,2025-04-29,38.1,23.6,31.1,0.0,15.1,20,3
Islamabad,2025-04-30,37.4,23.9,30.5,0.0,15.7,28,3
Islamabad,2025-05-01,33.4,23.3,28.1,1.1,26.0,40,55
Islamabad,2025-05-02,31.5,21.7,24.8,7.4,12.4,63,63
Islamabad,2025-05-03,29.4,20.1,25.1,1.3,11.9,57,53
Islamabad,2025-05-04,29.7,21.3,25.1,3.3,11.9,56,61
Islamabad,2025-05-05,30.3,20.2,24.4,0.0,15.1,64,3
Islamabad,2025-05-06,32.0,19.9,26.5,0.1,9.0,54,51
Islamabad,2025-05-07,32.2,22.4,28.0,0.3,11.3,45,51
Islamabad,2025-05-08,31.5,22.1,25.9,5.2,22.7,61,63
Islamabad,2025-05-09,28.5,20.8,24.4,1.8,16.5,71,61
Islamabad,2025-05-10,33.7,20.6,26.7,4.4,10.6,55,63
Islamabad,2025-05-11,33.0,22.0,27.7,0.5,11.3,45,51
Islamabad,2025-05-12,34.2,21.7,27.4,0.6,13.0,43,51
Islamabad,2025-05-13,36.5,22.1,29.5,0.0,11.2,33,2
Islamabad,2025-05-14,38.3,22.8,30.9,0.0,17.9,26,3
Islamabad,2025-05-15,40.1,23.6,32.5,0.0,13.4,21,0
Islamabad,2025-05-16,40.6,26.3,33.6,0.0,14.5,20,2
Islamabad,2025-05-17,41.7,25.9,33.9,0.0,10.4,20,0
Islamabad,2025-05-18,41.8,26.6,34.7,0.0,10.8,21,3
Islamabad,2025-05-19,40.3,28.0,34.1,0.0,11.8,22,3
Islamabad,2025-05-20,41.3,26.6,34.5,0.0,17.4,19,1
Islamabad,2025-05-21,42.9,27.1,35.4,0.0,15.3,20,2
Islamabad,2025-05-22,40.3,27.9,33.7,0.0,16.4,27,0
Islamabad,2025-05-23,38.3,26.9,32.2,0.0,18.2,38,3
Islamabad,2025-05-24,32.2,24.3,27.9,5.6,27.6,53,63
Islamabad,2025-05-25,34.7,21.7,28.1,0.0,8.8,54,1
Islamabad,2025-05-26,37.3,23.4,30.4,0.0,15.5,46,2
Islamabad,2025-05-27,34.6,25.3,29.3,1.4,23.2,51,53
Islamabad,2025-05-28,37.4,23.6,30.4,0.0,15.0,40,3
Islamabad,2025-05-29,37.6,24.2,28.9,7.5,15.0,40,63
Islamabad,2025-05-30,33.7,22.2,29.2,1.1,20.9,36,53
Islamabad,2025-05-31,28.7,20.0,24.8,4.7,21.1,55,61
Islamabad,2025-06-01,32.1,19.1,25.3,0.1,13.5,52,51
Islamabad,2025-06-02,34.4,20.9,27.8,0.0,13.8,40,3
Islamabad,2025-06-03,31.5,22.1,26.6,0.6,14.9,37,53
Islamabad,2025-06-04,31.3,21.7,26.4,1.0,11.9,42,53
Islamabad,2025-06-05,35.8,22.4,29.0,0.0,8.2,39,3
Islamabad,2025-06-06,38.0,23.8,31.3,0.0,11.9,40,1
Islamabad,2025-06-07,40.8,26.0,34.0,0.0,12.2,34,2
Islamabad,2025-06-08,41.1,27.3,34.6,0.0,15.4,25,0
Islamabad,2025-06-09,42.8,28.4,36.2,0.0,13.7,20,1
Islamabad,2025-06-10,43.7,27.8,36.8,0.0,11.1,20,1
Islamabad,2025-06-11,44.3,29.3,37.0,0.0,13.0,18,1
Islamabad,2025-06-12,43.6,28.8,36.8,0.0,13.5,17,1
Islamabad,2025-06-13,41.8,28.9,35.8,0.0,21.7,21,2
Islamabad,2025-06-14,40.3,29.0,34.9,0.0,20.8,26,3
Islamabad,2025-06-15,42.3,28.2,35.2,0.0,14.4,25,3
Islamabad,2025-06-16,36.3,29.3,32.9,0.1,9.6,35,51
Islamabad,2025-06-17,37.8,27.6,31.9,0.9,18.6,43,53
Islamabad,2025-06-18,39.1,26.9,33.5,0.0,11.8,41,0
Islamabad,2025-06-19,41.0,29.1,35.3,0.0,11.5,39,1
Islamabad,2025-06-20,41.0,30.3,35.6,0.0,14.7,45,1
Islamabad,2025-06-21,39.1,28.2,32.9,7.6,17.7,60,63
Islamabad,2025-06-22,33.3,24.9,28.9,25.5,10.4,76,65
Islamabad,2025-06-23,35.2,24.8,30.5,5.2,10.2,71,63
Islamabad,2025-06-24,36.0,26.4,31.2,0.0,11.7,71,2
Islamabad,2025-06-25,31.5,25.5,28.0,31.9,15.7,83,65
Islamabad,2025-06-26,29.6,25.4,27.1,7.5,17.5,86,61
Islamabad,2025-06-27,32.9,25.1,28.7,0.5,13.9,78,51
Islamabad,2025-06-28,34.0,24.2,29.6,4.5,9.8,76,63
Islamabad,2025-06-29,34.3,24.3,28.8,18.9,14.2,78,65
Islamabad,2025-06-30,33.9,23.7,28.5,21.5,13.0,78,63
Islamabad,2025-07-01,32.8,23.2,27.3,22.9,17.5,83,65
Islamabad,2025-07-02,31.7,23.9,27.3,17.7,12.2,82,63
Islamabad,2025-07-03,33.1,25.7,29.4,0.5,11.1,73,51
Islamabad,2025-07-04,34.5,26.3,30.0,0.2,8.8,75,51
Islamabad,2025-07-05,35.0,25.0,29.9,10.0,13.4,77,63
Islamabad,2025-07-06,32.6,24.3,28.3,22.2,16.4,81,65
Islamabad,2025-07-07,32.3,25.7,28.2,5.4,12.9,81,63
Islamabad,2025-07-08,30.7,25.1,27.8,4.4,11.6,84,61
Islamabad,2025-07-09,31.1,23.4,27.0,20.4,11.8,83,63
Islamabad,2025-07-10,28.6,22.3,25.6,11.2,13.8,86,63
Islamabad,2025-07-11,32.0,23.2,27.2,2.9,7.9,77,61
Islamabad,2025-07-12,33.4,22.1,28.1,3.7,10.3,72,61
Islamabad,2025-07-13,32.7,25.0,28.1,7.4,10.6,76,63
Islamabad,2025-07-14,31.2,23.2,27.2,1.3,7.8,76,53
Islamabad,2025-07-15,29.1,25.3,26.6,3.0,13.4,80,61
Islamabad,2025-07-16,27.6,23.6,25.2,55.0,14.7,85,65
Islamabad,2025-07-17,28.9,23.2,25.2,68.2,16.7,86,65
Islamabad,2025-07-18,32.0,24.2,28.0,0.3,10.3,76,51
Islamabad,2025-07-19,33.8,25.0,29.4,0.0,6.2,75,3
Islamabad,2025-07-20,33.7,26.4,29.6,1.4,11.0,77,51
Islamabad,2025-07-21,31.8,24.5,27.0,27.5,14.1,87,63
Islamabad,2025-07-22,30.3,24.2,26.1,22.3,13.9,87,63
Islamabad,2025-07-23,30.5,22.7,25.6,42.1,12.2,88,65
Islamabad,2025-07-24,31.7,23.7,27.4,0.1,8.1,80,51
Islamabad,2025-07-25,33.4,24.1,28.7,0.1,7.6,77,51
Islamabad,2025-07-26,33.9,25.7,29.7,0.0,7.6,73,0
Islamabad,2025-07-27,34.6,25.9,30.2,0.1,7.5,76,51
Islamabad,2025-07-28,34.2,25.7,29.5,1.0,10.1,79,53
Islamabad,2025-07-29,32.0,23.9,27.6,25.6,15.4,85,65
Islamabad,2025-07-30,30.2,23.2,26.2,35.2,15.4,85,65
Islamabad,2025-07-31,31.3,23.2,27.7,2.9,10.8,81,55
Islamabad,2025-08-01,30.9,23.8,27.0,2.6,13.5,84,53
Islamabad,2025-08-02,30.5,23.0,27.1,7.2,10.1,84,63
Islamabad,2025-08-03,32.1,22.8,28.0,2.3,12.0,80,61
Islamabad,2025-08-04,32.9,24.3,28.4,4.5,11.1,79,61
Islamabad,2025-08-05,32.1,24.0,28.1,4.4,13.2,79,61
Islamabad,2025-08-06,31.5,23.2,26.8,4.6,13.7,81,63
Islamabad,2025-08-07,32.6,23.2,27.9,0.8,7.8,77,53
Islamabad,2025-08-08,33.0,24.5,28.5,0.5,9.7,74,51
Islamabad,2025-08-09,32.3,23.7,27.9,1.5,10.9,78,53
Islamabad,2025-08-10,32.1,24.3,28.2,1.9,7.2,81,53
Islamabad,2025-08-11,34.5,25.6,30.1,0.4,9.6,74,51
Islamabad,2025-08-12,32.1,26.4,28.5,2.3,13.3,80,53
Islamabad,2025-08-13,33.2,25.7,28.9,0.3,11.8,77,51
Islamabad,2025-08-14,31.6,25.0,27.5,17.2,15.6,82,65
Islamabad,2025-08-15,31.2,23.5,26.9,9.6,10.1,84,63
Islamabad,2025-08-16,32.0,23.7,28.0,29.7,12.8,82,65
Islamabad,2025-08-17,30.5,23.5,26.6,24.0,12.8,85,63
Islamabad,2025-08-18,27.5,23.0,25.3,50.2,11.7,90,65
Islamabad,2025-08-19,30.4,22.7,26.3,4.7,12.3,81,63
Islamabad,2025-08-20,31.6,23.2,26.9,0.0,10.3,78,0
Islamabad,2025-08-21,32.1,23.7,27.9,0.0,9.3,77,1
Islamabad,2025-08-22,32.7,24.7,28.7,0.1,8.2,74,51
Islamabad,2025-08-23,30.7,24.6,27.0,8.5,10.6,82,63
Islamabad,2025-08-24,28.7,22.7,24.7,30.3,15.0,86,63
Islamabad,2025-08-25,30.2,22.1,25.7,2.2,16.0,81,61
Islamabad,2025-08-26,30.5,22.9,25.8,0.0,11.6,80,1
Islamabad,2025-08-27,28.4,23.2,25.4,2.3,9.9,80,53
Islamabad,2025-08-28,32.2,23.1,27.7,0.1,6.6,79,51
Islamabad,2025-08-29,31.0,23.6,27.5,4.4,12.7,82,53
Islamabad,2025-08-30,29.8,22.8,26.0,7.0,11.2,84,63
Islamabad,2025-08-31,28.1,23.5,25.3,2.0,13.2,87,53
Islamabad,2025-09-01,29.6,22.5,25.2,6.6,9.9,82,63
Islamabad,2025-09-02,29.3,22.1,25.1,2.5,12.1,81,61
Islamabad,2025-09-03,27.4,21.8,24.2,3.9,14.5,80,61
Islamabad,2025-09-04,30.7,22.0,25.6,0.2,11.0,78,51
Islamabad,2025-09-05,31.6,22.9,26.8,0.0,6.5,76,1
Islamabad,2025-09-06,32.1,23.6,27.7,0.0,9.7,74,1
Islamabad,2025-09-07,29.5,22.7,25.7,5.0,14.1,80,61
Islamabad,2025-09-08,29.1,22.8,26.0,0.3,9.5,78,51
Islamabad,2025-09-09,31.4,23.6,27.3,0.0,5.8,76,3
Islamabad,2025-09-10,32.6,23.7,27.8,0.0,8.1,74,0
Islamabad,2025-09-11,33.3,23.2,27.9,0.0,11.0,72,1
Islamabad,2025-09-12,33.1,23.8,28.2,0.7,10.0,74,51
Islamabad,2025-09-13,33.0,24.6,28.8,1.0,9.6,71,51
Islamabad,2025-09-14,33.2,23.9,28.5,2.5,11.6,73,61
Islamabad,2025-09-15,33.7,24.3,28.8,3.4,14.2,70,55
Islamabad,2025-09-16,31.3,21.4,26.5,38.2,14.7,78,65
Islamabad,2025-09-17,32.7,21.9,27.7,2.5,11.1,72,63
Islamabad,2025-09-18,30.5,21.6,25.8,19.6,17.5,77,65
Islamabad,2025-09-19,32.0,20.9,26.5,3.1,22.5,75,63
Islamabad,2025-09-20,32.4,22.4,26.7,0.0,7.1,71,0
Islamabad,2025-09-21,33.1,22.4,27.3,0.0,7.9,66,0
Islamabad,2025-09-22,33.8,22.4,27.8,0.0,9.7,66,1
Islamabad,2025-09-23,35.2,23.2,28.8,0.0,9.4,58,1
Islamabad,2025-09-24,35.3,23.7,29.1,0.0,8.0,55,0
Islamabad,2025-09-25,31.8,22.4,26.6,4.8,28.3,65,63
Islamabad,2025-09-26,33.3,22.3,27.0,0.0,10.5,57,0
Islamabad,2025-09-27,35.2,20.8,27.6,0.0,9.8,52,0
Islamabad,2025-09-28,35.6,22.6,28.5,0.0,9.1,48,0
Islamabad,2025-09-29,35.3,23.1,28.0,0.0,10.3,51,0
Islamabad,2025-09-30,34.2,22.9,28.4,0.0,10.4,47,0
Islamabad,2025-10-01,31.0,20.5,26.1,8.1,11.1,62,63
Islamabad,2025-10-02,30.9,21.9,26.0,1.7,8.7,68,61
Islamabad,2025-10-03,27.8,21.3,24.3,2.8,18.7,71,53
Islamabad,2025-10-04,28.2,19.3,23.3,3.5,12.8,73,63
Islamabad,2025-10-05,25.1,19.1,21.8,0.8,21.0,67,51
Islamabad,2025-10-06,19.6,15.7,17.3,30.0,12.9,84,63
Islamabad,2025-10-07,22.0,14.2,17.5,4.1,12.9,79,61
Islamabad,2025-10-08,25.6,15.0,19.8,0.0,9.9,69,0
Islamabad,2025-10-09,26.5,16.5,20.7,0.0,10.0,66,0
Islamabad,2025-10-10,27.3,16.4,21.4,0.0,6.8,63,0
Islamabad,2025-10-11,27.3,17.5,21.5,0.0,12.7,60,0
Islamabad,2025-10-12,27.9,16.7,21.5,0.0,7.4,60,0
Islamabad,2025-10-13,28.1,17.0,22.0,0.0,7.9,57,0
Islamabad,2025-10-14,28.1,18.1,22.5,0.0,10.7,65,0
Islamabad,2025-10-15,28.1,19.1,22.8,0.0,8.8,66,0
Islamabad,2025-10-16,28.2,17.6,22.4,0.0,10.2,66,0
Islamabad,2025-10-17,29.1,19.1,23.3,0.0,6.1,63,0
Islamabad,2025-10-18,29.4,18.2,23.1,0.0,6.3,62,3
Islamabad,2025-10-19,29.4,19.4,23.3,0.0,8.1,60,3
Islamabad,2025-10-20,28.9,18.0,22.3,0.0,7.8,57,0
Islamabad,2025-10-21,28.1,18.0,22.0,0.0,9.3,54,1
Islamabad,2025-10-22,28.4,16.7,21.7,0.0,10.7,53,0
Islamabad,2025-10-23,28.4,17.4,22.0,0.0,7.4,47,0
Islamabad,2025-10-24,28.2,17.0,21.5,0.0,7.3,49,0
Islamabad,2025-10-25,28.2,16.6,21.4,0.0,6.4,56,0
Islamabad,2025-10-26,27.9,16.7,21.2,0.0,7.6,56,1
Islamabad,2025-10-27,27.1,16.1,20.8,0.0,8.1,57,0
Islamabad,2025-10-28,27.1,16.2,20.5,0.0,8.4,59,0
Islamabad,2025-10-29,26.6,15.4,20.1,0.0,10.5,63,0
Islamabad,2025-10-30,27.0,16.5,20.5,0.0,10.1,60,0
Islamabad,2025-10-31,26.9,15.7,20.4,0.0,10.3,57,0
Islamabad,2025-11-01,26.8,15.9,20.4,0.0,9.4,62,0
Islamabad,2025-11-02,26.9,15.3,20.2,0.0,9.8,59,0
Islamabad,2025-11-03,26.8,14.8,20.1,0.0,10.9,52,0
Islamabad,2025-11-04,24.3,12.9,16.9,9.8,25.6,72,65
Islamabad,2025-11-05,21.9,12.2,16.2,0.0,13.6,66,0
Islamabad,2025-11-06,23.7,12.4,16.8,0.0,11.3,56,0
Islamabad,2025-11-07,24.5,11.2,16.7,0.0,7.9,51,0
Islamabad,2025-11-08,23.7,11.7,16.7,0.0,7.8,50,0
Islamabad,2025-11-09,23.7,11.2,16.5,0.0,8.9,48,0
Islamabad,2025-11-10,23.0,11.8,16.2,0.0,6.7,49,0
Islamabad,2025-11-11,22.9,11.9,16.1,0.0,8.7,51,0
Islamabad,2025-11-12,22.4,11.0,15.6,0.0,9.4,55,0
Islamabad,2025-11-13,22.2,10.9,15.4,0.0,8.6,57,0
Islamabad,2025-11-14,22.2,9.9,15.2,0.0,5.7,56,0
Islamabad,2025-11-15,21.9,10.0,15.0,0.0,7.5,55,0
Islamabad,2025-11-16,21.7,9.7,14.8,0.0,7.1,58,3
Islamabad,2025-11-17,21.3,9.3,14.8,0.0,7.3,60,2
Islamabad,2025-11-18,21.5,11.0,15.3,0.0,8.7,63,2
Islamabad,2025-11-19,21.2,10.7,15.2,0.0,5.0,62,0
Islamabad,2025-11-20,21.6,10.5,15.7,0.0,6.2,61,0
Islamabad,2025-11-21,21.5,11.6,15.6,0.0,6.8,64,0
Islamabad,2025-11-22,20.3,9.9,14.4,0.0,11.3,65,0
Islamabad,2025-11-23,20.2,10.3,14.3,0.0,8.0,62,0
Islamabad,2025-11-24,19.7,9.4,13.3,0.0,8.9,64,0
Islamabad,2025-11-25,19.2,8.3,12.7,0.0,10.2,65,0
Islamabad,2025-11-26,19.1,8.6,13.0,0.0,5.4,61,0
Islamabad,2025-11-27,19.1,8.2,12.6,0.0,7.0,65,0
Islamabad,2025-11-28,19.5,8.1,12.8,0.0,5.6,61,0
Islamabad,2025-11-29,19.9,8.1,12.9,0.0,6.6,59,0
Islamabad,2025-11-30,19.6,8.2,12.7,0.0,7.3,58,3
Islamabad,2025-12-01,18.9,7.9,12.5,0.0,3.6,62,3
Islamabad,2025-12-02,18.2,7.7,11.8,0.0,7.5,63,2
Islamabad,2025-12-03,18.9,6.8,11.8,0.0,9.5,65,2
Islamabad,2025-12-04,19.6,8.4,12.6,0.0,7.0,62,3
Islamabad,2025-12-05,20.0,8.5,13.1,0.0,10.8,57,3
Islamabad,2025-12-06,20.6,8.0,13.4,0.0,13.6,50,3
Islamabad,2025-12-07,20.5,8.9,13.5,0.0,7.9,55,2
Islamabad,2025-12-08,20.8,8.9,13.3,0.0,11.0,52,0
Islamabad,2025-12-09,20.7,9.2,13.8,0.0,11.5,45,3
Islamabad,2025-12-10,21.3,8.9,14.0,0.0,7.8,48,3
Islamabad,2025-12-11,20.9,9.0,14.0,0.0,10.7,51,2
Islamabad,2025-12-12,20.2,9.3,14.4,0.0,8.2,50,3
Islamabad,2025-12-13,18.4,11.6,14.0,0.0,7.0,62,3
Islamabad,2025-12-14,19.2,10.0,14.1,0.0,8.1,68,3
Islamabad,2025-12-15,20.4,9.5,14.1,0.0,8.9,66,3
Islamabad,2025-12-16,22.4,9.6,14.8,0.0,14.6,57,3
Islamabad,2025-12-17,22.1,10.8,15.5,0.0,8.3,56,3
Islamabad,2025-12-18,21.4,12.1,15.7,0.0,6.8,53,3
Islamabad,2025-12-19,20.8,10.2,14.7,0.0,8.2,55,3
Islamabad,2025-12-20,19.2,11.2,14.9,0.2,6.1,57,51
Islamabad,2025-12-21,15.4,10.3,12.9,13.5,11.8,80,63
Islamabad,2025-12-22,18.6,9.7,12.6,23.9,11.9,86,65
Islamabad,2025-12-23,18.4,8.8,12.8,0.0,16.3,75,3
Islamabad,2025-12-24,20.1,9.5,13.2,0.0,14.2,67,3
Islamabad,2025-12-25,18.5,7.9,12.2,0.0,6.9,64,3
Islamabad,2025-12-26,18.2,9.5,12.5,0.0,8.3,57,3
Islamabad,2025-12-27,18.1,7.9,12.0,0.0,6.7,60,3
Islamabad,2025-12-28,16.8,8.5,12.4,0.2,5.2,61,51
Islamabad,2025-12-29,18.2,7.8,12.3,0.0,9.1,67,3
Islamabad,2025-12-30,15.4,9.9,11.9,0.7,11.1,72,53
Islamabad,2025-12-31,13.6,7.5,10.6,2.9,9.3,88,53
Islamabad,2026-01-01,14.2,8.6,10.9,7.6,8.9,85,61
Islamabad,2026-01-02,16.5,6.7,10.6,0.0,11.5,77,3
Islamabad,2026-01-03,16.3,8.1,11.0,0.0,9.0,75,3
Islamabad,2026-01-04,15.1,6.9,10.3,2.1,6.7,86,55
Islamabad,2026-01-05,14.8,7.3,10.1,0.0,10.0,80,3
Islamabad,2026-01-06,15.2,5.8,9.6,0.0,8.3,70,1
Islamabad,2026-01-07,15.9,6.4,9.7,0.0,10.9,67,1
Islamabad,2026-01-08,14.2,4.1,8.7,0.0,4.8,63,0
Islamabad,2026-01-09,14.1,3.8,8.2,0.0,7.3,73,0
Islamabad,2026-01-10,15.4,4.3,8.8,0.0,6.2,68,0
Islamabad,2026-01-11,15.5,4.3,8.8,0.0,7.7,67,3
Islamabad,2026-01-12,15.4,5.7,9.6,0.0,5.4,63,3
Islamabad,2026-01-13,15.9,3.7,9.3,0.0,7.9,69,2
Islamabad,2026-01-14,16.8,5.2,10.0,0.0,7.5,66,3
Islamabad,2026-01-15,17.4,4.6,10.4,0.0,5.8,71,3
Islamabad,2026-01-16,15.2,8.7,10.8,0.3,6.5,66,51
Islamabad,2026-01-17,17.3,7.0,11.1,0.0,9.4,67,3
Islamabad,2026-01-18,19.3,7.6,12.2,0.0,12.0,61,3
Islamabad,2026-01-19,18.8,8.8,12.7,1.1,7.6,57,55
Islamabad,2026-01-20,18.8,6.9,12.2,0.0,11.2,63,3
Islamabad,2026-01-21,19.0,8.8,12.5,0.0,9.3,50,3
Islamabad,2026-01-22,16.2,7.2,11.1,7.9,19.7,54,63
Islamabad,2026-01-23,10.2,4.0,8.1,21.9,27.8,90,63
Islamabad,2026-01-24,12.0,2.8,7.1,0.0,19.1,77,3
Islamabad,2026-01-25,16.6,5.3,10.4,0.0,16.5,58,3
Islamabad,2026-01-26,14.1,8.1,10.9,0.2,11.4,65,51
Islamabad,2026-01-27,11.8,7.1,9.5,7.1,9.1,86,55
Islamabad,2026-01-28,15.3,4.8,9.5,0.0,9.1,78,3
Islamabad,2026-01-29,16.5,6.4,10.7,0.0,11.4,71,3
Islamabad,2026-01-30,18.6,8.2,12.4,0.0,8.5,63,3
Islamabad,2026-01-31,17.6,7.9,12.4,0.0,8.0,63,3
Islamabad,2026-02-01,16.6,9.2,12.5,0.3,8.4,68,51
Islamabad,2026-02-02,18.4,8.1,12.6,0.0,12.3,67,3
Islamabad,2026-02-03,17.9,8.4,12.4,1.5,12.2,68,55
Islamabad,2026-02-04,19.4,9.2,13.5,0.0,16.1,56,3
Islamabad,2026-02-05,20.1,8.8,13.5,0.0,13.2,52,3
Islamabad,2026-02-06,19.2,8.6,12.0,8.9,20.2,62,63
Islamabad,2026-02-07,18.3,7.5,12.0,0.0,15.7,65,0
Islamabad,2026-02-08,20.4,8.1,13.3,0.0,10.7,55,3
Islamabad,2026-02-09,19.2,10.7,14.5,0.1,8.8,52,51
Islamabad,2026-02-10,15.4,9.6,11.8,18.8,17.4,81,63
Islamabad,2026-02-11,19.3,8.8,13.4,0.0,15.1,69,3
Islamabad,2026-02-12,21.4,9.1,14.6,0.0,11.7,59,3
Islamabad,2026-02-13,22.2,10.0,15.3,0.0,7.7,56,2
Islamabad,2026-02-14,22.4,11.0,15.8,0.0,13.0,53,3
Islamabad,2026-02-15,23.1,11.3,16.1,0.0,10.1,55,3
Islamabad,2026-02-16,23.7,11.5,16.7,0.0,10.3,47,3
Islamabad,2026-02-17,22.2,12.1,16.5,0.0,11.6,52,3
Islamabad,2026-02-18,23.4,12.0,17.1,0.0,12.1,48,3
Islamabad,2026-02-19,25.1,11.5,18.0,0.0,8.9,47,0
Islamabad,2026-02-20,25.0,13.2,18.2,0.0,11.8,47,0
Islamabad,2026-02-21,25.6,12.3,18.4,0.0,9.7,42,0
Islamabad,2026-02-22,25.8,13.4,19.1,0.0,7.3,46,0
Islamabad,2026-02-23,25.7,13.5,19.0,0.0,9.8,43,0
Islamabad,2026-02-24,26.5,13.1,19.0,0.0,8.8,43,0
Islamabad,2026-02-25,26.5,14.4,19.7,0.0,10.3,42,1
Islamabad,2026-02-26,26.2,14.9,19.8,0.0,9.6,42,1
Islamabad,2026-02-27,26.9,14.8,20.0,0.0,11.0,37,2
Islamabad,2026-02-28,26.7,15.2,20.1,0.0,12.5,37,1
Islamabad,2026-03-01,27.0,14.2,20.2,0.0,13.7,31,0
Islamabad,2026-03-02,27.4,13.9,20.2,0.0,14.8,26,2
Islamabad,2026-03-03,29.1,14.7,21.9,0.0,13.7,28,1
Islamabad,2026-03-04,30.4,17.2,23.3,0.0,10.2,30,3
Islamabad,2026-03-05,32.3,17.5,24.6,0.0,10.3,34,3
Islamabad,2026-03-06,33.1,18.7,25.6,0.0,12.0,33,3
Islamabad,2026-03-07,29.1,20.2,24.0,0.0,12.3,46,3
Islamabad,2026-03-08,32.4,16.5,23.8,0.0,11.7,45,2
Islamabad,2026-03-09,31.1,18.9,24.0,1.1,24.5,40,53
Islamabad,2026-03-10,25.9,17.1,20.5,3.9,21.0,66,61
Islamabad,2026-03-11,24.1,15.9,19.4,39.2,14.4,71,65
Islamabad,2026-03-12,23.3,14.7,18.6,2.0,9.6,71,61
Islamabad,2026-03-13,24.5,14.7,18.7,0.0,11.0,62,3
Islamabad,2026-03-14,26.4,14.7,19.8,0.0,9.9,54,3
Islamabad,2026-03-15,19.5,13.2,15.7,10.6,19.8,71,63
Islamabad,2026-03-16,18.8,10.5,14.4,1.7,11.0,71,55
Islamabad,2026-03-17,21.5,11.9,16.4,0.0,12.2,64,3
Islamabad,2026-03-18,17.0,13.3,14.8,5.7,13.5,80,61
Islamabad,2026-03-19,18.5,13.3,15.3,4.6,9.9,81,55
Islamabad,2026-03-20,19.7,11.6,15.0,11.3,9.6,82,65
Islamabad,2026-03-21,21.8,11.2,16.3,0.0,11.5,70,3
Islamabad,2026-03-22,23.2,13.2,18.0,0.0,15.8,63,3
Islamabad,2026-03-23,24.6,13.5,18.9,0.4,14.9,58,51
Islamabad,2026-03-24,25.4,15.1,19.8,0.1,12.2,52,51
Islamabad,2026-03-25,27.1,16.1,20.5,3.6,13.9,58,61
Islamabad,2026-03-26,23.6,15.9,19.4,1.1,11.7,70,53
Islamabad,2026-03-27,27.0,15.9,21.4,0.0,13.1,58,3
Islamabad,2026-03-28,28.1,16.5,22.3,0.0,10.9,52,3
Islamabad,2026-03-29,24.5,17.0,20.2,13.1,11.3,74,63
Islamabad,2026-03-30,24.2,15.0,17.9,26.4,17.0,84,63
Islamabad,2026-03-31,25.5,13.1,19.2,0.0,11.3,70,3
Islamabad,2026-04-01,25.9,16.2,20.7,0.0,8.5,61,3
Islamabad,2026-04-02,26.1,18.5,21.1,3.2,12.8,66,63
Islamabad,2026-04-03,20.6,15.4,18.5,22.5,18.0,78,63
Islamabad,2026-04-04,20.3,13.5,16.7,4.7,24.3,76,61
Islamabad,2026-04-05,24.1,12.4,17.8,0.2,9.5,65,51
Islamabad,2026-04-06,24.7,15.1,19.4,0.0,12.1,60,3
Islamabad,2026-04-07,17.2,12.5,15.0,29.8,32.7,86,63
Islamabad,2026-04-08,18.2,11.4,13.8,10.8,12.2,86,63
Islamabad,2026-04-09,19.8,11.5,15.7,0.8,11.5,74,51
Islamabad,2026-04-10,23.7,13.0,18.2,0.0,13.6,62,3
Islamabad,2026-04-11,22.9,15.0,18.6,0.4,9.5,63,51
Islamabad,2026-04-12,25.5,15.0,20.1,0.0,10.8,60,1
Islamabad,2026-04-13,27.6,16.4,21.6,0.0,12.7,55,3
Islamabad,2026-04-14,29.2,16.9,22.4,0.0,11.7,53,1
Islamabad,2026-04-15,30.0,18.0,23.5,0.0,15.2,51,3
Islamabad,2026-04-16,30.6,18.1,23.8,0.7,15.3,49,53
Islamabad,2026-04-17,26.8,17.9,21.6,2.9,23.7,67,61
Islamabad,2026-04-18,29.0,17.5,22.5,0.6,16.9,66,51
Islamabad,2026-04-19,28.7,17.0,22.5,0.9,13.5,64,53
Islamabad,2026-04-20,31.1,18.3,24.1,0.0,11.8,53,3
Islamabad,2026-04-21,32.2,19.9,25.6,0.0,14.6,42,3
Islamabad,2026-04-22,34.3,20.0,27.4,0.0,12.4,38,3
Jacobabad,2024-04-22,37.0,22.1,29.8,0.0,11.2,24,0
Jacobabad,2024-04-23,37.8,21.8,29.9,0.0,18.4,26,0
Jacobabad,2024-04-24,39.8,23.0,31.4,0.0,18.4,22,1
Jacobabad,2024-04-25,40.7,22.9,32.6,0.0,16.5,21,3
Jacobabad,2024-04-26,38.5,26.1,30.5,1.7,29.4,31,55
Jacobabad,2024-04-27,35.8,21.7,29.1,0.0,14.5,36,3
Jacobabad,2024-04-28,36.3,24.8,30.4,0.0,19.0,25,3
Jacobabad,2024-04-29,34.0,22.5,28.7,0.0,19.4,16,1
Jacobabad,2024-04-30,35.3,21.0,28.0,0.0,21.6,12,0
Jacobabad,2024-05-01,35.5,21.2,28.4,0.0,16.6,16,0
Jacobabad,2024-05-02,39.2,19.7,30.1,0.0,10.2,16,3
Jacobabad,2024-05-03,38.7,23.0,31.1,0.0,14.5,20,3
Jacobabad,2024-05-04,38.4,27.0,32.3,0.0,21.7,29,1
Jacobabad,2024-05-05,40.2,26.5,33.4,0.0,13.1,27,3
Jacobabad,2024-05-06,42.7,26.5,35.5,0.0,13.0,19,0
Jacobabad,2024-05-07,45.0,26.8,36.2,0.0,13.5,17,0
Jacobabad,2024-05-08,45.4,27.1,37.2,0.0,12.7,16,0
Jacobabad,2024-05-09,46.3,28.5,38.2,0.0,23.7,14,0
Jacobabad,2024-05-10,45.9,29.8,38.7,0.0,24.1,17,1
Jacobabad,2024-05-11,42.2,29.1,35.3,0.0,19.1,25,2
Jacobabad,2024-05-12,42.7,27.6,35.3,0.0,19.2,16,0
Jacobabad,2024-05-13,42.7,27.5,35.5,0.0,17.4,15,1
Jacobabad,2024-05-14,43.7,28.6,36.3,0.0,12.0,17,1
Jacobabad,2024-05-15,45.6,29.0,38.1,0.0,18.2,16,1
Jacobabad,2024-05-16,46.0,30.2,38.2,0.0,22.4,14,3
Jacobabad,2024-05-17,46.6,31.0,39.4,0.0,21.7,14,0
Jacobabad,2024-05-18,45.2,30.8,38.2,0.0,31.7,18,3
Jacobabad,2024-05-19,44.5,31.1,38.1,0.0,15.6,19,3
Jacobabad,2024-05-20,45.6,28.7,37.3,0.0,16.3,20,0
Jacobabad,2024-05-21,46.5,31.9,39.3,0.0,17.4,12,0
Jacobabad,2024-05-22,47.2,30.6,38.7,0.0,12.6,10,0
Jacobabad,2024-05-23,48.8,28.4,39.6,0.0,22.6,11,0
Jacobabad,2024-05-24,48.2,31.5,40.3,0.0,14.4,14,1
Jacobabad,2024-05-25,48.0,31.8,40.4,0.0,27.4,15,1
Jacobabad,2024-05-26,49.5,33.5,41.7,0.0,20.6,13,0
Jacobabad,2024-05-27,49.4,35.5,42.8,0.0,27.2,8,0
Jacobabad,2024-05-28,48.6,35.0,41.7,0.0,23.4,7,0
Jacobabad,2024-05-29,47.8,33.2,40.6,0.0,20.1,5,0
Jacobabad,2024-05-30,47.6,32.2,40.5,0.0,19.8,6,0
Jacobabad,2024-05-31,47.0,29.0,38.9,0.0,18.8,9,0
Jacobabad,2024-06-01,45.5,31.4,38.2,0.0,15.4,29,1
Jacobabad,2024-06-02,47.1,31.6,39.2,0.0,18.7,23,0
Jacobabad,2024-06-03,47.0,32.2,39.6,0.0,18.5,23,0
Jacobabad,2024-06-04,46.5,31.0,38.6,0.0,22.3,32,0
Jacobabad,2024-06-05,45.5,30.5,37.7,0.0,19.8,38,1
Jacobabad,2024-06-06,43.3,31.9,35.5,0.3,36.1,43,51
Jacobabad,2024-06-07,42.0,29.2,35.1,0.2,19.5,38,51
Jacobabad,2024-06-08,40.2,28.6,33.5,0.2,13.9,39,51
Jacobabad,2024-06-09,42.5,27.0,35.1,0.0,10.8,34,1
Jacobabad,2024-06-10,44.2,29.0,36.7,0.0,15.1,23,1
Jacobabad,2024-06-11,45.0,29.6,37.6,0.0,15.7,21,1
Jacobabad,2024-06-12,46.3,31.0,38.2,0.0,16.5,26,1
Jacobabad,2024-06-13,45.5,30.2,37.5,0.0,17.4,35,1
Jacobabad,2024-06-14,44.2,30.1,37.0,0.0,19.8,41,3
Jacobabad,2024-06-15,43.5,31.2,37.2,0.0,16.2,40,2
Jacobabad,2024-06-16,44.7,32.9,38.5,0.0,16.4,36,1
Jacobabad,2024-06-17,45.3,32.5,38.7,0.0,17.3,36,0
Jacobabad,2024-06-18,45.9,31.9,38.3,0.0,19.8,39,1
Jacobabad,2024-06-19,45.2,31.1,37.9,0.0,21.7,40,1
Jacobabad,2024-06-20,44.5,31.1,37.6,0.1,25.1,40,51
Jacobabad,2024-06-21,36.8,26.5,32.2,6.0,34.3,58,63
Jacobabad,2024-06-22,38.8,29.1,33.3,0.0,20.3,53,3
Jacobabad,2024-06-23,42.3,28.5,35.6,0.0,12.0,42,1
Jacobabad,2024-06-24,44.3,29.9,37.2,0.0,10.9,31,0
Jacobabad,2024-06-25,45.0,32.3,38.4,0.0,14.5,28,1
Jacobabad,2024-06-26,44.8,32.0,38.7,0.0,14.8,33,2
Jacobabad,2024-06-27,45.4,32.4,38.9,0.0,19.5,36,3
Jacobabad,2024-06-28,41.4,31.5,36.7,0.0,11.4,47,3
Jacobabad,2024-06-29,43.3,32.2,37.5,0.0,19.5,45,2
Jacobabad,2024-06-30,44.2,33.0,38.5,0.0,18.0,43,0
Jacobabad,2024-07-01,44.5,33.3,38.6,0.0,20.1,42,0
Jacobabad,2024-07-02,44.6,33.0,38.8,0.0,18.3,41,1
Jacobabad,2024-07-03,44.9,33.5,39.0,0.0,17.7,44,3
Jacobabad,2024-07-04,44.7,33.7,38.9,0.0,19.0,44,3
Jacobabad,2024-07-05,44.3,32.5,38.4,0.0,17.9,43,3
Jacobabad,2024-07-06,43.8,31.5,37.9,0.0,21.9,46,0
Jacobabad,2024-07-07,40.2,32.8,36.3,1.8,25.5,51,55
Jacobabad,2024-07-08,40.2,26.9,35.2,11.5,17.6,54,65
Jacobabad,2024-07-09,44.2,32.7,38.2,0.0,14.2,41,3
Jacobabad,2024-07-10,44.1,33.8,39.1,0.0,18.1,36,0
Jacobabad,2024-07-11,45.7,33.0,39.0,0.0,25.3,42,1
Jacobabad,2024-07-12,44.1,32.0,37.7,0.0,19.3,46,1
Jacobabad,2024-07-13,40.9,31.4,36.1,0.0,19.6,50,1
Jacobabad,2024-07-14,42.6,31.0,36.8,0.3,21.4,47,51
Jacobabad,2024-07-15,42.6,26.2,36.5,9.6,21.4,50,65
Jacobabad,2024-07-16,43.2,33.0,38.2,0.0,14.1,40,1
Jacobabad,2024-07-17,44.2,33.5,38.8,0.0,16.5,38,3
Jacobabad,2024-07-18,44.4,32.8,38.1,0.1,16.8,44,51
Jacobabad,2024-07-19,41.9,32.3,36.5,0.3,14.9,51,51
Jacobabad,2024-07-20,41.2,30.4,35.6,0.9,15.9,56,53
Jacobabad,2024-07-21,42.2,32.0,36.9,0.0,10.7,51,3
Jacobabad,2024-07-22,44.0,34.0,38.7,0.0,21.3,43,3
Jacobabad,2024-07-23,44.2,32.8,38.1,0.0,24.6,48,3
Jacobabad,2024-07-24,43.9,33.0,37.8,0.0,19.7,46,2
Jacobabad,2024-07-25,43.0,31.1,37.2,0.0,17.5,47,1
Jacobabad,2024-07-26,43.1,32.6,38.1,0.0,16.6,47,3
Jacobabad,2024-07-27,44.0,33.5,38.5,0.0,16.9,47,3
Jacobabad,2024-07-28,43.3,32.7,37.9,0.0,17.9,46,3
Jacobabad,2024-07-29,43.9,33.5,38.3,0.0,18.1,45,3
Jacobabad,2024-07-30,40.0,30.9,33.4,31.2,15.9,69,65
Jacobabad,2024-07-31,40.8,30.9,35.5,0.0,20.0,61,3
Jacobabad,2024-08-01,40.7,30.8,35.3,0.0,21.6,59,3
Jacobabad,2024-08-02,36.5,28.6,32.3,9.1,20.3,71,63
Jacobabad,2024-08-03,33.8,27.3,29.2,43.4,16.8,85,65
Jacobabad,2024-08-04,32.2,26.6,29.0,32.8,27.3,84,63
Jacobabad,2024-08-05,33.0,27.5,30.0,6.2,14.1,81,63
Jacobabad,2024-08-06,32.4,28.4,29.8,0.0,11.7,79,3
Jacobabad,2024-08-07,36.2,27.2,31.4,0.0,14.5,71,1
Jacobabad,2024-08-08,36.8,29.0,32.7,0.0,12.9,71,2
Jacobabad,2024-08-09,36.2,30.0,33.1,0.0,12.5,70,3
Jacobabad,2024-08-10,38.1,30.5,34.0,0.0,12.8,64,3
Jacobabad,2024-08-11,38.8,29.9,34.2,0.0,16.8,63,3
Jacobabad,2024-08-12,36.3,29.8,33.0,2.6,13.8,66,55
Jacobabad,2024-08-13,38.0,29.9,33.9,1.1,13.2,62,51
Jacobabad,2024-08-14,39.2,31.0,34.9,0.0,11.7,58,3
Jacobabad,2024-08-15,40.0,30.5,35.3,0.0,15.5,54,3
Jacobabad,2024-08-16,37.0,28.0,32.1,5.1,18.0,68,63
Jacobabad,2024-08-17,28.1,26.1,27.1,44.5,13.9,92,63
Jacobabad,2024-08-18,31.6,26.3,27.6,18.7,20.4,90,63
Jacobabad,2024-08-19,33.8,26.0,29.8,0.5,11.0,79,51
Jacobabad,2024-08-20,34.8,27.4,31.0,0.3,9.8,76,51
Jacobabad,2024-08-21,34.8,28.8,31.2,2.6,10.4,77,63
Jacobabad,2024-08-22,34.6,27.6,30.7,1.4,14.2,79,51
Jacobabad,2024-08-23,35.0,28.3,31.4,2.8,10.9,77,55
Jacobabad,2024-08-24,35.3,28.5,31.6,0.7,8.6,74,51
Jacobabad,2024-08-25,37.5,28.2,32.7,0.0,7.0,69,0
Jacobabad,2024-08-26,38.0,29.6,33.3,0.2,19.7,63,51
Jacobabad,2024-08-27,33.5,27.9,31.1,10.0,29.2,68,63
Jacobabad,2024-08-28,30.4,25.3,27.4,32.3,18.2,86,65
Jacobabad,2024-08-29,34.1,26.5,30.2,0.5,17.6,72,51
Jacobabad,2024-08-30,29.6,25.5,27.4,26.7,21.4,86,63
Jacobabad,2024-08-31,32.3,24.6,28.2,13.2,14.8,79,63
Jacobabad,2024-09-01,34.0,25.2,29.6,0.0,10.5,74,2
Jacobabad,2024-09-02,34.2,26.5,30.2,0.0,10.2,73,1
Jacobabad,2024-09-03,34.1,27.0,30.0,9.7,13.7,76,63
Jacobabad,2024-09-04,33.0,25.8,29.5,2.4,10.5,79,55
Jacobabad,2024-09-05,35.6,27.4,31.2,0.0,7.9,73,1
Jacobabad,2024-09-06,36.0,27.6,31.8,0.0,8.5,72,0
Jacobabad,2024-09-07,36.6,27.9,32.1,0.0,9.9,68,0
Jacobabad,2024-09-08,37.0,27.5,32.3,0.0,11.2,66,0
Jacobabad,2024-09-09,36.8,27.5,32.1,0.0,8.8,67,0
Jacobabad,2024-09-10,37.2,27.5,32.1,0.0,10.2,66,0
Jacobabad,2024-09-11,38.5,27.5,32.5,0.0,10.2,62,0
Jacobabad,2024-09-12,38.5,27.4,32.5,0.0,11.1,59,0
Jacobabad,2024-09-13,37.7,26.5,31.6,0.0,12.6,60,0
Jacobabad,2024-09-14,36.2,26.0,30.9,0.0,13.0,62,0
Jacobabad,2024-09-15,36.8,27.0,31.5,0.0,10.9,59,0
Jacobabad,2024-09-16,37.7,27.1,32.0,0.0,11.7,60,1
Jacobabad,2024-09-17,37.7,26.7,32.1,0.0,14.2,60,0
Jacobabad,2024-09-18,37.5,26.1,31.7,0.0,8.3,60,0
Jacobabad,2024-09-19,38.0,28.6,32.8,0.0,9.5,54,0
Jacobabad,2024-09-20,37.8,27.5,32.3,0.0,8.6,56,0
Jacobabad,2024-09-21,38.0,27.9,32.8,0.0,9.4,57,0
Jacobabad,2024-09-22,38.6,28.5,33.2,0.0,9.8,55,0
Jacobabad,2024-09-23,39.1,28.2,33.4,0.0,11.1,57,0
Jacobabad,2024-09-24,38.9,27.6,32.9,0.0,11.8,58,0
Jacobabad,2024-09-25,39.0,27.9,32.8,0.0,9.5,56,3
Jacobabad,2024-09-26,39.0,28.0,33.4,0.0,9.4,53,3
Jacobabad,2024-09-27,40.1,28.2,34.0,0.0,12.4,53,2
Jacobabad,2024-09-28,40.2,28.4,34.2,0.0,15.2,50,0
Jacobabad,2024-09-29,38.3,29.1,33.2,0.7,18.3,57,51
Jacobabad,2024-09-30,39.2,28.3,32.9,0.0,11.9,55,2
Jacobabad,2024-10-01,40.7,28.0,33.8,0.0,14.7,48,1
Jacobabad,2024-10-02,42.2,27.1,33.9,0.0,16.6,44,0
Jacobabad,2024-10-03,41.8,27.4,33.9,0.0,16.0,39,0
Jacobabad,2024-10-04,39.3,25.5,32.0,0.0,13.8,52,0
Jacobabad,2024-10-05,38.0,26.1,31.6,0.0,16.9,58,0
Jacobabad,2024-10-06,37.0,26.4,31.5,0.0,13.4,56,2
Jacobabad,2024-10-07,36.0,27.0,31.3,0.5,17.7,55,51
Jacobabad,2024-10-08,36.5,26.5,31.1,0.0,10.3,54,3
Jacobabad,2024-10-09,36.3,24.9,30.1,0.0,10.3,49,1
Jacobabad,2024-10-10,36.8,24.4,30.2,0.0,12.1,42,1
Jacobabad,2024-10-11,37.2,23.8,30.2,0.0,9.7,39,0
Jacobabad,2024-10-12,36.8,23.5,29.7,0.0,13.9,36,0
Jacobabad,2024-10-13,37.5,22.9,30.0,0.0,9.3,32,0
Jacobabad,2024-10-14,37.0,23.9,30.4,0.0,9.0,33,3
Jacobabad,2024-10-15,37.7,24.3,30.6,0.0,12.7,37,3
Jacobabad,2024-10-16,36.2,24.0,29.8,0.0,13.1,46,3
Jacobabad,2024-10-17,38.2,21.6,29.6,0.0,13.1,47,3
Jacobabad,2024-10-18,38.0,24.0,30.6,0.0,13.1,38,0
Jacobabad,2024-10-19,38.2,24.3,30.8,0.0,11.2,37,1
Jacobabad,2024-10-20,37.8,23.9,30.2,0.0,11.0,35,1
Jacobabad,2024-10-21,37.9,23.5,29.9,0.0,14.2,35,1
Jacobabad,2024-10-22,37.7,22.6,29.2,0.0,12.7,38,0
Jacobabad,2024-10-23,37.2,23.2,29.7,0.0,10.3,37,1
Jacobabad,2024-10-24,37.8,23.2,30.2,0.0,8.6,35,0
Jacobabad,2024-10-25,38.5,24.1,31.2,0.0,12.2,34,0
Jacobabad,2024-10-26,39.2,24.0,31.7,0.0,9.4,34,0
Jacobabad,2024-10-27,39.7,24.0,31.7,0.0,17.9,32,2
Jacobabad,2024-10-28,38.9,23.6,30.7,0.0,19.5,30,3
Jacobabad,2024-10-29,38.0,22.9,30.5,0.0,14.9,31,0
Jacobabad,2024-10-30,37.4,22.5,29.8,0.0,15.0,43,0
Jacobabad,2024-10-31,36.0,25.1,29.9,0.0,11.7,47,0
Jacobabad,2024-11-01,36.6,23.6,29.6,0.0,9.6,43,0
Jacobabad,2024-11-02,37.4,21.2,29.1,0.0,8.9,38,0
Jacobabad,2024-11-03,37.2,22.4,29.4,0.0,8.4,39,0
Jacobabad,2024-11-04,36.5,21.5,28.6,0.0,9.9,44,0
Jacobabad,2024-11-05,37.0,21.9,29.1,0.0,10.4,41,0
Jacobabad,2024-11-06,36.1,23.4,29.3,0.0,10.3,46,0
Jacobabad,2024-11-07,37.1,22.4,29.2,0.0,9.3,46,0
Jacobabad,2024-11-08,36.5,21.5,29.1,0.0,8.9,46,0
Jacobabad,2024-11-09,35.5,21.5,28.1,0.0,8.4,48,0
Jacobabad,2024-11-10,35.6,21.1,27.7,0.0,9.2,45,0
Jacobabad,2024-11-11,35.6,21.5,27.7,0.0,10.7,39,3
Jacobabad,2024-11-12,33.4,21.0,26.1,0.0,17.0,41,3
Jacobabad,2024-11-13,30.1,20.4,24.1,0.0,10.0,62,0
Jacobabad,2024-11-14,30.7,19.2,24.2,0.0,6.9,64,0
Jacobabad,2024-11-15,30.3,19.4,23.9,0.0,8.9,60,0
Jacobabad,2024-11-16,29.9,19.2,23.7,0.0,12.5,43,0
Jacobabad,2024-11-17,28.7,17.0,21.8,0.0,9.9,53,0
Jacobabad,2024-11-18,28.6,16.7,21.7,0.0,6.9,57,0
Jacobabad,2024-11-19,28.5,16.7,21.7,0.0,6.4,59,0
Jacobabad,2024-11-20,28.5,16.2,21.5,0.0,6.5,55,0
Jacobabad,2024-11-21,28.9,16.2,21.8,0.0,5.6,59,0
Jacobabad,2024-11-22,28.8,15.9,21.9,0.0,4.8,64,0
Jacobabad,2024-11-23,29.1,16.9,22.3,0.0,6.9,66,3
Jacobabad,2024-11-24,28.5,17.5,22.5,0.0,11.1,60,3
Jacobabad,2024-11-25,27.7,17.5,21.9,0.0,9.1,59,1
Jacobabad,2024-11-26,28.5,16.6,22.0,0.0,6.9,67,0
Jacobabad,2024-11-27,28.3,15.9,21.3,0.0,6.8,63,0
Jacobabad,2024-11-28,28.9,16.6,21.7,0.0,7.6,57,0
Jacobabad,2024-11-29,27.9,18.0,22.1,0.1,11.6,58,51
Jacobabad,2024-11-30,25.6,17.6,21.1,0.7,12.7,68,51
Jacobabad,2024-12-01,26.3,16.6,20.8,0.0,6.0,73,1
Jacobabad,2024-12-02,25.8,16.9,20.3,0.0,6.6,74,3
Jacobabad,2024-12-03,25.8,16.5,20.4,0.0,9.2,72,1
Jacobabad,2024-12-04,25.5,15.8,19.9,0.0,6.8,68,0
Jacobabad,2024-12-05,25.7,14.6,19.3,0.0,7.7,62,0
Jacobabad,2024-12-06,25.6,13.4,18.5,0.0,14.7,40,0
Jacobabad,2024-12-07,24.4,11.1,16.7,0.0,13.4,39,0
Jacobabad,2024-12-08,23.0,9.6,16.1,0.0,22.4,31,3
Jacobabad,2024-12-09,22.0,11.2,15.7,0.0,19.1,32,3
Jacobabad,2024-12-10,21.5,8.9,14.1,0.0,8.8,51,0
Jacobabad,2024-12-11,22.1,8.6,14.7,0.0,12.7,55,0
Jacobabad,2024-12-12,20.9,9.2,14.8,0.0,18.0,34,0
Jacobabad,2024-12-13,21.1,7.3,13.1,0.0,7.0,54,3
Jacobabad,2024-12-14,21.3,7.6,13.3,0.0,6.4,52,1
Jacobabad,2024-12-15,21.0,6.2,13.2,0.0,6.1,53,0
Jacobabad,2024-12-16,21.9,7.6,14.1,0.0,7.2,51,0
Jacobabad,2024-12-17,22.4,9.9,14.9,0.0,15.0,47,0
Jacobabad,2024-12-18,21.9,9.2,14.3,0.0,6.7,59,1
Jacobabad,2024-12-19,21.6,7.8,13.8,0.0,6.7,55,0
Jacobabad,2024-12-20,21.5,7.4,13.9,0.0,5.8,59,0
Jacobabad,2024-12-21,20.0,6.8,12.9,0.0,7.4,62,3
Jacobabad,2024-12-22,20.2,7.5,12.9,0.0,7.7,63,0
Jacobabad,2024-12-23,20.8,7.2,13.3,0.0,5.6,59,0
Jacobabad,2024-12-24,20.2,7.0,13.4,0.0,6.9,60,0
Jacobabad,2024-12-25,20.2,6.6,12.7,0.0,6.3,66,0
Jacobabad,2024-12-26,20.8,6.7,12.9,0.0,6.8,64,0
Jacobabad,2024-12-27,21.2,7.1,13.2,0.0,10.8,58,0
Jacobabad,2024-12-28,21.9,5.8,13.0,0.0,5.9,59,0
Jacobabad,2024-12-29,21.2,6.7,13.3,0.0,9.9,58,1
Jacobabad,2024-12-30,20.5,7.3,13.0,0.0,6.7,70,3
Jacobabad,2024-12-31,20.3,8.4,13.6,0.0,5.1,68,3
Jacobabad,2025-01-01,20.0,8.4,13.5,0.0,6.2,73,3
Jacobabad,2025-01-02,19.9,8.8,13.3,0.0,6.9,73,3
Jacobabad,2025-01-03,20.8,8.9,14.1,0.0,7.2,67,3
Jacobabad,2025-01-04,20.0,10.1,14.3,0.0,15.7,57,3
Jacobabad,2025-01-05,20.3,7.9,12.8,0.0,10.2,51,0
Jacobabad,2025-01-06,21.2,7.7,12.6,0.0,9.7,49,0
Jacobabad,2025-01-07,20.9,6.2,12.3,0.0,6.7,60,0
Jacobabad,2025-01-08,21.8,5.8,13.3,0.0,7.6,58,3
Jacobabad,2025-01-09,22.1,7.3,14.1,0.0,11.2,67,3
Jacobabad,2025-01-10,22.4,8.9,15.5,0.0,12.9,57,2
Jacobabad,2025-01-11,22.2,8.8,15.1,0.0,13.0,46,2
Jacobabad,2025-01-12,20.1,9.8,13.8,0.0,11.7,70,3
Jacobabad,2025-01-13,19.7,8.6,13.2,0.0,7.6,74,3
Jacobabad,2025-01-14,20.1,7.9,13.4,0.0,6.8,73,2
Jacobabad,2025-01-15,20.2,9.1,14.4,0.1,6.5,70,51
Jacobabad,2025-01-16,21.5,9.1,14.3,0.0,11.3,58,0
Jacobabad,2025-01-17,21.2,9.5,14.3,0.0,10.7,63,3
Jacobabad,2025-01-18,20.0,8.9,13.8,0.0,7.4,67,3
Jacobabad,2025-01-19,20.5,8.6,13.7,0.0,7.0,65,3
Jacobabad,2025-01-20,20.8,10.6,14.9,0.0,8.1,62,3
Jacobabad,2025-01-21,21.5,9.8,14.8,0.0,6.5,63,0
Jacobabad,2025-01-22,22.0,10.4,15.3,0.3,7.8,66,51
Jacobabad,2025-01-23,22.5,10.8,15.6,0.0,18.2,47,0
Jacobabad,2025-01-24,22.9,8.8,14.5,0.0,7.2,55,0
Jacobabad,2025-01-25,23.0,7.6,14.4,0.0,6.9,56,0
Jacobabad,2025-01-26,23.3,6.8,14.8,0.0,6.0,57,0
Jacobabad,2025-01-27,24.2,7.4,15.3,0.0,7.6,61,0
Jacobabad,2025-01-28,24.4,8.4,15.4,0.0,7.6,63,0
Jacobabad,2025-01-29,25.8,10.1,17.2,0.0,19.1,54,1
Jacobabad,2025-01-30,22.1,12.1,17.0,0.0,20.3,37,0
Jacobabad,2025-01-31,22.0,9.8,14.8,0.0,9.7,47,0
Jacobabad,2025-02-01,22.8,10.0,15.5,0.0,11.4,46,0
Jacobabad,2025-02-02,23.4,9.4,15.4,0.0,7.5,55,0
Jacobabad,2025-02-03,23.1,9.4,15.2,0.0,7.9,53,0
Jacobabad,2025-02-04,22.6,10.3,15.6,0.0,14.9,47,0
Jacobabad,2025-02-05,22.2,9.4,15.3,0.0,13.5,40,0
Jacobabad,2025-02-06,23.0,8.2,14.6,0.0,7.9,45,3
Jacobabad,2025-02-07,22.8,9.4,15.6,0.0,6.9,55,3
Jacobabad,2025-02-08,24.2,12.8,17.1,0.0,8.9,51,3
Jacobabad,2025-02-09,24.6,9.4,16.8,0.0,7.0,56,2
Jacobabad,2025-02-10,25.5,11.6,18.1,0.0,6.8,59,3
Jacobabad,2025-02-11,26.7,11.7,18.5,0.0,9.8,58,3
Jacobabad,2025-02-12,25.6,15.1,19.4,0.0,13.8,33,3
Jacobabad,2025-02-13,26.7,12.5,18.8,0.0,7.0,50,2
Jacobabad,2025-02-14,27.5,13.7,20.1,0.0,6.4,57,3
Jacobabad,2025-02-15,27.7,16.9,21.0,0.0,12.3,53,3
Jacobabad,2025-02-16,27.2,14.9,20.3,0.0,10.9,60,3
Jacobabad,2025-02-17,27.5,14.5,20.7,0.0,8.8,55,3
Jacobabad,2025-02-18,27.8,16.0,21.0,0.0,10.1,59,3
Jacobabad,2025-02-19,24.9,16.9,19.9,2.5,15.0,67,61
Jacobabad,2025-02-20,25.0,13.9,18.5,0.0,9.7,60,3
Jacobabad,2025-02-21,23.5,13.9,18.1,0.1,16.0,57,51
Jacobabad,2025-02-22,24.4,12.1,17.9,0.0,8.1,68,1
Jacobabad,2025-02-23,26.5,13.6,19.6,0.0,8.3,65,2
Jacobabad,2025-02-24,28.0,15.1,21.1,0.0,10.4,65,3
Jacobabad,2025-02-25,26.8,15.4,20.6,0.3,9.9,72,51
Jacobabad,2025-02-26,28.1,15.9,21.7,1.1,12.5,74,53
Jacobabad,2025-02-27,24.4,17.9,20.1,6.7,11.8,84,63
Jacobabad,2025-02-28,25.8,15.5,20.3,0.0,9.5,76,3
Jacobabad,2025-03-01,26.4,15.0,20.5,0.0,14.7,64,3
Jacobabad,2025-03-02,26.0,15.6,20.2,0.0,11.9,66,1
Jacobabad,2025-03-03,25.8,15.1,20.2,0.0,26.1,48,0
Jacobabad,2025-03-04,22.8,11.7,17.2,0.0,20.6,28,0
Jacobabad,2025-03-05,25.7,9.1,17.6,0.0,9.3,42,1
Jacobabad,2025-03-06,29.5,12.1,20.5,0.0,8.8,48,1
Jacobabad,2025-03-07,30.9,17.4,23.4,0.0,12.4,46,3
Jacobabad,2025-03-08,31.0,19.7,24.8,0.0,18.6,39,1
Jacobabad,2025-03-09,32.4,17.0,24.4,0.0,8.1,47,3
Jacobabad,2025-03-10,30.0,19.1,24.0,0.0,12.1,58,3
Jacobabad,2025-03-11,29.0,20.4,23.9,0.0,13.0,57,3
Jacobabad,2025-03-12,30.8,17.9,23.9,0.0,9.2,64,3
Jacobabad,2025-03-13,32.5,18.1,24.8,0.0,10.8,51,0
Jacobabad,2025-03-14,30.3,21.0,25.0,0.0,17.0,37,3
Jacobabad,2025-03-15,27.7,18.2,22.4,0.0,12.8,54,1
Jacobabad,2025-03-16,29.0,16.2,22.2,0.0,8.5,47,2
Jacobabad,2025-03-17,31.1,14.9,22.6,0.0,8.4,41,3
Jacobabad,2025-03-18,31.2,15.2,22.9,0.0,16.6,38,3
Jacobabad,2025-03-19,32.0,16.2,23.6,0.0,7.6,37,0
Jacobabad,2025-03-20,32.2,17.4,24.5,0.2,8.8,38,51
Jacobabad,2025-03-21,33.4,17.8,25.0,0.0,7.3,39,0
Jacobabad,2025-03-22,34.7,17.0,25.3,0.0,9.7,37,0
Jacobabad,2025-03-23,35.0,21.0,26.9,0.0,12.4,38,0
Jacobabad,2025-03-24,35.8,19.8,26.8,0.0,11.0,39,0
Jacobabad,2025-03-25,32.5,17.5,25.4,0.0,12.0,31,3
Jacobabad,2025-03-26,35.1,19.1,27.0,0.0,18.6,34,1
Jacobabad,2025-03-27,28.6,20.5,24.1,0.0,28.7,17,0
Jacobabad,2025-03-28,27.6,15.4,21.7,0.0,19.3,18,3
Jacobabad,2025-03-29,30.6,15.7,22.6,0.0,9.2,26,3
Jacobabad,2025-03-30,33.1,16.6,24.7,0.0,10.1,26,0
Jacobabad,2025-03-31,34.0,16.6,25.4,0.0,6.7,29,0
Jacobabad,2025-04-01,35.4,18.5,26.7,0.0,7.9,27,0
Jacobabad,2025-04-02,37.2,18.5,27.8,0.0,10.1,25,3
Jacobabad,2025-04-03,37.1,19.5,28.3,0.0,15.2,23,0
Jacobabad,2025-04-04,35.3,22.4,28.5,0.0,20.7,31,0
Jacobabad,2025-04-05,38.8,21.0,29.5,0.0,6.6,32,3
Jacobabad,2025-04-06,42.3,21.0,31.4,0.0,10.6,29,0
Jacobabad,2025-04-07,42.8,25.4,33.4,0.0,8.8,23,3
Jacobabad,2025-04-08,43.9,25.1,33.6,0.0,10.7,25,3
Jacobabad,2025-04-09,40.7,25.1,33.0,0.0,11.1,22,3
Jacobabad,2025-04-10,40.8,24.2,32.5,0.0,13.7,26,3
Jacobabad,2025-04-11,40.0,24.9,32.3,0.0,13.4,21,0
Jacobabad,2025-04-12,39.6,27.0,32.0,0.0,19.6,26,0
Jacobabad,2025-04-13,40.9,26.0,33.0,0.0,12.2,27,0
Jacobabad,2025-04-14,42.7,25.1,33.9,0.0,10.7,26,0
Jacobabad,2025-04-15,43.8,29.0,35.3,0.0,13.7,22,0
Jacobabad,2025-04-16,44.6,26.5,35.3,0.0,12.0,20,2
Jacobabad,2025-04-17,43.2,27.1,35.8,0.0,21.3,22,1
Jacobabad,2025-04-18,43.8,26.2,35.5,0.0,25.2,21,0
Jacobabad,2025-04-19,38.8,29.3,33.7,0.0,24.4,10,1
Jacobabad,2025-04-20,36.7,24.8,31.0,0.0,25.1,10,0
Jacobabad,2025-04-21,37.3,23.5,30.0,0.0,20.7,10,0
Jacobabad,2025-04-22,39.5,25.1,32.0,0.0,18.7,10,0
Jacobabad,2025-04-23,41.1,23.9,32.6,0.0,9.7,11,0
Jacobabad,2025-04-24,41.8,25.2,33.4,0.0,16.8,11,0
Jacobabad,2025-04-25,41.4,24.5,32.8,0.0,14.5,10,0
Jacobabad,2025-04-26,43.5,24.1,33.8,0.0,12.8,13,0
Jacobabad,2025-04-27,43.2,26.5,34.6,0.0,12.6,14,0
Jacobabad,2025-04-28,44.8,27.7,35.8,0.0,13.8,15,2
Jacobabad,2025-04-29,45.7,26.5,36.1,0.0,9.6,16,3
Jacobabad,2025-04-30,45.6,28.7,36.8,0.0,11.5,15,3
Jacobabad,2025-05-01,45.5,27.7,37.5,0.0,15.3,14,3
Jacobabad,2025-05-02,42.8,30.6,36.5,0.0,21.2,18,3
Jacobabad,2025-05-03,42.3,28.9,34.9,0.0,21.1,25,3
Jacobabad,2025-05-04,41.0,28.0,33.9,0.0,22.8,27,3
Jacobabad,2025-05-05,36.0,26.9,31.7,0.0,18.4,36,3
Jacobabad,2025-05-06,38.2,26.4,32.3,0.0,11.0,35,1
Jacobabad,2025-05-07,41.2,26.4,34.2,0.0,12.2,30,1
Jacobabad,2025-05-08,42.0,29.0,34.6,0.0,24.3,31,3
Jacobabad,2025-05-09,40.3,27.1,33.8,0.0,10.8,34,3
Jacobabad,2025-05-10,41.3,28.0,34.6,0.0,13.5,30,3
Jacobabad,2025-05-11,43.2,27.8,35.1,0.0,12.7,22,1
Jacobabad,2025-05-12,44.8,27.2,35.9,0.0,21.5,25,0
Jacobabad,2025-05-13,44.1,27.3,36.3,0.0,21.3,28,2
Jacobabad,2025-05-14,45.8,28.7,37.4,0.0,20.9,23,2
Jacobabad,2025-05-15,45.9,29.8,38.1,0.0,18.8,24,0
Jacobabad,2025-05-16,46.8,31.8,38.9,0.0,22.8,26,0
Jacobabad,2025-05-17,46.4,30.6,38.5,0.0,19.3,23,0
Jacobabad,2025-05-18,47.2,29.8,38.4,0.0,19.8,25,0
Jacobabad,2025-05-19,47.0,29.8,38.6,0.0,21.0,23,0
Jacobabad,2025-05-20,46.8,30.6,38.7,0.0,13.9,27,0
Jacobabad,2025-05-21,47.7,31.8,39.5,0.0,19.5,27,1
Jacobabad,2025-05-22,47.7,31.0,39.2,0.0,21.2,31,2
Jacobabad,2025-05-23,46.9,31.5,39.1,0.0,19.4,30,2
Jacobabad,2025-05-24,46.9,31.8,39.3,0.0,14.7,22,1
Jacobabad,2025-05-25,44.0,33.0,38.0,0.0,24.0,26,0
Jacobabad,2025-05-26,43.8,31.9,37.7,0.0,19.1,30,0
Jacobabad,2025-05-27,46.8,32.9,39.0,0.0,17.5,24,3
Jacobabad,2025-05-28,45.6,32.3,38.5,0.3,28.2,25,51
Jacobabad,2025-05-29,44.4,32.4,37.9,0.0,13.1,18,1
Jacobabad,2025-05-30,44.5,30.3,36.9,0.0,14.5,10,0
Jacobabad,2025-05-31,44.7,28.2,37.0,0.0,14.5,8,0
Jacobabad,2025-06-01,42.8,28.9,35.7,0.0,17.0,19,1
Jacobabad,2025-06-02,45.3,28.6,36.8,0.0,10.8,14,0
Jacobabad,2025-06-03,44.2,30.1,36.9,0.0,21.0,27,1
Jacobabad,2025-06-04,42.4,30.2,36.3,0.0,21.2,35,1
Jacobabad,2025-06-05,43.2,30.5,36.8,0.0,15.3,33,1
Jacobabad,2025-06-06,45.7,31.0,38.1,0.0,16.9,27,1
Jacobabad,2025-06-07,47.0,29.6,38.6,0.0,14.4,24,0
Jacobabad,2025-06-08,47.3,30.6,38.7,0.0,19.3,25,1
Jacobabad,2025-06-09,46.2,30.3,38.5,0.0,21.4,25,0
Jacobabad,2025-06-10,46.2,30.5,38.3,0.0,18.7,30,0
Jacobabad,2025-06-11,47.1,31.2,38.9,0.0,17.5,30,0
Jacobabad,2025-06-12,47.8,31.7,39.7,0.0,16.7,23,0
Jacobabad,2025-06-13,47.8,30.8,39.7,0.0,12.4,15,0
Jacobabad,2025-06-14,44.2,31.7,38.8,0.0,23.8,22,2
Jacobabad,2025-06-15,44.1,32.3,38.0,0.0,22.3,27,2
Jacobabad,2025-06-16,43.5,31.6,37.8,0.0,19.5,30,3
Jacobabad,2025-06-17,43.3,31.9,37.9,0.0,16.5,31,2
Jacobabad,2025-06-18,45.8,32.8,39.1,0.0,12.4,29,0
Jacobabad,2025-06-19,47.3,32.2,40.0,0.0,17.1,29,0
Jacobabad,2025-06-20,45.8,33.4,39.5,0.0,17.8,38,1
Jacobabad,2025-06-21,47.2,34.0,40.3,0.0,19.7,38,3
Jacobabad,2025-06-22,46.1,33.5,39.7,0.0,19.3,38,3
Jacobabad,2025-06-23,44.3,33.6,39.0,0.0,18.0,38,3
Jacobabad,2025-06-24,45.0,33.4,39.3,0.0,16.2,38,3
Jacobabad,2025-06-25,45.4,33.7,39.5,0.0,15.9,37,3
Jacobabad,2025-06-26,45.1,32.3,37.4,0.2,21.1,47,51
Jacobabad,2025-06-27,40.2,28.2,34.2,13.6,15.5,60,65
Jacobabad,2025-06-28,38.4,30.7,34.5,1.4,13.0,57,55
Jacobabad,2025-06-29,41.5,31.9,36.5,0.0,17.5,50,3
Jacobabad,2025-06-30,41.4,31.1,36.0,0.0,17.3,52,0
Jacobabad,2025-07-01,42.4,31.5,36.6,0.0,17.0,50,0
Jacobabad,2025-07-02,41.8,30.8,36.1,0.0,17.1,51,1
Jacobabad,2025-07-03,42.8,31.2,37.0,0.0,16.5,48,3
Jacobabad,2025-07-04,42.2,32.5,37.3,0.0,16.5,46,3
Jacobabad,2025-07-05,42.5,32.1,37.4,0.0,15.4,46,3
Jacobabad,2025-07-06,41.2,32.2,36.3,0.0,19.1,50,3
Jacobabad,2025-07-07,39.8,31.2,35.1,0.0,18.4,55,3
Jacobabad,2025-07-08,39.7,31.7,35.4,0.0,17.1,52,3
Jacobabad,2025-07-09,41.2,31.5,36.1,0.0,18.8,49,3
Jacobabad,2025-07-10,40.5,31.0,35.4,0.0,18.3,51,3
Jacobabad,2025-07-11,40.8,31.6,36.0,0.0,14.2,49,3
Jacobabad,2025-07-12,39.6,30.4,35.0,0.0,14.8,53,3
Jacobabad,2025-07-13,40.3,31.2,35.8,0.0,10.8,49,0
Jacobabad,2025-07-14,39.2,30.9,34.8,0.0,15.3,50,1
Jacobabad,2025-07-15,38.5,26.6,33.3,5.5,19.5,56,63
Jacobabad,2025-07-16,38.3,28.2,33.1,0.0,16.2,57,3
Jacobabad,2025-07-17,39.3,30.5,34.7,0.0,14.1,50,3
Jacobabad,2025-07-18,39.9,30.6,35.2,0.0,16.2,50,3
Jacobabad,2025-07-19,38.2,31.0,34.4,0.0,11.3,59,3
Jacobabad,2025-07-20,34.8,26.6,30.8,41.9,18.0,76,65
Jacobabad,2025-07-21,37.8,29.2,33.3,0.3,10.6,69,51
Jacobabad,2025-07-22,38.8,30.4,34.3,0.0,14.4,61,3
Jacobabad,2025-07-23,38.9,29.8,34.0,0.0,17.7,61,2
Jacobabad,2025-07-24,38.1,29.2,33.5,0.0,17.9,61,0
Jacobabad,2025-07-25,37.2,30.2,33.1,0.0,12.8,61,3
Jacobabad,2025-07-26,39.7,30.2,34.7,0.0,12.1,57,3
Jacobabad,2025-07-27,40.2,31.4,35.5,0.0,17.8,54,3
Jacobabad,2025-07-28,39.3,30.9,34.7,0.0,16.6,59,3
Jacobabad,2025-07-29,39.7,29.1,34.0,0.0,14.3,60,3
Jacobabad,2025-07-30,37.5,28.5,33.0,0.0,16.2,62,3
Jacobabad,2025-07-31,37.8,29.9,33.8,0.0,16.0,58,3
Jacobabad,2025-08-01,38.6,30.1,33.7,0.0,15.7,59,3
Jacobabad,2025-08-02,37.7,29.6,33.5,0.0,13.0,57,3
Jacobabad,2025-08-03,38.6,29.0,33.7,0.0,14.5,57,0
Jacobabad,2025-08-04,39.3,29.4,34.2,0.0,16.3,55,3
Jacobabad,2025-08-05,39.0,28.9,33.6,0.0,17.0,55,3
Jacobabad,2025-08-06,37.8,27.9,32.9,0.0,16.7,57,0
Jacobabad,2025-08-07,38.1,28.8,33.4,0.0,15.5,54,0
Jacobabad,2025-08-08,39.0,29.1,33.9,0.0,19.6,52,0
Jacobabad,2025-08-09,38.3,28.6,33.5,0.0,13.0,55,3
Jacobabad,2025-08-10,39.4,29.8,34.4,0.0,15.1,49,3
Jacobabad,2025-08-11,40.0,29.4,34.4,0.0,14.4,53,3
Jacobabad,2025-08-12,37.2,28.5,32.9,0.0,17.4,58,3
Jacobabad,2025-08-13,36.3,29.1,33.0,0.0,13.3,57,3
Jacobabad,2025-08-14,39.3,30.5,34.5,0.0,15.3,50,3
Jacobabad,2025-08-15,38.5,30.9,34.5,0.0,13.0,51,3
Jacobabad,2025-08-16,39.8,31.8,35.4,0.4,9.8,50,51
Jacobabad,2025-08-17,39.4,31.6,35.2,0.4,14.0,52,51
Jacobabad,2025-08-18,39.0,29.4,33.2,4.3,10.4,68,61
Jacobabad,2025-08-19,35.6,27.5,31.3,9.8,13.5,75,63
Jacobabad,2025-08-20,37.0,29.1,33.1,0.0,15.6,64,3
Jacobabad,2025-08-21,37.5,30.1,33.5,0.1,15.6,61,51
Jacobabad,2025-08-22,38.7,29.2,33.6,0.0,14.5,60,3
Jacobabad,2025-08-23,37.5,28.6,33.1,0.0,13.8,64,3
Jacobabad,2025-08-24,38.0,28.8,32.8,0.7,21.4,64,53
Jacobabad,2025-08-25,36.7,27.9,32.6,0.4,14.9,66,51
Jacobabad,2025-08-26,38.8,29.2,33.6,0.0,14.4,60,3
Jacobabad,2025-08-27,39.0,28.6,33.8,0.0,12.6,57,3
Jacobabad,2025-08-28,38.8,29.2,34.0,0.0,13.4,58,3
Jacobabad,2025-08-29,40.0,29.2,34.6,0.0,12.7,54,3
Jacobabad,2025-08-30,38.7,30.2,34.1,0.0,20.6,57,3
Jacobabad,2025-08-31,37.1,28.5,32.0,0.0,20.5,64,3
Jacobabad,2025-09-01,37.7,28.6,32.8,0.0,14.6,63,3
Jacobabad,2025-09-02,37.4,29.2,33.1,0.2,16.6,62,51
Jacobabad,2025-09-03,38.2,28.9,33.4,0.0,15.1,60,0
Jacobabad,2025-09-04,36.7,29.5,32.9,0.1,15.1,59,51
Jacobabad,2025-09-05,36.8,29.6,32.8,0.0,14.0,58,1
Jacobabad,2025-09-06,37.2,29.2,33.2,0.2,10.6,57,51
Jacobabad,2025-09-07,34.8,29.0,31.5,0.3,18.5,64,51
Jacobabad,2025-09-08,33.5,26.8,30.0,6.4,21.6,70,61
Jacobabad,2025-09-09,30.7,25.2,26.9,9.7,16.2,87,61
Jacobabad,2025-09-10,32.8,24.9,28.6,0.1,12.1,80,51
Jacobabad,2025-09-11,34.2,25.2,29.3,0.0,12.3,71,1
Jacobabad,2025-09-12,34.2,25.8,29.9,0.0,9.4,74,0
Jacobabad,2025-09-13,35.5,26.4,30.7,0.0,9.0,68,3
Jacobabad,2025-09-14,36.5,26.3,31.2,0.0,9.0,67,1
Jacobabad,2025-09-15,37.4,26.8,31.9,0.0,14.4,65,0
Jacobabad,2025-09-16,37.5,27.1,32.1,0.0,14.8,65,0
Jacobabad,2025-09-17,37.4,27.6,32.4,0.0,15.5,62,0
Jacobabad,2025-09-18,38.1,27.6,32.7,0.0,13.5,58,0
Jacobabad,2025-09-19,38.0,27.0,32.2,0.0,13.8,56,0
Jacobabad,2025-09-20,37.8,26.9,32.0,0.0,16.5,57,0
Jacobabad,2025-09-21,37.8,26.8,31.9,0.0,13.8,55,0
Jacobabad,2025-09-22,38.2,26.4,32.1,0.0,13.0,52,0
Jacobabad,2025-09-23,39.0,26.7,32.3,0.0,16.5,53,0
Jacobabad,2025-09-24,37.9,26.8,31.9,0.0,15.1,56,0
Jacobabad,2025-09-25,37.7,27.0,31.9,0.0,14.6,56,0
Jacobabad,2025-09-26,38.2,28.0,32.7,0.0,14.3,52,0
Jacobabad,2025-09-27,39.5,27.5,33.0,0.0,12.9,44,0
Jacobabad,2025-09-28,39.0,26.9,33.0,0.0,11.1,45,0
Jacobabad,2025-09-29,38.9,26.6,32.6,0.0,10.3,44,0
Jacobabad,2025-09-30,39.3,28.0,33.3,0.0,15.8,43,1
Jacobabad,2025-10-01,37.1,26.8,32.1,0.0,12.6,51,0
Jacobabad,2025-10-02,37.8,28.3,32.8,0.0,10.6,45,1
Jacobabad,2025-10-03,38.6,27.8,32.9,0.0,12.6,39,1
Jacobabad,2025-10-04,38.5,27.9,33.2,0.0,19.1,46,0
Jacobabad,2025-10-05,37.4,26.8,32.0,0.0,17.5,49,0
Jacobabad,2025-10-06,32.5,24.6,27.8,0.0,22.5,52,0
Jacobabad,2025-10-07,32.4,22.8,27.0,0.0,19.2,51,0
Jacobabad,2025-10-08,32.6,22.8,27.1,0.0,13.0,51,1
Jacobabad,2025-10-09,34.2,22.6,27.7,0.0,10.9,46,1
Jacobabad,2025-10-10,35.7,21.7,28.3,0.0,9.4,38,0
Jacobabad,2025-10-11,35.7,23.0,28.6,0.0,9.8,35,0
Jacobabad,2025-10-12,36.2,22.1,28.6,0.0,7.7,31,0
Jacobabad,2025-10-13,36.9,21.9,28.5,0.0,9.7,32,0
Jacobabad,2025-10-14,37.2,22.5,28.9,0.0,9.9,30,0
Jacobabad,2025-10-15,36.7,21.8,28.6,0.0,10.3,31,0
Jacobabad,2025-10-16,36.3,21.1,28.3,0.0,7.9,36,0
Jacobabad,2025-10-17,36.9,21.1,28.5,0.0,7.5,31,0
Jacobabad,2025-10-18,36.8,20.2,28.3,0.0,12.5,35,0
Jacobabad,2025-10-19,35.7,22.2,28.1,0.0,11.3,42,0
Jacobabad,2025-10-20,35.1,22.0,28.0,0.0,10.6,40,0
Jacobabad,2025-10-21,34.7,22.2,27.8,0.0,9.7,40,0
Jacobabad,2025-10-22,34.8,22.6,27.9,0.0,7.1,39,0
Jacobabad,2025-10-23,36.6,21.1,28.1,0.0,9.9,33,0
Jacobabad,2025-10-24,36.3,20.9,27.7,0.0,9.0,31,0
Jacobabad,2025-10-25,35.8,20.4,27.5,0.0,12.3,34,0
Jacobabad,2025-10-26,35.5,21.6,27.8,0.0,11.8,34,0
Jacobabad,2025-10-27,34.7,20.5,26.9,0.0,11.8,37,0
Jacobabad,2025-10-28,34.2,22.3,27.2,0.0,12.7,40,3
Jacobabad,2025-10-29,33.2,20.9,26.5,0.0,10.8,47,0
Jacobabad,2025-10-30,33.5,20.7,26.4,0.0,9.6,45,0
Jacobabad,2025-10-31,34.4,20.5,26.5,0.0,5.6,42,0
Jacobabad,2025-11-01,35.5,19.9,26.8,0.0,8.1,33,0
Jacobabad,2025-11-02,35.4,19.3,26.5,0.0,9.4,31,0
Jacobabad,2025-11-03,34.2,19.3,26.1,0.0,8.8,33,0
Jacobabad,2025-11-04,34.0,20.2,26.3,0.0,20.3,19,0
Jacobabad,2025-11-05,32.8,20.1,25.8,0.0,20.0,16,0
Jacobabad,2025-11-06,31.8,17.6,23.7,0.0,6.0,40,0
Jacobabad,2025-11-07,31.7,16.4,23.2,0.0,8.4,34,0
Jacobabad,2025-11-08,31.9,15.1,23.0,0.0,11.2,28,0
Jacobabad,2025-11-09,30.8,14.6,22.2,0.0,8.3,35,3
Jacobabad,2025-11-10,31.0,14.7,22.7,0.0,5.4,26,3
Jacobabad,2025-11-11,30.8,14.3,22.1,0.0,7.2,34,2
Jacobabad,2025-11-12,30.4,14.8,21.8,0.0,8.6,32,0
Jacobabad,2025-11-13,30.8,13.6,21.5,0.0,8.4,25,3
Jacobabad,2025-11-14,31.0,13.6,21.4,0.0,7.2,24,0
Jacobabad,2025-11-15,30.4,13.0,21.2,0.0,8.1,31,0
Jacobabad,2025-11-16,30.2,13.1,20.9,0.0,7.0,34,1
Jacobabad,2025-11-17,30.2,12.9,21.3,0.0,6.2,33,3
Jacobabad,2025-11-18,29.5,13.6,21.2,0.0,3.8,34,3
Jacobabad,2025-11-19,30.1,14.1,21.4,0.0,6.3,33,3
Jacobabad,2025-11-20,29.0,13.5,20.9,0.0,7.8,44,0
Jacobabad,2025-11-21,28.9,14.2,20.6,0.0,9.8,43,0
Jacobabad,2025-11-22,28.3,13.1,20.2,0.0,6.4,45,0
Jacobabad,2025-11-23,28.2,11.8,19.4,0.0,7.2,42,0
Jacobabad,2025-11-24,27.6,12.7,19.1,0.0,7.9,39,0
Jacobabad,2025-11-25,27.5,13.1,19.5,0.0,10.6,36,0
Jacobabad,2025-11-26,26.7,12.6,18.9,0.0,7.9,36,0
Jacobabad,2025-11-27,26.5,13.2,18.6,0.0,11.3,36,1
Jacobabad,2025-11-28,25.7,11.6,17.7,0.0,7.2,39,0
Jacobabad,2025-11-29,25.9,10.1,17.3,0.0,7.8,40,0
Jacobabad,2025-11-30,25.9,10.7,17.6,0.0,8.3,38,3
Jacobabad,2025-12-01,25.9,9.3,16.9,0.0,7.7,36,0
Jacobabad,2025-12-02,25.5,8.4,16.4,0.0,14.2,29,0
Jacobabad,2025-12-03,24.5,9.3,15.9,0.0,7.8,43,3
Jacobabad,2025-12-04,24.9,9.9,16.5,0.0,7.6,45,1
Jacobabad,2025-12-05,26.1,9.2,17.5,0.0,7.4,37,3
Jacobabad,2025-12-06,25.8,12.5,18.3,0.0,10.6,40,3
Jacobabad,2025-12-07,27.1,11.4,18.6,0.0,7.9,40,3
Jacobabad,2025-12-08,29.0,12.9,19.2,0.0,9.1,35,0
Jacobabad,2025-12-09,28.2,10.3,18.5,0.0,7.0,44,3
Jacobabad,2025-12-10,27.5,10.8,18.6,0.0,7.7,44,1
Jacobabad,2025-12-11,27.2,11.2,18.2,0.0,7.0,49,3
Jacobabad,2025-12-12,26.9,11.3,18.4,0.0,7.4,52,3
Jacobabad,2025-12-13,25.3,11.8,17.9,0.0,9.7,55,3
Jacobabad,2025-12-14,24.1,12.4,17.5,0.0,8.0,56,3
Jacobabad,2025-12-15,24.5,11.6,17.2,0.0,5.8,55,2
Jacobabad,2025-12-16,25.2,11.5,17.4,0.0,5.2,57,3
Jacobabad,2025-12-17,26.3,10.3,17.4,0.0,5.8,56,3
Jacobabad,2025-12-18,25.7,10.8,18.0,0.0,6.0,51,3
Jacobabad,2025-12-19,25.9,10.4,17.8,0.0,6.1,49,3
Jacobabad,2025-12-20,25.0,12.4,18.7,0.0,12.9,48,3
Jacobabad,2025-12-21,25.2,13.4,19.4,0.7,11.8,62,51
Jacobabad,2025-12-22,24.4,14.2,18.2,0.0,13.5,61,0
Jacobabad,2025-12-23,24.5,10.6,16.5,0.0,7.7,55,0
Jacobabad,2025-12-24,24.4,9.9,16.0,0.0,6.7,58,3
Jacobabad,2025-12-25,24.2,9.1,16.5,0.0,5.9,58,3
Jacobabad,2025-12-26,23.9,10.7,16.3,0.0,7.2,60,3
Jacobabad,2025-12-27,24.4,11.1,16.3,0.0,7.9,57,3
Jacobabad,2025-12-28,24.1,10.9,16.5,0.0,7.5,56,3
Jacobabad,2025-12-29,24.2,11.0,16.6,0.0,8.2,56,3
Jacobabad,2025-12-30,23.6,10.8,16.7,0.0,14.7,57,3
Jacobabad,2025-12-31,20.4,13.4,16.1,2.8,15.0,73,61
Jacobabad,2026-01-01,21.0,9.9,14.7,0.0,9.3,68,0
Jacobabad,2026-01-02,20.5,9.8,14.4,0.0,8.0,75,0
Jacobabad,2026-01-03,20.9,9.1,14.4,0.0,8.7,75,0
Jacobabad,2026-01-04,22.2,9.2,15.3,0.0,6.2,74,1
Jacobabad,2026-01-05,22.2,10.9,15.6,0.0,8.9,71,3
Jacobabad,2026-01-06,21.0,10.2,14.6,0.0,7.8,73,0
Jacobabad,2026-01-07,20.0,9.4,13.5,0.0,6.6,74,0
Jacobabad,2026-01-08,19.8,8.1,12.7,0.0,7.3,73,0
Jacobabad,2026-01-09,19.8,7.4,12.2,0.0,9.1,66,0
Jacobabad,2026-01-10,18.4,6.3,11.0,0.0,7.0,76,0
Jacobabad,2026-01-11,17.9,4.6,10.4,0.0,5.9,75,3
Jacobabad,2026-01-12,19.5,4.8,11.5,0.0,7.2,70,3
Jacobabad,2026-01-13,19.5,6.3,12.2,0.0,8.8,70,2
Jacobabad,2026-01-14,21.9,6.5,13.6,0.0,7.8,69,1
Jacobabad,2026-01-15,23.6,9.2,15.6,0.0,6.8,66,3
Jacobabad,2026-01-16,22.4,11.4,16.1,0.0,7.9,71,3
Jacobabad,2026-01-17,23.6,10.2,16.5,0.0,11.3,69,1
Jacobabad,2026-01-18,23.3,10.7,16.2,0.0,7.4,67,0
Jacobabad,2026-01-19,23.9,10.7,16.4,0.0,5.8,68,0
Jacobabad,2026-01-20,23.9,10.8,16.6,0.0,6.4,66,3
Jacobabad,2026-01-21,24.0,11.8,17.1,0.0,14.5,61,0
Jacobabad,2026-01-22,18.5,10.3,14.1,8.7,21.9,64,63
Jacobabad,2026-01-23,18.4,6.7,11.3,0.0,21.4,35,3
Jacobabad,2026-01-24,18.0,5.3,11.0,0.0,12.7,53,3
Jacobabad,2026-01-25,17.6,5.2,10.8,0.0,8.0,59,3
Jacobabad,2026-01-26,16.9,7.7,12.2,0.6,14.2,59,51
Jacobabad,2026-01-27,20.5,6.8,13.2,0.0,11.0,63,2
Jacobabad,2026-01-28,21.5,8.3,14.2,0.0,9.3,55,3
Jacobabad,2026-01-29,21.5,8.4,14.4,0.0,7.4,60,3
Jacobabad,2026-01-30,22.0,9.7,15.1,0.0,8.2,64,1
Jacobabad,2026-01-31,23.2,9.9,16.1,0.0,8.9,62,3
Jacobabad,2026-02-01,24.1,12.2,17.8,0.0,7.4,58,3
Jacobabad,2026-02-02,24.1,14.7,18.3,0.0,10.3,56,3
Jacobabad,2026-02-03,25.3,12.4,18.0,0.0,7.8,62,3
Jacobabad,2026-02-04,26.0,13.7,19.1,0.0,14.6,59,3
Jacobabad,2026-02-05,25.6,12.7,18.7,0.0,10.0,55,2
Jacobabad,2026-02-06,27.0,12.6,19.4,0.0,8.7,54,3
Jacobabad,2026-02-07,27.5,12.8,19.9,0.0,8.5,52,3
Jacobabad,2026-02-08,28.2,12.9,20.2,0.0,13.4,52,3
Jacobabad,2026-02-09,26.8,14.9,20.4,0.0,9.6,52,3
Jacobabad,2026-02-10,26.8,16.2,20.5,0.0,12.8,52,1
Jacobabad,2026-02-11,25.9,15.4,19.9,0.0,12.4,57,2
Jacobabad,2026-02-12,27.3,13.9,19.8,0.0,6.9,60,3
Jacobabad,2026-02-13,29.0,14.3,21.3,0.0,5.7,58,3
Jacobabad,2026-02-14,30.8,14.2,22.3,0.0,7.0,54,3
Jacobabad,2026-02-15,32.2,14.9,23.2,0.0,13.1,48,0
Jacobabad,2026-02-16,30.4,16.5,22.8,0.0,24.5,41,3
Jacobabad,2026-02-17,20.8,15.8,18.0,10.1,16.7,71,63
Jacobabad,2026-02-18,27.4,14.4,20.4,0.0,11.0,60,1
Jacobabad,2026-02-19,27.8,14.8,20.8,0.0,7.1,57,0
Jacobabad,2026-02-20,28.2,15.1,20.9,0.0,6.8,59,0
Jacobabad,2026-02-21,28.5,15.9,21.3,0.0,6.9,61,0
Jacobabad,2026-02-22,29.2,14.4,21.4,0.0,10.8,60,0
Jacobabad,2026-02-23,29.4,15.6,21.4,0.0,8.4,61,0
Jacobabad,2026-02-24,30.0,17.0,22.5,0.0,8.8,53,0
Jacobabad,2026-02-25,30.2,16.5,22.5,0.0,11.0,54,0
Jacobabad,2026-02-26,30.6,15.5,22.7,0.0,9.3,55,0
Jacobabad,2026-02-27,30.6,16.6,23.0,0.0,6.7,57,0
Jacobabad,2026-02-28,31.3,17.6,23.9,0.0,9.8,54,0
Jacobabad,2026-03-01,31.8,17.4,24.0,0.0,10.5,55,3
Jacobabad,2026-03-02,32.7,18.8,24.9,0.0,10.8,53,3
Jacobabad,2026-03-03,34.3,16.9,25.4,0.0,12.9,49,0
Jacobabad,2026-03-04,34.6,18.6,25.8,0.0,11.1,43,0
Jacobabad,2026-03-05,34.2,17.6,25.2,0.0,10.8,44,0
Jacobabad,2026-03-06,35.0,17.8,25.9,0.0,10.7,43,0
Jacobabad,2026-03-07,35.0,18.6,26.4,0.0,11.7,48,0
Jacobabad,2026-03-08,34.7,21.7,27.4,0.0,14.1,49,3
Jacobabad,2026-03-09,36.7,20.4,28.0,0.0,17.6,41,3
Jacobabad,2026-03-10,34.2,19.6,27.0,0.0,17.4,31,3
Jacobabad,2026-03-11,34.5,18.1,27.0,0.0,15.2,34,3
Jacobabad,2026-03-12,33.3,23.8,27.7,0.0,22.7,26,3
Jacobabad,2026-03-13,33.8,20.6,27.2,0.0,20.2,26,3
Jacobabad,2026-03-14,33.7,20.7,26.6,0.0,11.9,39,2
Jacobabad,2026-03-15,34.2,21.0,27.1,0.0,14.8,21,3
Jacobabad,2026-03-16,33.2,19.2,26.2,0.0,15.7,18,3
Jacobabad,2026-03-17,31.0,20.7,25.2,0.0,20.3,39,3
Jacobabad,2026-03-18,29.0,20.8,23.9,0.2,14.9,47,51
Jacobabad,2026-03-19,27.0,17.9,22.2,0.0,16.6,56,3
Jacobabad,2026-03-20,30.6,16.5,23.6,0.0,13.9,49,3
Jacobabad,2026-03-21,27.9,20.6,24.0,0.2,20.0,56,51
Jacobabad,2026-03-22,29.0,19.0,24.0,0.0,14.5,60,3
Jacobabad,2026-03-23,33.7,18.8,25.9,0.0,7.8,49,3
Jacobabad,2026-03-24,35.8,20.8,27.4,0.3,26.3,39,51
Jacobabad,2026-03-25,34.0,22.9,28.0,0.1,16.8,42,51
Jacobabad,2026-03-26,30.5,21.9,26.0,0.1,21.4,49,51
Jacobabad,2026-03-27,33.9,19.8,26.6,0.0,11.4,48,3
Jacobabad,2026-03-28,37.0,22.8,29.7,0.0,16.9,41,3
Jacobabad,2026-03-29,35.5,22.1,28.6,0.0,23.9,41,3
Jacobabad,2026-03-30,32.4,21.4,26.6,0.0,19.0,48,3
Jacobabad,2026-03-31,32.6,23.5,27.3,1.1,18.2,41,53
Jacobabad,2026-04-01,30.4,21.1,25.9,0.2,27.2,47,51
Jacobabad,2026-04-02,26.6,18.2,21.1,7.4,18.8,76,63
Jacobabad,2026-04-03,25.0,16.1,19.6,1.1,8.7,75,53
Jacobabad,2026-04-04,28.1,15.5,21.7,0.0,9.6,60,0
Jacobabad,2026-04-05,30.7,18.9,23.9,0.1,12.5,51,51
Jacobabad,2026-04-06,32.2,18.3,24.9,0.5,11.1,54,53
Jacobabad,2026-04-07,30.6,19.4,24.2,0.0,15.7,51,1
Jacobabad,2026-04-08,31.1,18.0,24.2,0.0,11.8,37,0
Jacobabad,2026-04-09,32.5,18.6,25.4,0.0,12.9,38,3
Jacobabad,2026-04-10,34.7,20.5,27.2,0.0,14.9,39,3
Jacobabad,2026-04-11,35.2,21.4,27.8,0.0,12.2,37,2
Jacobabad,2026-04-12,35.4,21.7,28.2,0.0,10.9,25,3
Jacobabad,2026-04-13,37.8,21.9,29.2,0.0,10.2,28,3
Jacobabad,2026-04-14,38.3,24.9,31.3,0.0,10.7,28,2
Jacobabad,2026-04-15,40.1,24.0,31.6,0.0,6.5,30,2
Jacobabad,2026-04-16,41.1,26.0,32.5,0.0,18.2,24,3
Jacobabad,2026-04-17,39.7,25.0,32.4,0.0,14.8,28,3
Jacobabad,2026-04-18,37.7,27.0,31.9,0.0,19.8,33,3
Jacobabad,2026-04-19,36.4,27.0,31.2,0.4,16.4,35,51
Jacobabad,2026-04-20,39.8,24.9,32.2,0.0,10.0,28,3
Jacobabad,2026-04-21,41.5,25.5,33.3,0.0,12.8,24,3
Jacobabad,2026-04-22,42.2,26.4,34.3,0.0,15.2,26,3
Karachi,2024-04-22,32.0,24.7,27.5,0.0,33.4,76,0
Karachi,2024-04-23,31.8,24.4,27.3,0.0,27.7,79,0
Karachi,2024-04-24,31.8,24.2,27.3,0.0,25.9,78,3
Karachi,2024-04-25,31.6,24.1,27.4,0.0,31.4,79,3
Karachi,2024-04-26,31.8,25.4,28.1,0.0,28.9,75,3
Karachi,2024-04-27,32.0,24.3,27.7,0.0,26.8,77,1
Karachi,2024-04-28,33.9,24.6,28.4,0.0,26.3,75,3
Karachi,2024-04-29,37.4,25.6,30.6,0.0,24.7,42,0
Karachi,2024-04-30,38.0,25.0,30.7,0.0,27.2,37,2
Karachi,2024-05-01,36.8,23.6,29.6,0.0,28.0,21,2
Karachi,2024-05-02,36.3,22.0,28.8,0.0,29.5,55,3
Karachi,2024-05-03,33.0,26.0,29.1,0.0,30.7,71,3
Karachi,2024-05-04,33.5,26.6,29.1,0.0,32.8,70,3
Karachi,2024-05-05,32.7,25.9,28.8,0.0,32.5,74,3
Karachi,2024-05-06,35.1,26.6,30.0,0.0,29.9,66,0
Karachi,2024-05-07,35.0,26.8,30.1,0.0,28.5,67,0
Karachi,2024-05-08,34.8,26.0,29.6,0.0,26.4,78,0
Karachi,2024-05-09,34.3,26.4,29.6,0.0,24.6,80,3
Karachi,2024-05-10,33.0,26.6,29.3,0.0,24.8,78,3
Karachi,2024-05-11,32.3,25.6,29.2,0.0,21.2,76,1
Karachi,2024-05-12,33.0,26.1,29.5,0.0,24.1,77,3
Karachi,2024-05-13,33.0,25.8,29.2,0.0,24.7,79,3
Karachi,2024-05-14,33.3,24.9,29.1,0.0,22.5,76,3
Karachi,2024-05-15,36.6,26.3,30.6,0.0,22.0,67,0
Karachi,2024-05-16,35.2,26.1,30.0,0.0,25.7,70,0
Karachi,2024-05-17,36.2,26.4,30.8,0.0,29.1,69,0
Karachi,2024-05-18,38.0,26.5,31.3,0.0,30.3,67,0
Karachi,2024-05-19,34.1,26.4,30.1,0.0,27.8,75,1
Karachi,2024-05-20,34.6,28.1,30.9,0.0,32.1,76,1
Karachi,2024-05-21,36.0,27.5,31.3,0.0,31.3,74,0
Karachi,2024-05-22,36.0,28.5,31.5,0.0,31.6,71,0
Karachi,2024-05-23,34.8,27.6,30.9,0.0,31.4,74,0
Karachi,2024-05-24,34.7,27.8,30.7,0.0,29.7,77,1
Karachi,2024-05-25,34.2,27.6,30.7,0.0,27.3,79,1
Karachi,2024-05-26,34.8,28.1,30.9,0.0,30.1,77,1
Karachi,2024-05-27,34.5,28.0,30.9,0.0,36.4,78,1
Karachi,2024-05-28,34.7,28.5,31.2,0.0,39.5,75,0
Karachi,2024-05-29,41.5,28.8,32.8,0.0,36.2,64,0
Karachi,2024-05-30,41.5,28.4,32.9,0.0,29.4,68,0
Karachi,2024-05-31,35.3,28.0,30.8,0.0,27.8,79,3
Karachi,2024-06-01,38.2,27.9,31.9,0.0,25.5,68,1
Karachi,2024-06-02,33.4,28.1,30.5,0.0,25.4,78,2
Karachi,2024-06-03,32.8,27.9,30.0,0.0,27.5,74,2
Karachi,2024-06-04,32.7,27.8,30.0,0.0,32.7,72,3
Karachi,2024-06-05,32.6,28.1,30.2,0.0,34.0,71,3
Karachi,2024-06-06,33.0,28.4,30.4,0.6,30.9,74,51
Karachi,2024-06-07,33.3,27.8,30.5,0.0,31.1,73,1
Karachi,2024-06-08,33.5,28.0,30.4,0.0,32.1,74,2
Karachi,2024-06-09,33.5,28.0,30.4,0.0,30.5,75,3
Karachi,2024-06-10,33.3,27.8,30.4,0.0,32.3,76,3
Karachi,2024-06-11,33.3,28.2,30.5,0.0,33.1,73,2
Karachi,2024-06-12,33.4,28.5,30.7,0.0,33.0,71,3
Karachi,2024-06-13,33.2,28.9,30.9,0.3,31.1,71,51
Karachi,2024-06-14,33.5,28.9,30.9,0.4,29.8,73,51
Karachi,2024-06-15,33.6,29.0,31.0,0.4,22.5,74,51
Karachi,2024-06-16,34.2,28.8,31.0,0.1,28.2,74,51
Karachi,2024-06-17,33.2,29.1,30.9,0.5,25.2,71,51
Karachi,2024-06-18,33.5,29.5,31.2,0.7,28.1,70,51
Karachi,2024-06-19,34.0,29.0,31.1,0.0,31.8,76,3
Karachi,2024-06-20,33.8,28.9,31.0,0.0,29.6,81,3
Karachi,2024-06-21,33.7,29.1,31.1,0.4,25.7,79,51
Karachi,2024-06-22,34.5,29.1,31.4,0.0,23.7,76,1
Karachi,2024-06-23,35.3,28.9,31.6,0.0,26.4,74,1
Karachi,2024-06-24,38.5,28.4,32.3,0.0,31.4,71,3
Karachi,2024-06-25,37.2,28.4,31.9,0.0,35.8,74,3
Karachi,2024-06-26,34.8,28.9,31.5,0.0,23.7,75,3
Karachi,2024-06-27,35.8,29.8,32.3,0.0,25.3,71,3
Karachi,2024-06-28,37.5,29.6,32.5,8.8,26.6,68,65
Karachi,2024-06-29,36.3,29.5,32.1,0.0,27.4,72,3
Karachi,2024-06-30,35.0,29.9,32.0,0.0,25.5,72,3
Karachi,2024-07-01,35.8,30.3,32.3,0.0,31.4,74,3
Karachi,2024-07-02,34.9,30.5,32.5,0.0,26.9,70,3
Karachi,2024-07-03,34.8,30.4,32.2,0.3,28.3,73,51
Karachi,2024-07-04,34.0,29.8,31.6,0.4,22.9,73,51
Karachi,2024-07-05,33.5,29.7,31.4,0.6,22.9,71,51
Karachi,2024-07-06,35.2,29.9,31.9,0.0,31.3,68,3
Karachi,2024-07-07,35.2,30.1,32.1,0.3,32.3,75,51
Karachi,2024-07-08,34.4,29.8,31.6,0.3,22.0,75,51
Karachi,2024-07-09,34.7,29.8,31.6,0.9,20.4,78,51
Karachi,2024-07-10,35.0,29.5,31.8,0.1,23.9,78,51
Karachi,2024-07-11,34.4,29.5,31.5,0.6,34.0,74,51
Karachi,2024-07-12,33.2,29.5,31.0,1.2,39.8,75,51
Karachi,2024-07-13,33.0,29.2,30.8,2.2,32.5,78,51
Karachi,2024-07-14,33.0,28.8,30.7,0.6,28.1,78,51
Karachi,2024-07-15,34.1,28.9,31.1,0.0,21.4,75,3
Karachi,2024-07-16,35.9,29.2,31.9,0.1,26.9,74,51
Karachi,2024-07-17,35.3,29.6,31.8,0.0,30.7,77,3
Karachi,2024-07-18,34.8,30.2,32.1,0.0,29.5,77,3
Karachi,2024-07-19,34.7,29.5,31.8,0.0,24.8,72,3
Karachi,2024-07-20,38.6,29.5,32.8,0.2,22.0,71,51
Karachi,2024-07-21,37.3,30.0,33.3,4.2,16.1,69,63
Karachi,2024-07-22,35.2,30.0,31.9,3.4,30.9,77,61
Karachi,2024-07-23,33.0,29.5,30.9,0.1,29.3,77,51
Karachi,2024-07-24,32.3,29.3,30.6,0.0,31.2,76,3
Karachi,2024-07-25,32.9,28.9,30.7,0.3,25.5,76,51
Karachi,2024-07-26,33.8,29.4,31.2,0.4,28.5,76,51
Karachi,2024-07-27,34.0,29.3,31.2,0.0,28.7,74,3
Karachi,2024-07-28,33.3,29.3,31.1,0.0,19.5,74,3
Karachi,2024-07-29,33.0,28.8,30.4,3.3,22.8,77,61
Karachi,2024-07-30,32.8,28.0,29.2,18.4,20.4,85,63
Karachi,2024-07-31,30.5,28.0,29.2,2.3,22.0,86,53
Karachi,2024-08-01,31.0,28.4,29.5,1.4,33.9,83,51
Karachi,2024-08-02,31.0,27.8,29.3,1.0,27.7,84,51
Karachi,2024-08-03,30.8,27.9,29.2,0.2,25.3,82,51
Karachi,2024-08-04,30.8,27.7,28.9,2.5,21.6,83,55
Karachi,2024-08-05,30.6,26.4,28.6,1.6,20.4,82,51
Karachi,2024-08-06,29.5,27.1,28.4,1.1,25.0,83,51
Karachi,2024-08-07,30.5,27.8,28.9,0.4,33.5,78,51
Karachi,2024-08-08,31.3,27.6,29.3,0.7,25.4,76,51
Karachi,2024-08-09,31.8,27.9,29.6,0.5,29.0,75,51
Karachi,2024-08-10,32.8,27.9,29.8,0.4,35.0,74,51
Karachi,2024-08-11,31.6,27.5,29.1,1.1,34.7,79,51
Karachi,2024-08-12,30.9,27.5,29.0,1.4,27.2,81,51
Karachi,2024-08-13,31.9,27.8,29.4,0.4,23.2,80,51
Karachi,2024-08-14,32.2,27.4,29.5,0.0,23.5,78,3
Karachi,2024-08-15,32.0,27.5,29.2,1.9,25.7,80,51
Karachi,2024-08-16,31.2,27.2,28.7,1.1,25.2,80,51
Karachi,2024-08-17,30.9,27.6,29.0,0.1,19.3,77,51
Karachi,2024-08-18,31.6,27.4,29.0,0.2,25.2,77,51
Karachi,2024-08-19,31.1,27.3,28.9,1.0,25.1,77,51
Karachi,2024-08-20,31.9,27.0,29.3,0.8,27.2,74,51
Karachi,2024-08-21,31.6,27.6,29.3,0.0,26.5,74,3
Karachi,2024-08-22,33.4,27.5,30.0,0.0,24.9,71,3
Karachi,2024-08-23,32.5,27.6,29.7,0.0,27.7,73,3
Karachi,2024-08-24,32.7,27.1,29.4,0.0,28.3,74,3
Karachi,2024-08-25,33.0,27.2,29.4,0.0,29.9,74,3
Karachi,2024-08-26,33.2,27.0,29.7,0.0,31.1,74,3
Karachi,2024-08-27,33.3,27.1,29.0,51.2,22.3,82,65
Karachi,2024-08-28,29.2,26.5,27.5,22.8,23.0,87,63
Karachi,2024-08-29,29.8,26.6,27.6,21.8,25.8,89,63
Karachi,2024-08-30,30.3,24.9,27.3,25.7,45.9,83,65
Karachi,2024-08-31,28.3,25.0,26.3,8.5,46.6,87,55
Karachi,2024-09-01,29.0,25.4,27.0,1.0,23.3,88,51
Karachi,2024-09-02,29.3,24.9,27.0,0.0,17.5,87,3
Karachi,2024-09-03,29.9,25.4,27.3,0.0,21.4,86,3
Karachi,2024-09-04,30.2,26.0,27.7,2.2,20.2,83,61
Karachi,2024-09-05,30.0,26.4,28.0,0.2,29.8,84,51
Karachi,2024-09-06,30.0,26.5,27.9,0.9,26.4,84,51
Karachi,2024-09-07,29.6,25.9,27.5,0.2,20.9,83,51
Karachi,2024-09-08,29.9,25.5,27.5,0.1,20.7,84,51
Karachi,2024-09-09,30.2,25.7,27.6,0.0,26.2,82,3
Karachi,2024-09-10,30.0,25.8,27.5,0.5,22.9,83,51
Karachi,2024-09-11,30.1,25.1,27.5,0.2,19.6,82,51
Karachi,2024-09-12,30.5,25.6,27.9,0.0,25.4,79,3
Karachi,2024-09-13,30.8,26.1,28.0,0.1,31.4,74,51
Karachi,2024-09-14,31.1,26.2,28.2,0.0,32.4,72,3
Karachi,2024-09-15,30.6,26.2,28.0,0.0,27.4,72,3
Karachi,2024-09-16,29.9,26.0,27.9,0.5,26.1,75,51
Karachi,2024-09-17,31.5,25.9,28.3,0.0,25.8,77,2
Karachi,2024-09-18,32.0,25.5,28.3,0.0,23.8,78,3
Karachi,2024-09-19,31.5,25.0,28.2,0.0,23.5,80,1
Karachi,2024-09-20,31.9,25.6,28.2,0.0,25.0,81,1
Karachi,2024-09-21,31.2,25.9,28.3,0.0,25.5,75,3
Karachi,2024-09-22,31.5,26.2,28.5,0.0,25.9,73,1
Karachi,2024-09-23,32.0,26.6,28.9,0.0,26.8,73,3
Karachi,2024-09-24,32.0,26.8,29.0,0.0,26.9,73,3
Karachi,2024-09-25,32.3,26.5,28.9,0.0,24.7,75,3
Karachi,2024-09-26,32.8,26.6,29.1,0.0,25.1,74,3
Karachi,2024-09-27,32.3,26.8,29.1,0.0,28.8,76,3
Karachi,2024-09-28,32.8,26.9,29.2,0.0,25.2,74,3
Karachi,2024-09-29,32.6,26.6,28.7,0.0,23.7,74,3
Karachi,2024-09-30,32.2,26.2,28.7,0.0,25.7,75,2
Karachi,2024-10-01,32.8,26.4,28.9,0.0,27.2,77,1
Karachi,2024-10-02,32.3,26.5,28.9,0.0,28.4,79,1
Karachi,2024-10-03,32.0,26.7,28.8,0.0,30.6,79,2
Karachi,2024-10-04,32.0,26.8,28.7,0.0,31.0,80,3
Karachi,2024-10-05,32.3,26.3,28.7,0.0,26.3,78,3
Karachi,2024-10-06,32.0,26.0,28.4,0.0,22.8,78,2
Karachi,2024-10-07,34.0,24.9,29.1,0.0,19.6,68,0
Karachi,2024-10-08,37.5,24.8,31.2,0.0,21.8,49,1
Karachi,2024-10-09,38.0,26.8,31.6,0.0,26.9,49,1
Karachi,2024-10-10,37.0,25.8,31.0,0.0,24.0,56,1
Karachi,2024-10-11,37.5,26.5,31.7,0.0,27.0,46,2
Karachi,2024-10-12,36.1,25.1,30.5,0.0,25.6,58,3
Karachi,2024-10-13,33.6,26.2,29.9,0.0,20.3,69,3
Karachi,2024-10-14,34.4,28.3,30.6,0.0,14.7,61,3
Karachi,2024-10-15,36.4,26.9,31.1,0.3,28.8,56,51
Karachi,2024-10-16,36.1,26.7,30.8,0.0,25.2,64,3
Karachi,2024-10-17,34.5,27.2,29.9,0.0,23.0,74,3
Karachi,2024-10-18,34.5,25.1,29.2,0.0,20.0,76,3
Karachi,2024-10-19,36.8,25.5,30.6,0.0,23.0,59,1
Karachi,2024-10-20,37.2,26.0,30.7,0.0,21.7,58,0
Karachi,2024-10-21,35.2,25.9,29.5,0.0,26.5,71,1
Karachi,2024-10-22,36.2,24.7,29.7,0.0,29.4,66,0
Karachi,2024-10-23,34.9,25.0,29.3,0.2,25.6,72,51
Karachi,2024-10-24,36.5,23.6,30.0,0.0,23.2,59,3
Karachi,2024-10-25,37.9,25.0,30.5,0.0,21.3,59,3
Karachi,2024-10-26,35.7,26.5,30.1,0.0,23.0,70,1
Karachi,2024-10-27,36.4,24.5,30.1,0.0,20.1,67,3
Karachi,2024-10-28,34.5,25.1,29.2,0.0,19.9,77,0
Karachi,2024-10-29,32.7,25.5,28.7,0.0,22.1,81,1
Karachi,2024-10-30,32.2,25.6,28.3,0.0,23.9,83,1
Karachi,2024-10-31,33.4,25.4,28.2,0.0,18.6,79,3
Karachi,2024-11-01,34.5,24.2,28.6,0.0,21.2,72,3
Karachi,2024-11-02,32.2,25.2,28.2,0.0,20.4,80,0
Karachi,2024-11-03,31.5,24.2,27.5,0.0,16.3,83,3
Karachi,2024-11-04,32.9,23.5,27.3,0.0,19.9,75,3
Karachi,2024-11-05,33.0,22.7,27.3,0.0,17.0,72,3
Karachi,2024-11-06,34.0,22.8,27.5,0.0,20.3,72,0
Karachi,2024-11-07,31.8,23.7,27.7,0.0,22.0,80,1
Karachi,2024-11-08,31.8,25.2,28.1,0.0,20.1,77,1
Karachi,2024-11-09,31.0,24.2,27.3,0.0,19.4,78,2
Karachi,2024-11-10,31.2,23.9,27.2,0.0,20.7,77,3
Karachi,2024-11-11,31.2,23.2,27.0,0.0,20.1,78,3
Karachi,2024-11-12,31.0,24.0,27.3,0.0,17.7,76,2
Karachi,2024-11-13,31.6,23.5,27.1,0.0,10.6,68,0
Karachi,2024-11-14,31.7,22.9,26.8,0.0,10.7,61,0
Karachi,2024-11-15,32.0,22.7,26.8,0.0,10.6,53,0
Karachi,2024-11-16,31.4,22.4,26.8,0.0,12.4,65,1
Karachi,2024-11-17,31.8,22.6,26.6,0.0,14.9,69,2
Karachi,2024-11-18,32.3,23.0,27.2,0.0,17.1,55,0
Karachi,2024-11-19,31.5,22.8,26.9,0.0,12.6,53,0
Karachi,2024-11-20,30.6,22.5,26.3,0.0,12.8,57,0
Karachi,2024-11-21,30.2,21.5,25.8,0.0,12.1,66,0
Karachi,2024-11-22,30.4,22.7,26.1,0.0,14.4,66,3
Karachi,2024-11-23,30.2,22.9,26.4,0.0,12.5,65,3
Karachi,2024-11-24,29.9,22.9,26.2,0.0,10.1,67,3
Karachi,2024-11-25,31.1,21.5,25.8,0.0,11.5,53,2
Karachi,2024-11-26,30.8,21.0,25.6,0.0,12.3,58,0
Karachi,2024-11-27,30.0,22.1,26.1,0.0,12.4,71,0
Karachi,2024-11-28,30.0,22.0,25.9,0.0,11.5,75,1
Karachi,2024-11-29,30.1,22.0,25.5,0.0,11.4,73,1
Karachi,2024-11-30,30.6,21.8,25.9,0.0,11.5,56,0
Karachi,2024-12-01,29.4,20.4,24.8,0.0,11.1,42,0
Karachi,2024-12-02,30.2,20.0,25.1,0.0,9.9,39,0
Karachi,2024-12-03,30.2,20.9,25.3,0.0,13.6,44,0
Karachi,2024-12-04,29.6,21.6,25.5,0.0,16.1,42,1
Karachi,2024-12-05,28.4,19.5,24.1,0.0,10.9,50,3
Karachi,2024-12-06,28.1,18.5,23.5,0.0,9.3,57,3
Karachi,2024-12-07,28.5,16.1,22.6,0.0,10.0,33,0
Karachi,2024-12-08,28.1,17.9,22.3,0.0,14.8,14,0
Karachi,2024-12-09,26.1,14.4,20.4,0.0,10.9,22,0
Karachi,2024-12-10,25.6,15.1,20.4,0.0,10.3,27,0
Karachi,2024-12-11,25.9,14.6,20.2,0.0,8.0,31,0
Karachi,2024-12-12,25.0,14.4,19.6,0.0,11.4,30,0
Karachi,2024-12-13,24.0,14.9,19.1,0.0,18.2,26,3
Karachi,2024-12-14,24.8,15.6,19.9,0.0,14.1,26,0
Karachi,2024-12-15,25.6,13.9,19.4,0.0,11.2,29,0
Karachi,2024-12-16,26.4,14.8,20.3,0.0,10.6,31,0
Karachi,2024-12-17,26.0,14.0,20.1,0.0,9.8,36,3
Karachi,2024-12-18,25.9,16.6,20.8,0.0,12.7,28,3
Karachi,2024-12-19,25.1,14.8,19.8,0.0,9.9,34,3
Karachi,2024-12-20,24.5,15.1,19.4,0.0,12.1,32,3
Karachi,2024-12-21,24.2,13.7,18.7,0.0,12.0,30,1
Karachi,2024-12-22,24.1,13.5,18.7,0.0,11.4,43,0
Karachi,2024-12-23,24.2,14.6,19.4,0.0,10.5,55,0
Karachi,2024-12-24,24.4,14.7,19.1,0.0,11.8,37,0
Karachi,2024-12-25,23.5,14.3,18.7,0.0,14.1,40,0
Karachi,2024-12-26,23.8,14.4,18.9,0.0,12.4,38,0
Karachi,2024-12-27,24.4,13.8,18.9,0.0,10.8,36,0
Karachi,2024-12-28,25.1,12.9,18.6,0.0,11.5,31,0
Karachi,2024-12-29,25.1,13.4,19.0,0.0,11.3,35,1
Karachi,2024-12-30,25.1,14.9,19.6,0.0,11.5,33,0
Karachi,2024-12-31,25.8,14.4,19.8,0.0,8.7,35,3
Karachi,2025-01-01,26.2,15.2,20.4,0.0,10.5,35,3
Karachi,2025-01-02,25.6,14.9,19.8,0.0,9.6,45,3
Karachi,2025-01-03,24.5,14.9,19.9,0.0,11.5,55,3
Karachi,2025-01-04,24.2,17.2,20.6,0.0,14.1,55,1
Karachi,2025-01-05,22.5,13.1,18.1,0.0,10.7,47,0
Karachi,2025-01-06,24.5,13.2,18.5,0.0,9.4,38,0
Karachi,2025-01-07,24.9,13.4,18.8,0.0,11.8,24,0
Karachi,2025-01-08,23.5,11.5,17.7,0.0,9.6,37,0
Karachi,2025-01-09,24.2,12.2,18.6,0.0,7.7,51,0
Karachi,2025-01-10,25.4,15.4,19.9,0.0,13.6,39,2
Karachi,2025-01-11,25.9,14.8,20.0,0.0,10.6,43,0
Karachi,2025-01-12,25.8,14.6,19.9,0.0,13.6,35,0
Karachi,2025-01-13,23.5,14.6,18.7,0.0,15.1,41,1
Karachi,2025-01-14,24.1,13.5,18.4,0.0,10.4,52,0
Karachi,2025-01-15,25.0,14.9,19.4,0.0,10.5,52,0
Karachi,2025-01-16,22.6,14.7,18.9,0.0,11.1,54,0
Karachi,2025-01-17,24.5,14.8,19.4,0.0,15.9,39,0
Karachi,2025-01-18,24.9,15.4,19.8,0.0,13.8,35,3
Karachi,2025-01-19,25.6,14.4,19.8,0.0,10.7,34,0
Karachi,2025-01-20,26.0,16.0,20.4,0.0,12.4,39,0
Karachi,2025-01-21,24.6,14.6,19.7,0.0,11.7,50,0
Karachi,2025-01-22,25.0,16.8,20.6,0.0,13.4,60,1
Karachi,2025-01-23,26.4,15.1,20.6,0.0,12.0,36,0
Karachi,2025-01-24,25.9,14.9,20.5,0.0,13.3,25,0
Karachi,2025-01-25,26.2,15.2,20.4,0.0,11.3,28,0
Karachi,2025-01-26,25.8,14.1,19.6,0.0,12.2,40,0
Karachi,2025-01-27,27.0,14.2,19.8,0.0,11.8,63,0
Karachi,2025-01-28,25.6,14.0,19.8,0.0,11.4,75,3
Karachi,2025-01-29,26.3,17.0,21.4,0.0,12.7,80,2
Karachi,2025-01-30,26.5,16.2,21.4,0.0,13.1,52,1
Karachi,2025-01-31,24.1,14.9,19.4,0.0,13.8,29,0
Karachi,2025-02-01,24.5,12.7,18.8,0.0,11.4,44,0
Karachi,2025-02-02,26.7,14.8,20.8,0.0,13.4,27,0
Karachi,2025-02-03,25.0,16.6,20.7,0.0,15.7,33,0
Karachi,2025-02-04,24.8,16.6,20.8,0.0,14.5,50,0
Karachi,2025-02-05,25.8,14.4,20.1,0.0,13.4,43,0
Karachi,2025-02-06,27.4,14.8,21.1,0.0,12.7,29,3
Karachi,2025-02-07,28.4,17.9,22.8,0.0,13.8,18,3
Karachi,2025-02-08,28.1,16.8,21.9,0.0,10.1,27,3
Karachi,2025-02-09,27.0,15.4,21.1,0.0,11.3,39,3
Karachi,2025-02-10,26.3,17.0,21.5,0.0,13.4,71,3
Karachi,2025-02-11,27.7,20.4,23.0,0.0,12.7,76,3
Karachi,2025-02-12,29.0,17.9,23.3,0.0,10.7,59,0
Karachi,2025-02-13,28.2,18.1,23.1,0.0,11.1,48,0
Karachi,2025-02-14,29.7,19.8,24.0,0.0,14.7,65,3
Karachi,2025-02-15,29.4,22.0,24.7,0.0,16.2,67,3
Karachi,2025-02-16,30.2,21.3,24.8,0.0,14.1,68,3
Karachi,2025-02-17,30.5,20.6,25.2,0.0,13.2,60,3
Karachi,2025-02-18,30.9,21.4,25.3,0.0,13.5,61,3
Karachi,2025-02-19,29.5,22.7,25.5,0.0,20.7,61,3
Karachi,2025-02-20,31.4,20.7,25.9,0.0,14.4,47,0
Karachi,2025-02-21,29.3,20.9,24.7,0.0,8.4,47,3
Karachi,2025-02-22,29.2,18.5,23.7,0.0,11.7,44,0
Karachi,2025-02-23,27.5,19.4,23.0,0.0,12.6,75,3
Karachi,2025-02-24,28.8,19.5,23.3,0.0,12.1,80,3
Karachi,2025-02-25,29.1,20.2,24.2,0.0,8.0,66,3
Karachi,2025-02-26,29.8,20.0,24.2,0.0,10.4,70,3
Karachi,2025-02-27,27.0,20.7,23.5,0.0,12.9,80,3
Karachi,2025-02-28,27.2,22.0,24.3,0.0,20.0,74,3
Karachi,2025-03-01,27.9,21.2,24.0,0.0,16.8,71,2
Karachi,2025-03-02,27.6,18.1,22.7,0.0,15.0,69,1
Karachi,2025-03-03,28.6,21.3,24.2,0.0,17.8,72,1
Karachi,2025-03-04,29.4,19.0,24.2,0.0,12.2,31,1
Karachi,2025-03-05,30.0,16.8,23.1,0.0,11.8,23,0
Karachi,2025-03-06,32.2,19.6,24.8,0.0,13.9,57,0
Karachi,2025-03-07,33.1,19.5,26.1,0.0,11.9,55,0
Karachi,2025-03-08,36.5,22.1,28.0,0.0,16.5,42,0
Karachi,2025-03-09,36.5,22.6,28.7,0.0,13.7,42,3
Karachi,2025-03-10,36.2,22.1,28.5,0.0,12.0,43,3
Karachi,2025-03-11,34.5,21.5,27.5,0.0,11.8,48,3
Karachi,2025-03-12,32.8,21.9,26.9,0.0,14.3,62,3
Karachi,2025-03-13,33.1,24.2,27.8,0.0,15.2,63,1
Karachi,2025-03-14,31.7,25.1,27.5,0.0,17.0,61,3
Karachi,2025-03-15,33.0,22.2,27.0,0.0,15.4,49,3
Karachi,2025-03-16,32.5,22.6,26.8,0.0,16.9,43,0
Karachi,2025-03-17,31.8,20.6,26.4,0.0,14.1,44,3
Karachi,2025-03-18,30.8,20.4,25.4,0.0,14.2,62,3
Karachi,2025-03-19,31.0,22.4,25.7,0.0,14.6,65,0
Karachi,2025-03-20,32.0,22.6,26.2,0.0,18.9,70,1
Karachi,2025-03-21,33.3,22.0,26.8,0.0,17.8,64,0
Karachi,2025-03-22,31.7,23.0,26.7,0.0,15.1,64,0
Karachi,2025-03-23,34.0,23.2,27.8,0.0,15.0,53,0
Karachi,2025-03-24,33.7,23.1,27.6,0.0,15.9,46,0
Karachi,2025-03-25,29.7,22.2,25.7,0.0,16.1,72,3
Karachi,2025-03-26,29.5,23.8,26.0,0.0,17.2,70,0
Karachi,2025-03-27,33.9,22.8,27.1,0.0,16.7,42,0
Karachi,2025-03-28,32.0,20.9,26.2,0.0,15.1,24,3
Karachi,2025-03-29,33.4,22.4,26.9,0.0,13.7,22,3
Karachi,2025-03-30,33.8,21.1,26.5,0.0,15.4,40,0
Karachi,2025-03-31,32.0,20.5,26.0,0.0,13.6,65,0
Karachi,2025-04-01,34.5,21.6,27.2,0.0,13.7,62,0
Karachi,2025-04-02,33.7,21.6,27.1,0.0,12.1,60,0
Karachi,2025-04-03,32.8,22.8,27.3,0.0,14.5,66,0
Karachi,2025-04-04,34.0,22.9,28.0,0.0,13.9,61,0
Karachi,2025-04-05,33.8,24.0,28.5,0.0,15.3,61,0
Karachi,2025-04-06,36.6,25.8,30.3,0.0,19.7,42,0
Karachi,2025-04-07,33.2,26.6,29.1,0.0,17.9,54,0
Karachi,2025-04-08,31.5,25.0,28.0,0.0,14.3,71,3
Karachi,2025-04-09,31.5,24.5,27.7,0.0,15.2,77,3
Karachi,2025-04-10,31.6,24.7,27.7,0.0,15.4,77,3
Karachi,2025-04-11,32.3,25.2,28.0,0.0,16.1,77,1
Karachi,2025-04-12,35.2,25.5,29.4,0.0,14.5,66,0
Karachi,2025-04-13,33.0,25.8,28.6,0.0,17.9,73,0
Karachi,2025-04-14,32.0,25.8,28.3,0.0,20.9,76,1
Karachi,2025-04-15,32.7,25.9,28.7,0.0,18.1,77,0
Karachi,2025-04-16,33.2,26.0,29.0,0.0,19.1,72,0
Karachi,2025-04-17,33.5,26.4,29.3,0.0,21.7,67,0
Karachi,2025-04-18,32.2,26.2,28.8,0.0,18.5,71,0
Karachi,2025-04-19,34.7,26.3,30.0,0.0,16.7,60,0
Karachi,2025-04-20,38.8,25.5,31.2,0.0,16.9,40,0
Karachi,2025-04-21,38.2,25.2,30.3,0.0,18.1,45,0
Karachi,2025-04-22,35.7,25.0,29.3,0.0,14.0,59,0
Karachi,2025-04-23,35.2,24.2,28.9,0.0,15.4,66,0
Karachi,2025-04-24,33.8,25.6,29.1,0.0,18.3,69,0
Karachi,2025-04-25,33.1,25.5,28.9,0.0,15.4,76,0
Karachi,2025-04-26,37.4,27.0,31.1,0.0,18.0,56,0
Karachi,2025-04-27,35.0,26.6,30.4,0.0,17.3,63,1
Karachi,2025-04-28,35.7,27.0,31.0,0.0,18.4,60,0
Karachi,2025-04-29,35.3,29.1,31.6,0.0,20.3,52,3
Karachi,2025-04-30,35.5,28.2,31.0,0.0,20.2,57,3
Karachi,2025-05-01,33.5,27.6,30.2,0.0,20.5,65,0
Karachi,2025-05-02,33.2,27.7,29.9,0.0,19.8,71,3
Karachi,2025-05-03,34.3,27.1,30.1,0.0,18.2,71,1
Karachi,2025-05-04,33.5,27.3,30.0,0.0,18.0,71,1
Karachi,2025-05-05,33.0,26.4,29.7,0.0,13.4,69,2
Karachi,2025-05-06,32.8,27.2,29.6,0.0,13.0,75,1
Karachi,2025-05-07,33.5,27.3,29.7,0.0,14.9,76,2
Karachi,2025-05-08,32.2,27.1,29.6,0.0,12.1,76,1
Karachi,2025-05-09,32.3,27.3,29.8,0.0,13.6,72,1
Karachi,2025-05-10,34.0,27.0,30.0,0.0,17.2,70,2
Karachi,2025-05-11,32.5,27.3,29.7,0.0,18.0,76,2
Karachi,2025-05-12,32.0,27.4,29.5,0.1,18.5,76,51
Karachi,2025-05-13,32.7,26.8,29.5,0.0,17.3,77,2
Karachi,2025-05-14,34.5,27.2,30.5,0.0,15.5,76,0
Karachi,2025-05-15,33.7,27.5,30.5,0.0,16.2,76,0
Karachi,2025-05-16,32.8,27.8,30.1,0.0,14.9,79,1
Karachi,2025-05-17,32.5,28.0,30.1,0.0,16.2,75,2
Karachi,2025-05-18,32.8,28.1,30.2,0.0,15.4,73,1
Karachi,2025-05-19,32.7,27.9,30.0,0.0,16.7,73,1
Karachi,2025-05-20,33.2,28.2,30.4,0.0,17.2,71,1
Karachi,2025-05-21,32.9,28.0,30.2,0.0,16.3,73,2
Karachi,2025-05-22,32.5,27.9,29.9,0.2,17.3,75,51
Karachi,2025-05-23,33.8,27.7,30.2,0.0,17.1,74,1
Karachi,2025-05-24,33.2,28.5,30.5,0.0,18.3,73,3
Karachi,2025-05-25,33.9,28.8,30.9,0.0,17.7,75,1
Karachi,2025-05-26,35.5,28.8,31.2,0.0,17.2,74,2
Karachi,2025-05-27,34.0,28.5,30.8,0.0,19.1,75,3
Karachi,2025-05-28,34.5,28.5,30.8,0.0,17.7,79,2
Karachi,2025-05-29,36.8,28.1,32.3,0.0,21.6,66,2
Karachi,2025-05-30,38.3,29.8,32.6,0.0,24.7,59,0
Karachi,2025-05-31,36.3,28.5,31.3,0.0,21.2,73,1
Karachi,2025-06-01,37.7,28.6,31.9,0.0,19.8,65,3
Karachi,2025-06-02,33.8,28.6,30.7,0.0,18.5,75,3
Karachi,2025-06-03,32.2,28.0,29.8,0.0,18.4,79,3
Karachi,2025-06-04,32.5,28.0,30.1,0.1,18.9,74,51
Karachi,2025-06-05,32.7,28.2,30.3,0.0,15.4,70,3
Karachi,2025-06-06,33.2,28.4,30.4,0.0,17.9,68,3
Karachi,2025-06-07,32.6,27.9,29.9,0.0,20.6,71,1
Karachi,2025-06-08,32.5,28.1,30.0,0.0,20.1,71,1
Karachi,2025-06-09,32.4,28.1,30.0,0.0,20.8,70,1
Karachi,2025-06-10,33.1,28.4,30.3,0.0,21.7,68,1
Karachi,2025-06-11,32.9,28.5,30.4,0.0,20.9,71,3
Karachi,2025-06-12,33.0,28.5,30.3,0.0,20.0,77,3
Karachi,2025-06-13,35.4,28.1,30.7,0.0,19.1,80,3
Karachi,2025-06-14,32.8,28.4,30.4,0.0,15.0,82,3
Karachi,2025-06-15,33.3,27.8,30.3,0.0,13.0,80,2
Karachi,2025-06-16,38.0,28.9,31.9,2.4,15.8,74,55
Karachi,2025-06-17,36.0,29.0,31.9,0.0,16.4,75,3
Karachi,2025-06-18,33.5,28.2,30.6,0.2,22.0,77,51
Karachi,2025-06-19,32.4,28.8,30.3,0.4,26.8,76,51
Karachi,2025-06-20,31.5,28.6,30.0,3.4,23.6,82,53
Karachi,2025-06-21,31.8,28.6,30.1,4.0,22.3,83,53
Karachi,2025-06-22,32.0,28.7,29.9,1.1,19.2,81,51
Karachi,2025-06-23,32.5,28.5,30.2,0.7,18.1,80,51
Karachi,2025-06-24,32.8,28.3,30.3,0.4,17.2,79,51
Karachi,2025-06-25,32.2,28.4,30.0,0.0,13.9,79,3
Karachi,2025-06-26,34.2,28.5,30.9,0.0,12.6,77,3
Karachi,2025-06-27,35.9,27.0,29.8,17.1,12.5,82,65
Karachi,2025-06-28,29.6,26.6,28.0,36.2,16.5,89,65
Karachi,2025-06-29,30.3,27.2,28.9,1.5,17.1,84,51
Karachi,2025-06-30,31.6,28.2,29.8,1.1,22.1,82,51
Karachi,2025-07-01,32.0,28.1,29.8,0.8,18.3,82,51
Karachi,2025-07-02,31.6,27.9,29.8,1.2,16.8,81,51
Karachi,2025-07-03,32.5,28.1,29.9,0.4,13.5,80,51
Karachi,2025-07-04,33.1,28.6,30.4,0.2,15.1,78,51
Karachi,2025-07-05,33.8,28.6,30.9,0.5,16.6,76,51
Karachi,2025-07-06,32.4,28.7,30.6,0.8,17.8,76,51
Karachi,2025-07-07,33.0,28.6,30.4,0.0,13.5,76,3
Karachi,2025-07-08,33.7,28.5,30.7,0.2,17.0,74,51
Karachi,2025-07-09,32.7,28.3,30.5,0.6,14.7,78,51
Karachi,2025-07-10,32.2,28.4,30.2,0.5,13.5,77,51
Karachi,2025-07-11,32.8,28.3,30.4,0.2,16.0,76,51
Karachi,2025-07-12,32.0,28.4,30.1,0.1,16.1,74,51
Karachi,2025-07-13,32.2,28.2,29.9,0.6,17.7,75,51
Karachi,2025-07-14,32.3,28.0,29.9,0.7,18.2,78,51
Karachi,2025-07-15,32.2,27.8,29.9,0.0,15.8,74,3
Karachi,2025-07-16,32.1,27.7,29.8,0.1,16.6,73,51
Karachi,2025-07-17,31.7,28.1,29.7,1.1,16.5,76,51
Karachi,2025-07-18,33.2,28.0,30.4,0.0,14.7,69,3
Karachi,2025-07-19,33.0,28.1,30.2,0.5,18.3,73,51
Karachi,2025-07-20,32.1,28.0,29.7,0.0,15.4,76,3
Karachi,2025-07-21,32.2,27.6,30.0,1.8,16.3,76,55
Karachi,2025-07-22,32.6,28.4,30.2,0.4,17.8,75,51
Karachi,2025-07-23,30.8,28.2,29.4,1.8,21.5,78,51
Karachi,2025-07-24,32.0,27.7,29.6,1.8,16.6,77,51
Karachi,2025-07-25,32.1,27.5,29.7,0.6,16.0,77,51
Karachi,2025-07-26,32.0,27.5,29.7,1.0,18.9,76,51
Karachi,2025-07-27,31.5,27.8,29.4,0.6,19.4,75,51
Karachi,2025-07-28,31.4,27.9,29.3,0.2,21.1,75,51
Karachi,2025-07-29,31.4,27.8,29.2,0.3,24.2,76,51
Karachi,2025-07-30,31.1,27.4,28.9,1.5,21.1,79,53
Karachi,2025-07-31,31.0,26.9,28.8,1.2,15.1,80,51
Karachi,2025-08-01,30.6,26.5,28.4,2.1,19.3,80,51
Karachi,2025-08-02,29.9,26.5,28.1,2.1,19.6,81,53
Karachi,2025-08-03,30.2,26.5,28.3,1.3,17.8,80,51
Karachi,2025-08-04,30.6,26.3,28.3,1.5,19.5,79,51
Karachi,2025-08-05,30.0,26.3,28.0,2.0,20.9,80,51
Karachi,2025-08-06,30.1,26.1,28.0,1.9,19.6,80,51
Karachi,2025-08-07,30.2,26.1,28.0,2.2,19.0,80,51
Karachi,2025-08-08,30.6,26.2,28.2,0.9,19.3,77,51
Karachi,2025-08-09,30.6,26.5,28.2,1.9,18.6,78,51
Karachi,2025-08-10,30.0,26.3,28.0,1.7,18.7,79,51
Karachi,2025-08-11,29.2,26.1,27.7,1.6,21.4,80,51
Karachi,2025-08-12,29.5,26.6,28.0,1.8,22.0,77,51
Karachi,2025-08-13,29.8,26.4,28.1,1.2,17.6,81,51
Karachi,2025-08-14,30.6,26.6,28.5,0.1,13.7,82,51
Karachi,2025-08-15,32.7,27.2,29.3,0.3,13.4,77,51
Karachi,2025-08-16,32.9,27.1,29.5,0.0,14.6,78,3
Karachi,2025-08-17,33.0,27.5,30.0,0.0,13.1,76,3
Karachi,2025-08-18,35.3,27.8,30.5,7.4,12.7,78,63
Karachi,2025-08-19,32.2,26.8,28.7,22.3,10.6,86,65
Karachi,2025-08-20,33.0,26.2,28.7,26.8,12.2,87,65
Karachi,2025-08-21,31.6,26.2,28.1,40.2,11.3,90,65
Karachi,2025-08-22,29.8,26.6,28.1,1.4,16.8,88,53
Karachi,2025-08-23,29.9,26.9,28.2,1.6,21.1,85,51
Karachi,2025-08-24,30.0,26.9,28.2,2.1,22.6,87,51
Karachi,2025-08-25,29.9,26.5,28.2,0.7,15.4,87,51
Karachi,2025-08-26,30.0,26.3,28.1,0.1,13.2,85,51
Karachi,2025-08-27,30.2,26.1,28.0,0.1,13.0,85,51
Karachi,2025-08-28,30.9,26.0,28.0,0.1,14.7,84,51
Karachi,2025-08-29,29.8,25.9,27.8,0.1,15.0,85,51
Karachi,2025-08-30,30.9,26.1,28.3,0.0,13.6,83,3
Karachi,2025-08-31,30.8,26.4,28.3,0.0,18.3,80,3
Karachi,2025-09-01,30.6,26.4,28.1,0.8,19.5,78,51
Karachi,2025-09-02,30.4,26.0,28.1,0.5,15.5,77,51
Karachi,2025-09-03,31.5,25.9,28.5,0.0,15.2,73,3
Karachi,2025-09-04,31.4,25.5,28.2,0.0,14.8,77,3
Karachi,2025-09-05,32.8,25.8,28.7,0.0,16.9,78,3
Karachi,2025-09-06,32.2,26.2,28.6,0.0,17.9,79,3
Karachi,2025-09-07,31.9,26.4,28.4,0.0,19.6,78,3
Karachi,2025-09-08,29.1,26.0,27.2,6.6,18.9,85,61
Karachi,2025-09-09,27.9,25.5,26.1,64.4,21.0,92,65
Karachi,2025-09-10,28.2,25.4,26.4,23.1,19.0,88,63
Karachi,2025-09-11,27.6,25.4,26.5,3.8,13.4,88,51
Karachi,2025-09-12,28.8,25.5,27.2,1.5,14.4,84,51
Karachi,2025-09-13,29.3,25.8,27.5,0.0,13.9,81,3
Karachi,2025-09-14,29.5,26.0,27.6,0.3,17.1,81,51
Karachi,2025-09-15,28.8,26.1,27.4,0.5,21.8,82,51
Karachi,2025-09-16,29.0,26.5,27.7,0.9,19.0,83,51
Karachi,2025-09-17,29.7,26.1,27.7,0.6,13.6,84,51
Karachi,2025-09-18,29.8,25.7,27.5,0.4,13.6,86,51
Karachi,2025-09-19,29.2,25.6,27.3,0.3,14.8,83,51
Karachi,2025-09-20,29.5,25.5,27.4,0.6,15.4,81,51
Karachi,2025-09-21,30.1,25.3,27.5,0.0,16.6,76,3
Karachi,2025-09-22,30.1,25.6,27.7,0.2,16.5,75,51
Karachi,2025-09-23,29.3,26.1,27.6,0.8,19.7,78,51
Karachi,2025-09-24,28.9,26.1,27.5,2.0,17.7,80,51
Karachi,2025-09-25,29.8,25.5,27.6,0.5,13.5,82,51
Karachi,2025-09-26,31.9,25.0,27.9,0.0,13.3,77,3
Karachi,2025-09-27,33.8,24.8,28.3,0.0,13.2,78,1
Karachi,2025-09-28,33.9,25.5,28.9,0.0,15.7,81,3
Karachi,2025-09-29,40.2,25.9,32.5,0.0,16.5,58,3
Karachi,2025-09-30,35.6,28.2,30.4,5.2,12.2,70,63
Karachi,2025-10-01,33.5,26.6,29.9,0.3,13.7,70,51
Karachi,2025-10-02,34.0,27.2,30.2,0.3,16.1,66,51
Karachi,2025-10-03,31.5,26.8,28.8,2.2,18.7,74,53
Karachi,2025-10-04,31.4,25.5,28.0,6.7,15.1,81,61
Karachi,2025-10-05,31.4,26.5,28.5,2.0,18.1,78,55
Karachi,2025-10-06,31.8,27.1,28.9,0.0,21.9,68,1
Karachi,2025-10-07,32.6,26.3,28.8,0.1,17.8,62,51
Karachi,2025-10-08,32.1,23.8,27.6,0.2,13.4,68,51
Karachi,2025-10-09,32.3,23.7,27.5,0.0,13.5,66,1
Karachi,2025-10-10,31.6,24.1,27.4,0.2,12.5,65,51
Karachi,2025-10-11,31.5,23.7,27.2,0.5,10.9,65,51
Karachi,2025-10-12,33.1,23.5,27.9,0.0,11.0,58,0
Karachi,2025-10-13,32.5,23.2,27.6,0.0,13.0,62,0
Karachi,2025-10-14,33.5,23.5,27.7,0.0,13.6,62,1
Karachi,2025-10-15,34.2,23.5,28.1,0.0,15.7,54,0
Karachi,2025-10-16,34.8,24.2,29.0,0.0,13.1,42,0
Karachi,2025-10-17,35.2,23.9,29.0,0.0,14.1,39,0
Karachi,2025-10-18,35.2,23.2,28.4,0.0,14.8,55,0
Karachi,2025-10-19,35.3,24.0,28.8,0.0,13.5,51,0
Karachi,2025-10-20,36.0,24.4,29.2,0.0,14.8,43,0
Karachi,2025-10-21,36.0,23.8,29.5,0.0,11.2,39,0
Karachi,2025-10-22,36.5,26.1,31.0,0.0,13.1,29,0
Karachi,2025-10-23,36.0,24.4,29.8,0.0,12.7,33,0
Karachi,2025-10-24,36.0,24.2,29.7,0.0,11.4,32,0
Karachi,2025-10-25,36.2,24.8,30.2,0.0,11.0,27,0
Karachi,2025-10-26,35.7,24.8,30.6,0.0,17.3,24,1
Karachi,2025-10-27,35.2,26.3,30.4,0.0,21.7,24,3
Karachi,2025-10-28,33.6,25.5,29.5,0.0,22.8,33,3
Karachi,2025-10-29,32.9,24.9,29.0,0.0,22.5,36,2
Karachi,2025-10-30,33.4,25.0,29.5,0.0,20.3,36,3
Karachi,2025-10-31,33.8,25.3,29.5,0.0,12.5,35,3
Karachi,2025-11-01,33.0,23.3,27.8,0.0,10.6,39,3
Karachi,2025-11-02,33.8,22.5,27.5,0.0,11.5,51,3
Karachi,2025-11-03,30.4,21.5,25.8,0.0,13.8,78,0
Karachi,2025-11-04,34.9,21.6,28.2,0.0,16.5,45,3
Karachi,2025-11-05,34.2,21.7,27.2,0.0,16.0,24,2
Karachi,2025-11-06,31.5,20.2,25.1,0.0,12.1,39,0
Karachi,2025-11-07,31.6,19.1,24.7,0.0,12.1,51,0
Karachi,2025-11-08,28.6,18.4,23.9,0.0,12.8,67,0
Karachi,2025-11-09,27.8,19.3,23.6,0.0,10.3,69,1
Karachi,2025-11-10,27.5,18.7,23.5,0.0,12.0,66,0
Karachi,2025-11-11,27.4,19.3,23.4,0.0,10.9,69,3
Karachi,2025-11-12,28.5,19.2,23.7,0.0,12.4,70,0
Karachi,2025-11-13,29.1,19.2,24.0,0.0,11.2,67,0
Karachi,2025-11-14,29.8,18.9,23.9,0.0,13.6,60,0
Karachi,2025-11-15,30.0,19.0,24.0,0.0,13.7,48,0
Karachi,2025-11-16,30.6,19.1,24.5,0.0,9.4,38,0
Karachi,2025-11-17,29.3,18.0,23.7,0.0,10.0,40,0
Karachi,2025-11-18,29.1,17.5,23.2,0.0,12.9,58,0
Karachi,2025-11-19,28.0,18.2,23.1,0.0,9.8,63,0
Karachi,2025-11-20,28.5,17.8,23.1,0.0,10.3,67,0
Karachi,2025-11-21,29.4,18.5,23.6,0.0,9.3,55,0
Karachi,2025-11-22,28.7,19.0,23.5,0.0,11.4,51,2
Karachi,2025-11-23,27.8,18.2,22.9,0.0,9.7,53,1
Karachi,2025-11-24,28.6,17.8,22.9,0.0,10.3,44,0
Karachi,2025-11-25,28.6,17.2,22.9,0.0,12.2,32,0
Karachi,2025-11-26,28.3,19.0,23.3,0.0,11.6,31,0
Karachi,2025-11-27,28.0,18.3,22.9,0.0,15.9,28,0
Karachi,2025-11-28,27.5,18.0,22.5,0.0,13.4,29,0
Karachi,2025-11-29,27.6,17.4,22.2,0.0,12.0,32,1
Karachi,2025-11-30,28.1,16.0,21.7,0.0,11.2,36,0
Karachi,2025-12-01,27.1,16.0,21.4,0.0,10.6,48,0
Karachi,2025-12-02,26.1,15.1,20.7,0.0,8.6,43,2
Karachi,2025-12-03,27.5,15.9,21.3,0.0,12.3,27,3
Karachi,2025-12-04,27.9,17.5,22.3,0.0,11.9,27,0
Karachi,2025-12-05,28.2,15.1,21.7,0.0,9.8,33,3
Karachi,2025-12-06,28.0,17.9,22.8,0.0,11.9,28,3
Karachi,2025-12-07,28.6,17.0,22.5,0.0,9.8,28,3
Karachi,2025-12-08,29.8,16.4,22.6,0.0,10.1,29,0
Karachi,2025-12-09,29.5,17.1,22.7,0.0,10.4,32,0
Karachi,2025-12-10,28.2,14.2,21.6,0.0,9.8,43,0
Karachi,2025-12-11,26.1,15.0,20.7,0.0,10.2,75,0
Karachi,2025-12-12,25.4,15.1,20.3,0.0,11.1,80,3
Karachi,2025-12-13,26.5,16.6,21.6,0.0,10.1,73,3
Karachi,2025-12-14,26.5,16.1,21.1,0.0,9.9,63,3
Karachi,2025-12-15,27.5,16.5,21.6,0.0,11.1,45,3
Karachi,2025-12-16,28.1,17.5,22.1,0.0,14.1,43,0
Karachi,2025-12-17,28.0,17.0,22.4,0.0,12.8,40,2
Karachi,2025-12-18,27.5,16.2,21.6,0.0,9.7,45,3
Karachi,2025-12-19,28.5,17.7,22.6,0.0,7.7,43,2
Karachi,2025-12-20,27.6,19.0,23.2,0.0,8.5,48,3
Karachi,2025-12-21,26.6,18.9,22.5,0.0,10.8,72,3
Karachi,2025-12-22,26.8,17.9,22.2,0.0,9.7,50,0
Karachi,2025-12-23,26.9,17.7,22.0,0.0,11.7,48,3
Karachi,2025-12-24,26.4,16.4,20.6,0.0,10.5,47,3
Karachi,2025-12-25,24.1,14.8,19.6,0.0,8.9,57,3
Karachi,2025-12-26,24.5,14.9,19.7,0.0,8.7,67,3
Karachi,2025-12-27,25.5,15.1,20.2,0.0,10.5,49,2
Karachi,2025-12-28,25.6,15.6,20.3,0.0,8.6,42,3
Karachi,2025-12-29,25.5,15.1,20.2,0.0,8.5,48,0
Karachi,2025-12-30,24.4,16.1,20.4,0.3,12.1,68,51
Karachi,2025-12-31,24.1,18.5,21.2,1.1,19.7,64,53
Karachi,2026-01-01,24.7,15.9,19.9,0.0,10.4,60,3
Karachi,2026-01-02,24.5,15.5,19.8,0.0,11.6,53,0
Karachi,2026-01-03,23.0,14.6,18.9,0.0,8.2,58,0
Karachi,2026-01-04,23.7,14.5,18.9,0.0,8.9,72,0
Karachi,2026-01-05,24.4,15.4,19.6,0.0,9.4,67,0
Karachi,2026-01-06,24.8,15.8,20.0,0.0,12.8,49,0
Karachi,2026-01-07,23.8,15.2,19.1,0.0,14.4,45,0
Karachi,2026-01-08,22.6,14.6,18.1,0.0,14.4,38,1
Karachi,2026-01-09,23.1,13.1,17.8,0.0,11.6,35,0
Karachi,2026-01-10,23.3,13.4,18.1,0.0,11.2,35,0
Karachi,2026-01-11,23.8,12.1,17.4,0.0,11.8,37,2
Karachi,2026-01-12,22.8,11.2,17.0,0.0,10.5,49,3
Karachi,2026-01-13,24.4,12.6,18.3,0.0,9.8,46,0
Karachi,2026-01-14,23.9,14.2,19.3,0.0,10.8,61,0
Karachi,2026-01-15,24.6,16.0,20.6,0.0,12.1,77,1
Karachi,2026-01-16,25.0,16.8,20.9,0.0,11.9,73,3
Karachi,2026-01-17,25.4,19.3,22.0,0.0,13.0,70,2
Karachi,2026-01-18,23.7,16.8,20.6,0.3,10.0,70,51
Karachi,2026-01-19,24.3,16.5,20.5,0.0,10.7,69,0
Karachi,2026-01-20,24.0,15.6,20.0,0.0,10.5,59,1
Karachi,2026-01-21,23.7,14.9,19.6,0.0,8.9,63,0
Karachi,2026-01-22,23.5,14.1,18.8,14.6,23.8,68,63
Karachi,2026-01-23,17.5,9.8,13.6,0.0,17.4,43,2
Karachi,2026-01-24,19.5,9.2,14.6,0.0,16.9,43,3
Karachi,2026-01-25,20.4,11.9,15.7,0.0,17.7,38,3
Karachi,2026-01-26,21.6,13.6,17.1,0.0,15.6,38,3
Karachi,2026-01-27,22.6,13.4,17.8,0.0,12.6,40,3
Karachi,2026-01-28,23.5,13.9,18.5,0.0,10.5,48,3
Karachi,2026-01-29,23.6,13.9,19.0,0.0,11.6,44,3
Karachi,2026-01-30,24.5,15.4,19.5,0.0,12.3,44,3
Karachi,2026-01-31,24.9,14.8,19.5,0.0,12.7,51,0
Karachi,2026-02-01,25.5,16.1,20.5,0.0,12.7,70,0
Karachi,2026-02-02,27.5,17.0,22.0,0.0,11.5,51,0
Karachi,2026-02-03,27.9,17.5,22.3,0.0,10.5,43,1
Karachi,2026-02-04,28.7,17.9,23.4,0.0,15.1,35,1
Karachi,2026-02-05,28.9,19.5,23.7,0.0,14.2,33,3
Karachi,2026-02-06,27.9,17.1,22.2,0.0,13.4,43,3
Karachi,2026-02-07,27.2,16.9,21.9,0.0,12.1,72,3
Karachi,2026-02-08,26.5,16.9,21.4,0.0,10.8,72,3
Karachi,2026-02-09,25.6,18.6,22.1,0.3,16.2,75,51
Karachi,2026-02-10,27.0,19.6,22.8,0.5,13.5,75,51
Karachi,2026-02-11,29.2,19.4,24.0,0.0,16.5,49,3
Karachi,2026-02-12,29.5,19.0,23.8,0.0,13.0,45,3
Karachi,2026-02-13,27.0,17.9,22.4,0.0,13.1,69,3
Karachi,2026-02-14,27.5,16.9,22.0,0.0,11.7,78,0
Karachi,2026-02-15,26.9,18.6,22.0,0.0,12.0,85,3
Karachi,2026-02-16,25.5,20.4,22.6,0.0,15.1,76,3
Karachi,2026-02-17,25.1,19.8,21.9,1.3,10.4,75,53
Karachi,2026-02-18,26.5,17.5,21.7,0.0,16.3,57,2
Karachi,2026-02-19,30.0,20.0,24.9,0.0,17.7,40,0
Karachi,2026-02-20,30.6,21.6,26.1,0.0,17.1,33,0
Karachi,2026-02-21,30.3,21.8,25.6,0.0,16.0,38,0
Karachi,2026-02-22,27.9,20.4,23.7,0.0,14.7,69,0
Karachi,2026-02-23,28.8,20.0,23.7,0.0,11.5,75,1
Karachi,2026-02-24,30.0,19.1,24.0,0.0,13.0,70,3
Karachi,2026-02-25,29.1,19.4,24.2,0.0,13.9,66,1
Karachi,2026-02-26,30.1,19.6,24.7,0.0,14.6,70,1
Karachi,2026-02-27,27.5,21.4,24.3,0.0,15.6,71,0
Karachi,2026-02-28,28.3,21.6,24.4,0.0,15.0,74,0
Karachi,2026-03-01,27.2,20.8,23.5,0.0,13.4,78,3
Karachi,2026-03-02,29.2,20.2,23.6,0.0,14.3,80,3
Karachi,2026-03-03,30.3,19.7,24.2,0.0,11.4,75,3
Karachi,2026-03-04,28.0,19.9,23.2,0.0,12.8,76,3
Karachi,2026-03-05,28.0,20.6,23.7,0.0,17.1,75,0
Karachi,2026-03-06,29.0,22.4,25.0,0.0,16.2,79,2
Karachi,2026-03-07,29.8,22.1,25.2,0.0,12.6,82,1
Karachi,2026-03-08,28.6,21.1,24.3,0.0,11.1,84,3
Karachi,2026-03-09,31.9,21.1,25.3,0.0,11.4,74,3
Karachi,2026-03-10,32.6,21.5,25.5,0.0,13.1,72,3
Karachi,2026-03-11,29.9,20.2,24.9,0.0,14.2,81,3
Karachi,2026-03-12,35.2,22.5,27.8,0.0,15.1,52,3
Karachi,2026-03-13,33.6,21.8,26.9,0.0,15.0,50,0
Karachi,2026-03-14,32.7,22.6,27.0,0.0,16.9,57,0
Karachi,2026-03-15,35.2,22.4,28.4,0.0,15.7,46,3
Karachi,2026-03-16,34.8,23.1,27.9,0.0,15.4,47,1
Karachi,2026-03-17,28.9,23.3,25.9,0.0,14.8,73,3
Karachi,2026-03-18,29.6,23.0,25.8,2.3,17.8,81,61
Karachi,2026-03-19,25.8,20.5,22.9,10.8,9.7,77,65
Karachi,2026-03-20,26.8,18.8,23.1,0.0,12.7,74,3
Karachi,2026-03-21,27.8,22.9,25.3,0.1,13.7,78,51
Karachi,2026-03-22,29.0,22.2,25.3,0.1,13.9,77,51
Karachi,2026-03-23,30.7,23.1,26.1,0.0,15.4,72,3
Karachi,2026-03-24,29.8,23.8,26.4,0.0,13.1,76,3
Karachi,2026-03-25,30.5,24.0,26.8,0.0,15.7,68,3
Karachi,2026-03-26,30.3,24.8,26.7,0.1,16.0,67,51
Karachi,2026-03-27,31.0,23.6,26.6,0.0,20.6,74,3
Karachi,2026-03-28,30.2,24.8,26.8,0.0,23.4,70,3
Karachi,2026-03-29,29.1,24.5,26.5,0.0,21.5,59,3
Karachi,2026-03-30,28.2,23.8,25.7,0.0,16.5,54,3
Karachi,2026-03-31,27.4,23.4,25.2,0.0,14.6,55,3
Karachi,2026-04-01,29.0,23.4,25.8,0.0,15.9,61,3
Karachi,2026-04-02,25.0,18.2,22.6,10.4,21.7,81,63
Karachi,2026-04-03,25.4,17.7,21.9,1.4,13.5,74,61
Karachi,2026-04-04,27.5,20.5,24.2,0.0,14.5,66,3
Karachi,2026-04-05,27.6,22.1,24.6,0.0,12.5,67,3
Karachi,2026-04-06,28.6,23.3,25.7,0.9,22.5,73,51
Karachi,2026-04-07,29.2,24.6,26.4,0.2,21.5,73,51
Karachi,2026-04-08,29.0,23.2,25.8,0.0,13.9,76,1
Karachi,2026-04-09,30.1,21.6,25.6,0.0,15.3,78,3
Karachi,2026-04-10,31.8,23.9,27.2,0.0,13.6,65,3
Karachi,2026-04-11,33.1,24.0,27.9,0.0,14.8,66,3
Karachi,2026-04-12,34.8,23.3,28.4,0.0,14.2,60,2
Karachi,2026-04-13,33.4,24.5,28.3,0.0,17.7,62,3
Karachi,2026-04-14,33.3,25.8,28.6,0.0,15.0,62,3
Karachi,2026-04-15,32.2,24.6,27.6,0.0,13.5,71,3
Karachi,2026-04-16,30.2,24.9,27.2,0.0,16.4,65,3
Karachi,2026-04-17,33.5,24.8,28.3,0.0,15.7,63,3
Karachi,2026-04-18,30.4,23.9,26.6,0.0,14.6,71,3
Karachi,2026-04-19,30.9,23.6,26.8,0.0,14.9,72,1
Karachi,2026-04-20,31.6,24.0,27.2,0.0,14.1,75,3
Karachi,2026-04-21,31.1,24.4,27.1,0.0,15.7,74,3
Karachi,2026-04-22,31.3,24.7,27.4,0.0,17.1,79,3
Lahore,2024-04-22,32.2,17.3,25.1,0.0,15.5,50,3
Lahore,2024-04-23,31.9,18.2,24.8,0.0,14.8,50,3
Lahore,2024-04-24,33.0,18.0,25.3,0.0,19.8,48,2
Lahore,2024-04-25,35.9,18.6,27.1,0.0,15.0,41,3
Lahore,2024-04-26,35.0,19.0,27.1,1.4,26.0,44,61
Lahore,2024-04-27,31.1,20.6,25.6,0.0,19.7,46,3
Lahore,2024-04-28,32.8,19.1,25.8,0.0,15.6,47,3
Lahore,2024-04-29,30.9,18.5,23.3,5.1,23.2,54,63
Lahore,2024-04-30,31.2,16.5,22.5,0.2,35.0,53,51
Lahore,2024-05-01,28.9,14.7,22.2,0.0,18.9,45,0
Lahore,2024-05-02,33.0,16.2,25.3,0.0,14.8,36,0
Lahore,2024-05-03,35.8,17.8,27.3,0.0,11.8,37,3
Lahore,2024-05-04,34.8,21.0,28.8,0.0,19.2,37,3
Lahore,2024-05-05,36.7,22.2,29.8,0.0,19.4,36,1
Lahore,2024-05-06,38.5,22.0,30.4,0.0,14.3,33,1
Lahore,2024-05-07,39.8,22.1,31.6,0.0,16.6,28,0
Lahore,2024-05-08,40.0,22.2,31.5,0.0,13.4,25,0
Lahore,2024-05-09,39.2,24.0,31.9,0.0,22.3,32,3
Lahore,2024-05-10,39.3,25.0,31.2,0.0,24.2,39,3
Lahore,2024-05-11,36.7,24.0,29.8,0.0,14.7,48,3
Lahore,2024-05-12,33.8,23.4,28.5,1.1,21.7,50,53
Lahore,2024-05-13,37.5,21.0,29.5,0.0,14.0,37,3
Lahore,2024-05-14,38.2,22.0,30.5,0.0,15.6,30,1
Lahore,2024-05-15,40.1,22.5,31.1,0.0,14.1,35,3
Lahore,2024-05-16,41.1,23.6,33.0,0.0,17.4,29,2
Lahore,2024-05-17,41.5,24.1,32.6,0.0,21.4,31,3
Lahore,2024-05-18,42.5,25.7,33.6,0.0,20.5,28,3
Lahore,2024-05-19,41.0,25.4,33.4,0.0,21.3,30,3
Lahore,2024-05-20,42.2,24.3,33.2,0.0,13.8,30,1
Lahore,2024-05-21,41.8,26.0,33.9,0.0,14.7,26,0
Lahore,2024-05-22,42.2,25.9,34.1,0.0,11.2,30,0
Lahore,2024-05-23,41.2,26.4,34.2,0.0,21.9,33,1
Lahore,2024-05-24,40.5,26.8,34.1,0.1,22.1,36,51
Lahore,2024-05-25,42.1,26.5,34.5,0.0,20.7,29,0
Lahore,2024-05-26,43.1,26.0,35.0,0.0,14.8,28,0
Lahore,2024-05-27,43.1,26.1,34.8,0.0,14.0,26,0
Lahore,2024-05-28,44.0,25.2,35.1,0.0,13.4,22,0
Lahore,2024-05-29,46.3,26.5,35.8,0.0,23.7,19,3
Lahore,2024-05-30,43.2,26.2,35.0,0.0,21.1,19,0
Lahore,2024-05-31,45.0,26.2,35.6,0.0,15.4,18,3
Lahore,2024-06-01,43.0,28.0,35.8,0.0,16.6,17,3
Lahore,2024-06-02,42.8,29.5,35.6,0.0,16.5,22,1
Lahore,2024-06-03,44.0,28.0,36.3,0.0,22.6,21,3
Lahore,2024-06-04,43.6,27.8,34.7,1.7,21.4,26,61
Lahore,2024-06-05,41.2,27.9,32.3,0.4,27.3,33,51
Lahore,2024-06-06,37.8,25.2,31.2,0.2,28.7,42,51
Lahore,2024-06-07,38.0,26.2,31.3,0.1,23.1,40,51
Lahore,2024-06-08,38.6,25.5,31.6,0.0,14.4,37,3
Lahore,2024-06-09,40.2,25.5,32.8,0.0,17.7,31,1
Lahore,2024-06-10,41.2,25.1,33.7,0.0,16.0,26,0
Lahore,2024-06-11,42.1,24.5,34.2,0.0,15.3,25,1
Lahore,2024-06-12,43.5,26.9,35.4,0.0,14.6,23,1
Lahore,2024-06-13,43.5,27.5,34.9,0.3,36.7,29,51
Lahore,2024-06-14,41.7,28.5,35.6,0.0,18.2,29,2
Lahore,2024-06-15,42.5,28.2,35.5,0.0,19.7,30,2
Lahore,2024-06-16,43.6,30.9,36.7,0.0,16.8,32,0
Lahore,2024-06-17,44.5,31.3,37.4,0.0,18.0,31,1
Lahore,2024-06-18,43.4,31.2,36.7,0.0,23.8,33,3
Lahore,2024-06-19,40.7,31.5,36.0,0.3,14.5,36,51
Lahore,2024-06-20,38.2,28.0,32.3,2.3,29.9,50,61
Lahore,2024-06-21,35.0,28.2,31.2,0.7,18.7,57,53
Lahore,2024-06-22,38.0,27.0,32.1,0.0,9.5,50,3
Lahore,2024-06-23,40.1,26.5,33.7,0.0,9.8,41,1
Lahore,2024-06-24,41.6,28.1,34.8,0.0,9.2,34,0
Lahore,2024-06-25,41.1,27.9,34.5,0.0,14.5,43,0
Lahore,2024-06-26,42.0,28.7,35.8,0.0,18.9,43,3
Lahore,2024-06-27,37.5,26.4,32.9,1.6,23.9,61,55
Lahore,2024-06-28,38.5,29.5,33.7,0.0,16.8,55,1
Lahore,2024-06-29,39.0,29.8,34.2,0.0,11.9,54,1
Lahore,2024-06-30,38.4,27.0,33.3,7.3,13.0,60,63
Lahore,2024-07-01,39.5,27.3,33.5,0.9,17.4,63,53
Lahore,2024-07-02,39.0,26.9,33.5,1.2,21.2,67,51
Lahore,2024-07-03,38.8,27.1,32.0,3.2,27.4,74,61
Lahore,2024-07-04,34.7,26.0,30.0,7.3,24.5,76,63
Lahore,2024-07-05,35.4,27.6,30.8,1.0,15.5,73,53
Lahore,2024-07-06,32.6,25.1,28.7,14.9,18.4,80,63
Lahore,2024-07-07,33.2,25.0,28.6,16.9,16.2,79,65
Lahore,2024-07-08,35.0,26.5,30.5,0.1,12.2,73,51
Lahore,2024-07-09,35.4,26.8,31.0,0.2,13.2,71,51
Lahore,2024-07-10,36.2,26.3,31.5,1.7,16.6,72,55
Lahore,2024-07-11,37.4,28.0,32.5,0.7,12.3,70,53
Lahore,2024-07-12,33.8,26.6,29.8,7.6,19.7,74,63
Lahore,2024-07-13,33.9,24.7,29.3,0.1,9.2,73,51
Lahore,2024-07-14,34.5,25.4,30.0,0.2,11.5,74,51
Lahore,2024-07-15,36.5,27.0,31.5,0.0,8.8,68,0
Lahore,2024-07-16,36.3,27.9,32.1,0.0,10.6,69,0
Lahore,2024-07-17,36.8,28.6,32.6,0.7,12.6,70,51
Lahore,2024-07-18,35.2,24.7,31.2,2.2,22.6,74,61
Lahore,2024-07-19,37.3,28.4,32.6,0.0,9.5,68,1
Lahore,2024-07-20,37.3,28.7,33.1,0.1,14.8,67,51
Lahore,2024-07-21,37.0,27.4,32.8,0.0,16.6,68,3
Lahore,2024-07-22,36.5,28.5,32.6,0.7,16.9,70,53
Lahore,2024-07-23,36.6,26.4,31.6,0.0,20.4,70,3
Lahore,2024-07-24,36.7,28.1,32.1,0.1,13.4,70,51
Lahore,2024-07-25,35.8,25.5,31.5,10.5,12.6,72,65
Lahore,2024-07-26,35.8,27.0,31.6,0.2,15.4,73,51
Lahore,2024-07-27,37.2,27.6,32.3,1.1,16.0,74,53
Lahore,2024-07-28,36.1,28.1,31.9,3.1,13.8,75,61
Lahore,2024-07-29,34.1,26.6,29.9,17.5,18.4,83,65
Lahore,2024-07-30,36.2,27.9,31.6,6.3,13.5,78,63
Lahore,2024-07-31,36.8,27.1,32.3,26.4,14.0,77,65
Lahore,2024-08-01,30.7,25.5,26.8,93.9,21.6,94,65
Lahore,2024-08-02,34.0,25.9,29.9,1.2,10.5,81,53
Lahore,2024-08-03,33.2,27.0,29.6,8.5,18.2,81,63
Lahore,2024-08-04,32.6,26.5,28.9,30.1,13.7,85,65
Lahore,2024-08-05,33.1,27.0,29.9,9.8,9.2,81,65
Lahore,2024-08-06,34.2,27.6,30.7,0.4,7.9,75,51
Lahore,2024-08-07,33.0,26.8,29.5,1.5,14.7,81,53
Lahore,2024-08-08,32.7,26.1,28.8,1.3,14.0,83,53
Lahore,2024-08-09,32.7,25.9,29.1,1.7,15.4,82,53
Lahore,2024-08-10,33.0,25.9,28.7,7.0,13.8,85,63
Lahore,2024-08-11,30.1,25.0,27.4,10.5,16.9,88,63
Lahore,2024-08-12,31.9,25.4,28.1,0.3,9.7,83,51
Lahore,2024-08-13,33.2,25.9,29.6,0.4,10.2,81,51
Lahore,2024-08-14,34.3,26.7,30.6,0.6,8.7,77,53
Lahore,2024-08-15,31.0,26.1,28.6,26.4,15.9,88,65
Lahore,2024-08-16,32.7,25.6,29.1,16.9,15.2,84,63
Lahore,2024-08-17,31.5,26.1,27.7,17.6,16.5,88,65
Lahore,2024-08-18,33.7,25.4,28.9,0.0,13.7,85,3
Lahore,2024-08-19,32.4,25.3,28.6,17.4,10.4,86,63
Lahore,2024-08-20,32.5,24.5,28.8,2.7,11.5,82,61
Lahore,2024-08-21,33.0,24.6,28.7,9.9,8.5,82,63
Lahore,2024-08-22,33.5,25.8,29.6,0.1,6.5,80,51
Lahore,2024-08-23,33.7,26.0,29.5,0.3,15.2,79,51
Lahore,2024-08-24,33.8,23.2,29.4,2.0,23.7,79,61
Lahore,2024-08-25,33.4,25.3,29.4,0.0,9.7,80,1
Lahore,2024-08-26,33.2,26.2,29.6,1.7,9.7,80,53
Lahore,2024-08-27,31.2,26.2,28.2,0.8,18.6,83,51
Lahore,2024-08-28,30.9,24.4,26.7,27.7,13.0,89,65
Lahore,2024-08-29,29.0,24.6,25.9,31.4,24.6,90,65
Lahore,2024-08-30,31.4,24.4,27.3,1.3,14.8,83,51
Lahore,2024-08-31,32.8,24.5,28.5,0.0,11.0,82,0
Lahore,2024-09-01,34.0,25.9,29.7,0.1,6.3,78,51
Lahore,2024-09-02,32.0,25.6,28.4,8.9,12.9,85,63
Lahore,2024-09-03,30.5,24.4,26.7,12.9,11.0,90,63
Lahore,2024-09-04,31.5,23.9,27.5,1.2,6.3,86,51
Lahore,2024-09-05,31.5,22.8,27.2,2.1,13.1,84,61
Lahore,2024-09-06,31.6,23.3,27.8,2.8,23.4,84,55
Lahore,2024-09-07,31.6,22.8,27.4,9.1,16.1,82,63
Lahore,2024-09-08,32.8,23.4,28.2,0.0,9.2,81,1
Lahore,2024-09-09,33.7,25.0,29.3,0.0,6.3,77,0
Lahore,2024-09-10,32.5,25.4,28.3,5.7,14.8,82,63
Lahore,2024-09-11,32.8,25.0,28.7,0.2,16.5,81,51
Lahore,2024-09-12,35.3,25.1,29.9,0.0,12.9,73,0
Lahore,2024-09-13,34.2,24.4,28.9,0.0,13.3,77,0
Lahore,2024-09-14,32.8,24.9,28.3,0.0,17.1,76,1
Lahore,2024-09-15,34.3,24.9,28.8,0.0,8.4,70,1
Lahore,2024-09-16,34.4,23.8,28.6,0.0,8.0,67,0
Lahore,2024-09-17,35.2,23.1,29.1,0.0,10.3,68,0
Lahore,2024-09-18,34.7,23.6,28.6,0.0,12.7,71,2
Lahore,2024-09-19,32.5,23.8,27.1,0.4,21.9,75,51
Lahore,2024-09-20,34.1,22.6,28.1,0.0,7.6,72,0
Lahore,2024-09-21,34.4,23.9,29.0,0.0,8.4,68,0
Lahore,2024-09-22,36.0,25.5,30.2,0.0,9.7,68,1
Lahore,2024-09-23,36.7,26.3,31.0,0.0,8.8,66,0
Lahore,2024-09-24,36.7,26.0,31.0,0.0,8.8,65,1
Lahore,2024-09-25,34.7,25.7,30.3,0.0,8.4,69,1
Lahore,2024-09-26,32.1,26.5,29.0,0.2,21.3,75,51
Lahore,2024-09-27,32.7,24.8,28.6,0.0,12.8,76,2
Lahore,2024-09-28,31.8,21.5,27.2,13.0,24.8,78,65
Lahore,2024-09-29,32.5,24.1,27.8,0.0,7.8,73,1
Lahore,2024-09-30,33.8,23.1,28.2,0.0,13.4,77,1
Lahore,2024-10-01,34.8,24.1,29.1,0.0,9.3,75,0
Lahore,2024-10-02,35.2,23.3,29.5,0.0,10.6,69,0
Lahore,2024-10-03,35.0,22.6,28.5,0.0,7.8,68,0
Lahore,2024-10-04,35.0,22.5,28.2,0.0,10.3,64,1
Lahore,2024-10-05,34.6,23.0,26.9,0.3,29.3,67,51
Lahore,2024-10-06,31.1,20.6,24.9,0.9,22.5,76,53
Lahore,2024-10-07,31.5,20.1,25.6,0.0,8.8,74,3
Lahore,2024-10-08,29.7,21.0,24.0,11.5,27.4,82,63
Lahore,2024-10-09,31.1,20.5,24.8,0.0,11.1,67,1
Lahore,2024-10-10,31.1,19.4,24.6,0.0,11.6,65,0
Lahore,2024-10-11,31.5,19.4,25.0,0.0,13.2,65,0
Lahore,2024-10-12,32.0,20.1,25.4,0.0,8.5,64,0
Lahore,2024-10-13,31.7,19.1,24.8,0.0,10.3,66,0
Lahore,2024-10-14,31.6,19.5,24.6,0.0,11.2,62,0
Lahore,2024-10-15,31.8,18.8,24.4,0.0,10.7,63,0
Lahore,2024-10-16,32.5,17.5,24.7,0.0,10.2,63,3
Lahore,2024-10-17,32.5,19.0,24.7,0.0,9.7,63,0
Lahore,2024-10-18,32.8,19.5,25.4,0.0,8.9,65,0
Lahore,2024-10-19,31.4,19.2,25.8,0.0,8.1,63,0
Lahore,2024-10-20,31.4,19.5,25.1,0.0,8.9,67,0
Lahore,2024-10-21,31.2,18.9,24.6,0.0,7.7,69,0
Lahore,2024-10-22,31.1,18.8,25.0,0.0,9.2,66,0
Lahore,2024-10-23,31.0,19.4,25.0,0.0,14.9,68,2
Lahore,2024-10-24,31.4,19.6,24.8,0.0,12.3,66,0
Lahore,2024-10-25,31.7,18.5,24.6,0.0,12.8,66,0
Lahore,2024-10-26,31.0,18.3,24.0,0.0,10.1,66,0
Lahore,2024-10-27,31.6,18.1,24.3,0.0,8.5,69,0
Lahore,2024-10-28,31.6,19.2,24.8,0.0,10.4,71,2
Lahore,2024-10-29,32.0,20.3,25.6,0.0,12.5,68,1
Lahore,2024-10-30,31.5,20.6,25.2,0.0,12.6,66,3
Lahore,2024-10-31,31.2,19.4,24.3,0.0,13.5,62,0
Lahore,2024-11-01,30.6,16.0,22.8,0.0,10.4,62,0
Lahore,2024-11-02,30.3,15.6,22.2,0.0,8.8,66,3
Lahore,2024-11-03,29.9,16.0,23.1,0.0,8.4,63,2
Lahore,2024-11-04,29.4,17.3,22.5,0.0,9.3,73,0
Lahore,2024-11-05,29.2,17.4,22.7,0.0,10.0,71,0
Lahore,2024-11-06,29.0,16.6,23.0,0.0,6.8,72,0
Lahore,2024-11-07,29.2,17.6,23.2,0.0,9.0,75,0
Lahore,2024-11-08,29.0,17.9,22.5,0.0,8.8,80,2
Lahore,2024-11-09,28.3,17.4,22.3,0.0,8.0,80,0
Lahore,2024-11-10,28.5,17.4,22.4,0.0,8.7,79,0
Lahore,2024-11-11,28.5,17.6,21.6,0.0,11.1,81,1
Lahore,2024-11-12,27.3,16.2,21.6,0.0,9.9,81,0
Lahore,2024-11-13,26.5,17.6,21.5,0.0,4.9,80,3
Lahore,2024-11-14,26.6,17.0,20.9,0.0,7.2,80,3
Lahore,2024-11-15,25.7,15.8,20.0,0.0,5.1,82,3
Lahore,2024-11-16,23.5,14.8,18.8,0.6,19.9,82,53
Lahore,2024-11-17,23.8,13.9,18.3,0.0,6.0,83,3
Lahore,2024-11-18,24.1,13.8,18.3,0.0,5.8,70,3
Lahore,2024-11-19,23.9,12.6,17.9,0.0,5.9,71,0
Lahore,2024-11-20,23.7,12.8,17.8,0.0,6.0,75,0
Lahore,2024-11-21,24.2,12.1,17.5,0.0,4.0,77,1
Lahore,2024-11-22,24.7,12.6,17.9,0.0,7.2,74,3
Lahore,2024-11-23,23.3,13.9,17.9,1.6,17.1,74,61
Lahore,2024-11-24,23.9,14.2,18.3,0.0,10.0,71,0
Lahore,2024-11-25,23.6,12.9,18.0,0.0,7.5,69,0
Lahore,2024-11-26,23.6,13.1,17.8,0.0,6.0,69,0
Lahore,2024-11-27,23.1,11.8,17.0,0.0,4.2,73,0
Lahore,2024-11-28,23.6,11.4,17.2,0.0,4.9,75,2
Lahore,2024-11-29,23.6,11.6,17.3,0.0,5.7,76,3
Lahore,2024-11-30,21.8,13.1,17.6,1.4,7.6,71,61
Lahore,2024-12-01,22.5,12.5,17.2,0.0,5.6,75,0
Lahore,2024-12-02,23.8,13.4,18.1,0.0,6.8,71,1
Lahore,2024-12-03,23.0,14.6,18.5,0.1,7.9,67,51
Lahore,2024-12-04,22.4,12.6,17.0,0.0,9.0,55,0
Lahore,2024-12-05,22.5,10.0,16.0,0.0,8.1,54,0
Lahore,2024-12-06,21.9,9.0,15.2,0.0,8.2,60,0
Lahore,2024-12-07,21.2,8.1,14.2,0.0,6.4,67,0
Lahore,2024-12-08,17.0,9.4,12.6,2.3,12.4,68,61
Lahore,2024-12-09,18.8,7.9,12.8,0.0,6.6,64,0
Lahore,2024-12-10,18.5,7.1,12.5,0.0,8.2,54,0
Lahore,2024-12-11,18.8,6.4,12.4,0.0,8.1,61,0
Lahore,2024-12-12,18.3,6.8,12.2,0.0,8.5,66,0
Lahore,2024-12-13,19.4,7.4,12.8,0.0,11.6,54,3
Lahore,2024-12-14,18.6,6.2,12.2,0.0,7.5,58,1
Lahore,2024-12-15,18.4,6.7,12.2,0.0,6.7,67,3
Lahore,2024-12-16,18.1,5.5,11.5,0.0,3.9,73,0
Lahore,2024-12-17,18.4,4.3,11.3,0.0,4.8,75,3
Lahore,2024-12-18,19.0,5.9,12.1,0.0,5.2,72,3
Lahore,2024-12-19,18.4,4.8,11.5,0.0,5.9,73,0
Lahore,2024-12-20,18.9,6.0,12.1,0.0,6.2,73,0
Lahore,2024-12-21,18.0,5.9,11.9,0.0,6.4,68,3
Lahore,2024-12-22,18.1,7.6,12.3,0.0,7.5,71,3
Lahore,2024-12-23,13.6,9.2,11.2,2.7,10.4,85,55
Lahore,2024-12-24,18.2,7.3,12.2,0.0,7.4,75,0
Lahore,2024-12-25,19.6,7.2,13.0,0.0,6.5,73,0
Lahore,2024-12-26,19.5,7.7,13.3,0.0,6.4,72,3
Lahore,2024-12-27,17.1,8.2,12.1,0.7,10.9,83,53
Lahore,2024-12-28,17.0,8.6,12.1,0.0,5.9,87,3
Lahore,2024-12-29,18.0,7.8,11.9,0.0,8.0,86,3
Lahore,2024-12-30,17.7,6.7,11.3,0.0,6.3,80,3
Lahore,2024-12-31,16.6,6.2,10.4,0.0,5.8,89,3
Lahore,2025-01-01,16.3,6.7,10.3,0.0,5.4,92,3
Lahore,2025-01-02,17.2,6.9,11.4,0.0,5.4,89,3
Lahore,2025-01-03,17.4,7.8,11.5,0.0,5.0,93,3
Lahore,2025-01-04,18.8,7.2,11.6,0.0,8.7,91,3
Lahore,2025-01-05,15.9,8.4,11.8,36.6,8.1,92,65
Lahore,2025-01-06,17.4,8.4,11.8,0.0,8.1,90,3
Lahore,2025-01-07,17.5,7.8,11.9,0.0,8.8,73,0
Lahore,2025-01-08,18.1,7.6,12.0,0.0,8.1,72,1
Lahore,2025-01-09,18.4,5.1,10.9,0.0,3.8,88,3
Lahore,2025-01-10,15.8,5.8,9.5,0.0,5.2,94,3
Lahore,2025-01-11,14.2,6.2,10.3,0.8,9.8,91,53
Lahore,2025-01-12,16.9,9.1,12.8,0.0,13.3,83,3
Lahore,2025-01-13,18.0,7.7,12.0,0.0,8.0,80,0
Lahore,2025-01-14,18.0,6.9,11.9,0.0,6.8,76,3
Lahore,2025-01-15,18.0,5.8,11.5,0.0,5.3,82,3
Lahore,2025-01-16,16.8,6.2,10.7,0.0,7.6,88,1
Lahore,2025-01-17,17.6,7.3,11.4,0.0,8.6,86,3
Lahore,2025-01-18,17.9,8.6,12.2,0.0,4.9,84,3
Lahore,2025-01-19,16.5,6.3,11.2,0.0,6.9,89,3
Lahore,2025-01-20,20.0,9.8,13.9,0.0,9.0,69,3
Lahore,2025-01-21,20.0,9.1,13.8,0.0,8.7,71,1
Lahore,2025-01-22,21.0,9.1,14.4,0.0,8.4,70,1
Lahore,2025-01-23,20.8,9.2,14.5,0.0,9.6,64,1
Lahore,2025-01-24,20.2,9.4,14.1,0.0,10.8,48,0
Lahore,2025-01-25,20.6,6.9,13.5,0.0,7.6,51,0
Lahore,2025-01-26,21.1,6.5,13.2,0.0,6.7,61,0
Lahore,2025-01-27,21.6,6.2,13.7,0.0,7.2,65,0
Lahore,2025-01-28,21.6,7.7,13.8,0.0,6.4,68,0
Lahore,2025-01-29,21.8,8.8,14.6,0.0,11.2,70,2
Lahore,2025-01-30,22.5,10.9,16.3,0.0,8.1,65,3
Lahore,2025-01-31,22.4,9.6,15.6,0.0,7.6,64,1
Lahore,2025-02-01,22.1,10.9,15.1,0.0,12.2,74,1
Lahore,2025-02-02,21.3,8.7,14.2,0.0,9.3,77,3
Lahore,2025-02-03,20.6,9.0,13.8,0.0,9.5,67,1
Lahore,2025-02-04,20.8,7.6,13.8,0.0,9.0,68,3
Lahore,2025-02-05,19.5,7.6,12.7,0.1,5.4,78,51
Lahore,2025-02-06,20.4,7.9,13.9,0.0,10.4,62,0
Lahore,2025-02-07,21.0,9.6,14.5,0.0,10.5,50,3
Lahore,2025-02-08,22.8,9.6,15.6,0.0,7.8,52,3
Lahore,2025-02-09,23.8,9.9,16.3,0.0,3.6,62,2
Lahore,2025-02-10,24.0,9.4,16.4,0.2,7.7,68,51
Lahore,2025-02-11,21.8,10.6,16.4,0.5,10.6,64,51
Lahore,2025-02-12,23.6,10.9,16.8,0.0,11.8,54,2
Lahore,2025-02-13,23.8,9.9,16.8,0.0,11.2,49,3
Lahore,2025-02-14,24.4,9.9,17.0,0.0,8.8,53,3
Lahore,2025-02-15,23.7,14.1,18.4,1.4,11.7,57,53
Lahore,2025-02-16,24.7,11.3,17.8,0.0,8.1,61,3
Lahore,2025-02-17,25.5,11.6,18.4,0.0,7.3,61,3
Lahore,2025-02-18,25.4,12.5,18.6,0.0,8.9,58,3
Lahore,2025-02-19,25.8,12.9,18.5,0.8,8.5,58,51
Lahore,2025-02-20,16.8,10.6,14.2,40.4,11.7,87,65
Lahore,2025-02-21,20.0,8.8,14.2,0.0,7.6,82,3
Lahore,2025-02-22,21.9,11.6,16.5,0.0,7.1,72,3
Lahore,2025-02-23,23.7,10.9,17.2,0.0,7.6,65,0
Lahore,2025-02-24,25.2,10.4,17.9,0.0,7.5,65,3
Lahore,2025-02-25,20.0,14.2,16.9,3.8,10.5,79,63
Lahore,2025-02-26,26.5,16.2,20.1,0.9,13.1,70,53
Lahore,2025-02-27,20.8,15.7,17.6,11.5,15.4,87,61
Lahore,2025-02-28,21.1,13.6,16.9,8.3,18.1,86,61
Lahore,2025-03-01,22.2,11.6,16.3,0.0,8.5,84,3
Lahore,2025-03-02,22.5,11.5,16.7,0.0,8.4,65,0
Lahore,2025-03-03,20.4,11.8,15.7,0.9,14.7,76,53
Lahore,2025-03-04,19.5,11.0,14.6,0.0,13.0,73,2
Lahore,2025-03-05,21.6,10.8,15.6,0.0,16.7,58,1
Lahore,2025-03-06,24.2,10.9,16.8,0.0,9.0,64,3
Lahore,2025-03-07,25.8,10.3,17.9,0.0,8.4,68,3
Lahore,2025-03-08,27.4,12.7,19.7,0.0,11.5,60,3
Lahore,2025-03-09,28.0,12.6,19.8,0.0,8.4,65,3
Lahore,2025-03-10,28.6,17.2,22.2,0.0,15.8,65,3
Lahore,2025-03-11,28.5,15.9,21.6,0.0,11.4,61,3
Lahore,2025-03-12,28.0,17.0,21.8,0.0,10.4,63,3
Lahore,2025-03-13,26.6,16.2,20.8,0.6,16.6,65,53
Lahore,2025-03-14,25.4,14.9,19.7,7.6,14.2,67,63
Lahore,2025-03-15,23.5,14.3,18.2,4.0,11.5,78,61
Lahore,2025-03-16,25.1,13.5,19.1,0.0,6.9,70,3
Lahore,2025-03-17,28.1,13.9,21.0,0.0,10.5,56,0
Lahore,2025-03-18,30.3,15.5,22.7,0.0,8.7,49,3
Lahore,2025-03-19,28.0,17.2,22.5,0.7,8.6,48,53
Lahore,2025-03-20,31.0,14.9,23.2,0.0,11.2,45,2
Lahore,2025-03-21,30.6,17.2,23.9,0.0,12.5,41,1
Lahore,2025-03-22,30.6,15.4,23.2,0.0,7.9,45,3
Lahore,2025-03-23,33.4,15.3,24.2,0.0,6.1,46,1
Lahore,2025-03-24,33.5,16.3,24.9,0.0,6.6,48,3
Lahore,2025-03-25,33.7,18.0,25.8,0.0,12.1,51,3
Lahore,2025-03-26,35.0,22.1,28.0,0.0,16.2,40,3
Lahore,2025-03-27,33.9,22.0,27.4,0.0,20.2,29,0
Lahore,2025-03-28,26.9,17.4,22.0,0.0,15.9,18,0
Lahore,2025-03-29,29.1,14.6,22.0,0.0,16.3,25,3
Lahore,2025-03-30,31.1,14.9,23.3,0.0,9.5,24,3
Lahore,2025-03-31,32.5,16.6,25.1,0.0,12.1,25,0
Lahore,2025-04-01,33.5,17.0,25.5,0.0,13.1,24,0
Lahore,2025-04-02,35.4,17.2,26.5,0.0,12.2,25,3
Lahore,2025-04-03,34.8,18.2,26.1,0.0,23.4,28,3
Lahore,2025-04-04,33.7,18.7,26.1,0.0,11.9,31,0
Lahore,2025-04-05,36.2,19.6,28.0,0.0,10.9,26,3
Lahore,2025-04-06,38.5,20.8,30.0,0.0,11.1,29,3
Lahore,2025-04-07,40.0,22.5,31.2,0.0,15.1,35,3
Lahore,2025-04-08,40.4,24.1,31.3,0.0,25.2,34,3
Lahore,2025-04-09,39.3,23.7,31.0,0.2,20.2,35,51
Lahore,2025-04-10,37.4,23.6,29.9,0.0,16.1,35,3
Lahore,2025-04-11,31.0,22.0,25.9,0.2,17.5,55,51
Lahore,2025-04-12,33.7,19.6,26.9,0.0,13.5,43,1
Lahore,2025-04-13,35.2,20.2,28.1,0.0,8.7,42,0
Lahore,2025-04-14,37.5,22.4,30.4,0.0,9.5,38,0
Lahore,2025-04-15,39.0,24.6,31.5,0.0,14.4,35,2
Lahore,2025-04-16,39.0,24.6,31.4,0.0,25.2,37,3
Lahore,2025-04-17,38.5,23.5,31.2,0.0,12.4,37,0
Lahore,2025-04-18,39.5,24.9,31.4,0.0,19.6,38,3
Lahore,2025-04-19,40.5,24.8,32.6,0.0,21.7,30,3
Lahore,2025-04-20,39.2,25.6,31.9,0.0,23.6,32,1
Lahore,2025-04-21,39.7,21.6,30.7,0.0,14.3,33,2
Lahore,2025-04-22,38.8,23.0,31.2,0.0,10.1,25,0
Lahore,2025-04-23,39.5,22.9,31.7,0.0,11.9,15,0
Lahore,2025-04-24,39.4,23.2,31.6,0.0,10.6,17,2
Lahore,2025-04-25,40.5,22.5,32.1,0.0,15.1,17,3
Lahore,2025-04-26,40.7,23.6,32.5,0.0,15.6,15,3
Lahore,2025-04-27,39.8,23.1,32.1,0.0,7.9,18,0
Lahore,2025-04-28,41.8,24.0,33.6,0.0,12.6,14,0
Lahore,2025-04-29,40.8,24.7,33.0,0.0,14.8,22,0
Lahore,2025-04-30,41.0,26.3,33.8,0.0,15.9,27,3
Lahore,2025-05-01,39.1,27.3,31.9,0.0,14.7,35,3
Lahore,2025-05-02,32.3,23.8,28.4,0.3,12.0,52,51
Lahore,2025-05-03,33.0,23.5,28.6,0.3,14.3,51,51
Lahore,2025-05-04,34.1,23.2,27.1,14.0,13.1,60,65
Lahore,2025-05-05,30.4,22.0,26.1,0.4,11.3,64,51
Lahore,2025-05-06,35.3,21.9,28.8,0.0,8.9,53,3
Lahore,2025-05-07,35.2,24.8,29.8,0.3,10.3,47,51
Lahore,2025-05-08,34.8,24.9,28.9,0.4,9.9,55,51
Lahore,2025-05-09,33.5,23.2,28.5,0.0,12.4,60,3
Lahore,2025-05-10,35.0,25.1,30.5,0.7,9.5,50,53
Lahore,2025-05-11,37.2,25.4,29.4,7.1,15.9,55,63
Lahore,2025-05-12,37.7,23.5,29.9,0.0,22.6,46,2
Lahore,2025-05-13,38.2,23.7,31.9,0.0,13.5,35,2
Lahore,2025-05-14,41.3,24.8,33.5,0.0,6.9,32,2
Lahore,2025-05-15,42.8,26.6,35.4,0.0,8.4,26,1
Lahore,2025-05-16,42.2,28.0,35.0,0.0,14.4,27,3
Lahore,2025-05-17,43.2,26.6,35.4,0.0,14.6,27,0
Lahore,2025-05-18,43.8,27.6,36.3,0.0,11.3,27,2
Lahore,2025-05-19,40.0,26.9,31.4,9.1,24.2,48,65
Lahore,2025-05-20,41.9,25.0,34.3,0.0,12.8,37,3
Lahore,2025-05-21,42.0,28.6,34.8,0.0,26.4,36,3
Lahore,2025-05-22,41.3,27.8,34.1,0.0,16.3,40,0
Lahore,2025-05-23,40.5,28.7,34.4,0.0,28.6,43,3
Lahore,2025-05-24,37.7,25.0,30.9,6.0,22.3,57,63
Lahore,2025-05-25,36.5,24.4,29.9,0.1,18.6,56,51
Lahore,2025-05-26,38.8,24.6,32.3,0.0,8.9,46,0
Lahore,2025-05-27,39.9,27.7,34.4,0.0,9.5,39,2
Lahore,2025-05-28,41.7,29.1,35.2,0.0,11.4,33,3
Lahore,2025-05-29,41.3,28.1,34.7,1.0,14.8,30,55
Lahore,2025-05-30,37.8,27.6,32.8,0.2,18.5,35,51
Lahore,2025-05-31,40.0,27.5,31.9,0.2,21.2,40,51
Lahore,2025-06-01,37.7,23.5,31.8,0.0,16.8,31,1
Lahore,2025-06-02,38.5,26.3,33.0,0.0,10.6,24,3
Lahore,2025-06-03,36.1,24.9,29.9,0.0,17.7,41,2
Lahore,2025-06-04,35.5,23.2,29.2,0.0,12.5,46,2
Lahore,2025-06-05,37.4,23.5,30.9,0.0,9.0,41,0
Lahore,2025-06-06,40.3,27.0,33.7,0.0,12.7,34,0
Lahore,2025-06-07,43.0,27.8,35.9,0.0,13.5,33,1
Lahore,2025-06-08,44.3,29.8,38.0,0.0,12.1,25,1
Lahore,2025-06-09,45.7,32.1,38.7,0.0,15.2,22,1
Lahore,2025-06-10,44.5,33.2,38.8,0.0,12.3,20,0
Lahore,2025-06-11,46.5,30.8,39.2,0.0,12.2,23,1
Lahore,2025-06-12,46.0,31.5,39.7,0.0,11.9,18,2
Lahore,2025-06-13,43.2,31.6,38.0,0.0,16.4,29,2
Lahore,2025-06-14,42.4,30.1,36.7,0.0,15.2,38,3
Lahore,2025-06-15,43.0,32.7,36.5,0.0,12.4,33,3
Lahore,2025-06-16,36.7,28.2,31.5,0.9,13.9,59,51
Lahore,2025-06-17,33.8,25.6,29.8,3.1,18.4,67,63
Lahore,2025-06-18,39.7,26.5,33.1,0.0,8.9,54,1
Lahore,2025-06-19,40.1,29.5,34.8,0.1,10.1,49,51
Lahore,2025-06-20,39.5,31.0,34.9,0.3,12.5,51,51
Lahore,2025-06-21,39.1,30.1,34.2,0.3,13.0,58,51
Lahore,2025-06-22,35.0,27.4,30.7,17.8,16.2,76,65
Lahore,2025-06-23,36.5,27.7,32.2,1.1,13.0,74,53
Lahore,2025-06-24,37.5,26.1,32.1,1.7,14.0,73,55
Lahore,2025-06-25,34.2,26.8,30.6,9.8,14.8,80,63
Lahore,2025-06-26,32.3,26.0,28.5,6.1,14.8,85,63
Lahore,2025-06-27,32.8,25.0,29.3,8.1,10.8,85,63
Lahore,2025-06-28,35.6,26.6,31.5,2.3,14.6,76,61
Lahore,2025-06-29,36.2,24.9,30.2,4.8,17.2,79,63
Lahore,2025-06-30,34.2,25.2,29.1,7.3,16.1,84,63
Lahore,2025-07-01,33.0,25.7,29.1,0.6,17.5,82,51
Lahore,2025-07-02,34.2,26.3,30.4,0.8,9.9,78,51
Lahore,2025-07-03,33.8,25.9,30.1,5.4,17.4,79,63
Lahore,2025-07-04,34.9,27.0,31.1,1.8,12.6,77,61
Lahore,2025-07-05,36.3,25.9,31.5,6.0,16.2,78,63
Lahore,2025-07-06,33.2,26.0,29.6,6.7,15.9,83,63
Lahore,2025-07-07,33.5,25.6,29.2,22.1,11.6,84,65
Lahore,2025-07-08,32.8,25.6,29.0,22.7,13.1,84,65
Lahore,2025-07-09,32.0,25.6,28.8,29.4,10.3,84,65
Lahore,2025-07-10,30.1,24.8,27.3,6.4,12.6,87,61
Lahore,2025-07-11,33.1,25.0,29.1,0.0,7.5,77,3
Lahore,2025-07-12,34.2,26.3,30.1,0.0,6.6,75,3
Lahore,2025-07-13,32.5,26.6,29.7,0.2,7.6,79,51
Lahore,2025-07-14,32.2,26.7,29.0,2.5,9.2,80,53
Lahore,2025-07-15,32.6,24.7,27.8,38.8,13.4,86,65
Lahore,2025-07-16,31.1,24.9,27.7,27.6,24.6,86,63
Lahore,2025-07-17,32.2,26.6,28.6,11.9,17.2,86,63
Lahore,2025-07-18,32.2,26.5,29.2,3.0,10.0,82,61
Lahore,2025-07-19,35.0,26.8,30.8,0.1,9.5,76,51
Lahore,2025-07-20,34.5,27.1,30.7,0.0,7.7,75,3
Lahore,2025-07-21,33.3,27.0,29.7,0.3,12.4,79,51
Lahore,2025-07-22,32.3,26.3,28.9,0.8,11.3,85,51
Lahore,2025-07-23,32.8,25.1,28.2,11.9,13.6,87,63
Lahore,2025-07-24,32.8,24.8,28.3,9.8,10.6,86,63
Lahore,2025-07-25,32.8,24.7,29.0,10.7,9.2,82,63
Lahore,2025-07-26,34.7,26.8,30.9,0.5,5.5,80,51
Lahore,2025-07-27,35.1,28.8,31.8,0.1,6.6,77,51
Lahore,2025-07-28,35.8,27.4,31.8,0.1,9.5,76,51
Lahore,2025-07-29,33.2,26.1,30.0,13.3,13.6,84,65
Lahore,2025-07-30,31.5,26.1,28.8,15.9,14.9,85,63
Lahore,2025-07-31,30.9,26.4,28.4,3.7,13.8,85,61
Lahore,2025-08-01,29.9,26.0,27.3,17.8,12.2,92,63
Lahore,2025-08-02,32.7,26.0,29.0,0.2,8.5,85,51
Lahore,2025-08-03,34.2,26.4,30.1,2.2,7.1,82,61
Lahore,2025-08-04,35.2,25.6,30.5,0.2,11.1,77,51
Lahore,2025-08-05,34.2,26.0,29.9,1.8,14.1,79,53
Lahore,2025-08-06,33.8,24.8,28.9,0.5,15.1,80,51
Lahore,2025-08-07,34.7,25.4,29.7,0.1,11.2,78,51
Lahore,2025-08-08,36.1,26.5,31.1,0.8,12.1,73,53
Lahore,2025-08-09,34.8,26.7,30.1,3.3,10.8,78,63
Lahore,2025-08-10,35.8,27.1,31.4,0.3,5.2,74,51
Lahore,2025-08-11,37.4,28.0,32.5,0.0,10.8,67,3
Lahore,2025-08-12,30.3,27.1,28.6,19.3,13.4,84,63
Lahore,2025-08-13,35.5,26.6,31.0,0.2,5.8,75,51
Lahore,2025-08-14,29.5,26.6,28.2,15.5,12.8,87,63
Lahore,2025-08-15,32.6,26.0,29.0,0.4,6.5,83,51
Lahore,2025-08-16,33.3,26.7,30.0,1.6,8.7,81,53
Lahore,2025-08-17,34.0,26.5,29.8,0.3,13.8,81,51
Lahore,2025-08-18,30.0,24.7,28.0,11.3,13.4,88,63
Lahore,2025-08-19,34.0,26.2,29.9,0.0,8.4,78,3
Lahore,2025-08-20,32.3,24.9,28.4,15.6,11.2,82,65
Lahore,2025-08-21,33.5,25.4,29.5,0.2,6.3,79,51
Lahore,2025-08-22,34.0,26.5,30.3,0.1,7.0,77,51
Lahore,2025-08-23,32.8,25.7,29.1,14.1,11.0,84,63
Lahore,2025-08-24,29.6,25.0,27.0,12.8,12.0,88,65
Lahore,2025-08-25,25.5,22.9,24.4,55.7,16.8,94,65
Lahore,2025-08-26,28.8,23.0,25.6,50.4,13.4,90,65
Lahore,2025-08-27,31.4,25.0,27.6,15.1,12.3,87,63
Lahore,2025-08-28,33.2,25.4,29.1,0.4,9.7,84,51
Lahore,2025-08-29,32.5,24.9,28.4,11.2,12.1,87,63
Lahore,2025-08-30,29.1,25.0,26.7,33.7,12.8,91,65
Lahore,2025-08-31,26.6,24.6,25.4,25.6,11.5,94,63
Lahore,2025-09-01,29.1,22.6,25.7,25.1,19.1,87,65
Lahore,2025-09-02,27.8,22.8,25.0,63.1,14.2,87,65
Lahore,2025-09-03,29.0,22.6,25.2,3.2,12.2,87,53
Lahore,2025-09-04,31.0,22.6,26.7,0.4,12.2,85,51
Lahore,2025-09-05,32.6,24.0,28.4,0.0,5.8,80,3
Lahore,2025-09-06,32.8,26.0,28.9,0.2,7.8,79,51
Lahore,2025-09-07,31.4,25.5,27.6,4.3,10.1,86,61
Lahore,2025-09-08,30.5,23.9,26.5,7.0,11.1,90,63
Lahore,2025-09-09,32.2,24.5,28.1,0.8,6.7,84,53
Lahore,2025-09-10,32.6,26.1,28.9,0.0,11.2,78,0
Lahore,2025-09-11,32.5,24.9,28.5,0.0,7.4,79,0
Lahore,2025-09-12,32.7,25.5,29.0,0.0,7.8,78,0
Lahore,2025-09-13,33.6,25.4,29.5,0.0,5.7,76,0
Lahore,2025-09-14,34.5,25.6,30.0,0.0,5.3,72,1
Lahore,2025-09-15,34.8,26.2,30.3,0.0,6.9,72,1
Lahore,2025-09-16,34.2,25.3,30.0,0.3,12.4,72,51
Lahore,2025-09-17,35.4,25.5,30.8,0.0,6.3,67,1
Lahore,2025-09-18,35.7,25.7,31.0,0.0,10.3,64,1
Lahore,2025-09-19,36.3,24.0,30.1,0.3,12.6,65,51
Lahore,2025-09-20,37.2,25.2,31.0,0.0,8.2,61,1
Lahore,2025-09-21,37.5,27.0,32.1,0.0,10.1,55,1
Lahore,2025-09-22,37.8,26.5,32.4,0.0,10.9,51,1
Lahore,2025-09-23,37.7,27.0,32.3,0.0,9.1,48,0
Lahore,2025-09-24,37.0,26.5,31.7,0.0,10.3,53,0
Lahore,2025-09-25,37.3,26.5,31.7,0.0,8.8,52,1
Lahore,2025-09-26,36.8,27.5,31.9,0.0,9.3,55,0
Lahore,2025-09-27,37.8,26.0,31.7,0.0,10.8,53,0
Lahore,2025-09-28,35.8,25.2,31.1,0.0,7.4,58,1
Lahore,2025-09-29,35.0,26.1,30.7,0.1,8.0,65,51
Lahore,2025-09-30,37.0,25.8,31.2,0.0,6.7,61,1
Lahore,2025-10-01,34.3,24.9,29.7,0.0,16.6,64,2
Lahore,2025-10-02,35.0,23.1,29.3,1.5,21.0,67,61
Lahore,2025-10-03,31.4,22.6,27.4,1.0,18.9,73,53
Lahore,2025-10-04,31.5,23.5,26.8,2.2,25.7,70,61
Lahore,2025-10-05,28.5,20.2,24.5,11.9,13.9,71,65
Lahore,2025-10-06,23.7,18.3,21.0,15.5,14.1,88,61
Lahore,2025-10-07,25.5,17.5,20.8,4.0,12.2,82,61
Lahore,2025-10-08,26.9,17.9,22.0,0.0,7.5,78,3
Lahore,2025-10-09,27.8,19.1,23.0,0.0,5.6,69,0
Lahore,2025-10-10,29.3,19.1,23.9,0.0,6.5,67,0
Lahore,2025-10-11,29.9,19.9,24.6,0.0,8.9,65,0
Lahore,2025-10-12,30.7,20.5,25.2,0.0,7.4,61,0
Lahore,2025-10-13,31.4,19.7,25.1,0.0,6.1,59,0
Lahore,2025-10-14,31.6,19.7,25.6,0.0,7.2,58,0
Lahore,2025-10-15,32.3,20.1,26.0,0.0,6.8,57,1
Lahore,2025-10-16,32.0,21.3,26.5,0.0,5.7,55,0
Lahore,2025-10-17,32.2,20.8,26.3,0.0,5.7,57,0
Lahore,2025-10-18,32.2,20.7,26.2,0.0,6.4,58,1
Lahore,2025-10-19,32.3,20.1,26.0,0.0,7.2,60,0
Lahore,2025-10-20,32.6,20.2,25.9,0.0,7.9,53,0
Lahore,2025-10-21,32.0,19.8,25.8,0.0,10.6,49,1
Lahore,2025-10-22,31.4,19.9,25.1,0.0,10.3,51,0
Lahore,2025-10-23,32.3,19.4,25.3,0.0,8.6,54,0
Lahore,2025-10-24,32.2,19.1,25.3,0.0,7.3,60,0
Lahore,2025-10-25,32.0,19.1,24.9,0.0,8.7,63,0
Lahore,2025-10-26,31.1,17.7,24.1,0.0,5.5,68,0
Lahore,2025-10-27,30.0,18.0,23.7,0.0,7.6,70,0
Lahore,2025-10-28,29.5,18.9,23.7,0.0,6.0,70,0
Lahore,2025-10-29,28.7,18.1,23.5,0.0,7.3,72,0
Lahore,2025-10-30,29.6,18.9,24.1,0.0,6.1,69,0
Lahore,2025-10-31,29.6,18.9,24.2,0.0,8.6,66,0
Lahore,2025-11-01,30.4,18.6,24.1,0.0,8.5,62,0
Lahore,2025-11-02,30.0,18.1,23.8,0.0,8.9,61,0
Lahore,2025-11-03,30.0,17.5,23.1,0.0,5.8,67,0
Lahore,2025-11-04,29.6,17.4,22.4,2.2,14.7,59,61
Lahore,2025-11-05,25.6,16.6,20.2,0.0,13.6,59,0
Lahore,2025-11-06,25.6,13.1,18.9,0.0,9.0,55,0
Lahore,2025-11-07,26.4,12.8,18.9,0.0,7.0,53,0
Lahore,2025-11-08,26.1,13.1,19.1,0.0,7.2,54,0
Lahore,2025-11-09,25.6,12.8,18.8,0.0,6.6,57,0
Lahore,2025-11-10,25.5,12.4,18.5,0.0,6.5,62,0
Lahore,2025-11-11,25.2,11.6,18.3,0.0,5.3,65,0
Lahore,2025-11-12,24.6,12.2,18.1,0.0,5.3,64,0
Lahore,2025-11-13,24.9,12.2,18.0,0.0,8.1,61,0
Lahore,2025-11-14,24.7,11.4,17.6,0.0,5.6,64,0
Lahore,2025-11-15,25.1,11.4,17.6,0.0,3.6,68,0
Lahore,2025-11-16,24.0,10.6,17.2,0.0,4.0,68,3
Lahore,2025-11-17,24.0,11.4,16.9,0.0,4.9,68,3
Lahore,2025-11-18,24.3,11.1,17.5,0.0,5.7,67,3
Lahore,2025-11-19,24.5,10.9,17.5,0.0,5.4,67,3
Lahore,2025-11-20,24.2,11.6,17.5,0.0,4.7,66,2
Lahore,2025-11-21,24.4,11.8,17.5,0.0,5.8,68,0
Lahore,2025-11-22,23.4,11.3,17.1,0.0,5.1,69,0
Lahore,2025-11-23,23.5,11.1,17.0,0.0,5.2,68,0
Lahore,2025-11-24,23.0,10.5,16.3,0.0,6.7,67,0
Lahore,2025-11-25,22.4,9.9,15.9,0.0,7.5,68,0
Lahore,2025-11-26,22.2,9.8,15.5,0.0,5.5,68,0
Lahore,2025-11-27,21.3,9.1,14.8,0.0,4.8,71,0
Lahore,2025-11-28,21.8,9.2,14.9,0.0,5.6,68,0
Lahore,2025-11-29,21.8,8.8,14.7,0.0,5.8,65,0
Lahore,2025-11-30,21.0,7.7,14.0,0.0,8.0,61,3
Lahore,2025-12-01,21.6,8.3,14.5,0.0,3.9,63,3
Lahore,2025-12-02,21.0,7.6,13.9,0.0,5.4,69,0
Lahore,2025-12-03,20.5,7.8,13.9,0.0,5.9,69,0
Lahore,2025-12-04,21.0,8.4,14.1,0.0,5.8,62,3
Lahore,2025-12-05,21.3,7.9,14.1,0.0,6.0,63,3
Lahore,2025-12-06,21.0,7.8,14.3,0.0,7.4,65,3
Lahore,2025-12-07,22.3,8.4,14.8,0.0,5.3,68,3
Lahore,2025-12-08,22.8,9.1,15.4,0.0,8.6,66,0
Lahore,2025-12-09,22.4,9.1,15.5,0.0,6.7,62,3
Lahore,2025-12-10,22.3,9.2,15.4,0.0,6.1,67,3
Lahore,2025-12-11,22.5,8.6,15.2,0.0,5.1,74,1
Lahore,2025-12-12,22.0,8.3,14.9,0.0,4.6,80,3
Lahore,2025-12-13,20.2,9.9,14.6,0.0,6.7,86,3
Lahore,2025-12-14,21.6,10.0,15.5,0.0,7.1,81,3
Lahore,2025-12-15,22.0,9.6,15.6,0.0,7.3,76,3
Lahore,2025-12-16,22.1,10.9,16.1,0.0,8.4,70,3
Lahore,2025-12-17,22.3,10.3,16.3,0.0,6.1,73,3
Lahore,2025-12-18,22.0,11.5,16.0,0.0,4.9,74,3
Lahore,2025-12-19,20.3,9.9,14.8,0.0,3.9,84,3
Lahore,2025-12-20,18.5,9.6,13.5,0.0,7.5,92,3
Lahore,2025-12-21,18.5,11.6,14.3,0.0,8.7,90,3
Lahore,2025-12-22,19.5,10.6,14.5,1.1,5.6,88,53
Lahore,2025-12-23,21.2,10.6,15.3,0.0,8.9,78,1
Lahore,2025-12-24,21.0,9.4,14.7,0.0,8.0,64,0
Lahore,2025-12-25,20.8,8.2,14.3,0.0,6.0,64,3
Lahore,2025-12-26,21.5,9.6,14.9,0.0,4.8,70,3
Lahore,2025-12-27,19.9,8.7,14.2,0.0,7.1,75,3
Lahore,2025-12-28,19.0,6.9,13.0,0.0,3.5,80,3
Lahore,2025-12-29,17.2,7.2,11.4,0.0,3.8,87,3
Lahore,2025-12-30,18.8,7.0,12.4,0.0,6.2,85,3
Lahore,2025-12-31,15.4,9.4,12.1,0.6,9.4,89,53
Lahore,2026-01-01,13.9,9.0,11.6,1.3,10.4,94,53
Lahore,2026-01-02,15.8,9.7,11.7,0.0,7.5,90,3
Lahore,2026-01-03,17.0,8.1,11.6,0.0,5.2,89,3
Lahore,2026-01-04,16.4,8.4,11.3,0.0,4.6,90,3
Lahore,2026-01-05,16.6,8.3,11.6,0.0,7.1,89,3
Lahore,2026-01-06,16.2,7.3,11.0,0.0,4.5,88,3
Lahore,2026-01-07,15.4,7.1,9.9,0.0,4.2,92,3
Lahore,2026-01-08,13.7,5.9,8.8,0.0,4.5,92,3
Lahore,2026-01-09,12.4,5.7,8.3,0.0,5.4,90,3
Lahore,2026-01-10,12.8,4.1,7.4,0.0,5.7,90,3
Lahore,2026-01-11,12.9,3.4,7.4,0.0,6.3,89,3
Lahore,2026-01-12,14.0,3.7,7.9,0.0,5.4,88,3
Lahore,2026-01-13,13.8,3.9,8.0,0.0,4.6,91,3
Lahore,2026-01-14,14.1,4.8,8.2,0.0,5.1,90,3
Lahore,2026-01-15,14.6,4.8,8.2,0.0,3.9,92,3
Lahore,2026-01-16,13.9,3.8,8.0,0.0,4.8,95,3
Lahore,2026-01-17,16.7,5.2,9.7,0.0,5.9,91,3
Lahore,2026-01-18,18.0,4.6,10.4,0.0,5.8,90,3
Lahore,2026-01-19,18.8,6.2,11.5,0.0,5.7,89,3
Lahore,2026-01-20,20.5,7.1,13.0,0.0,7.0,84,3
Lahore,2026-01-21,20.6,6.8,13.1,0.0,6.3,76,0
Lahore,2026-01-22,19.8,6.2,12.8,6.5,20.6,79,63
Lahore,2026-01-23,14.8,6.9,12.3,3.8,20.4,70,55
Lahore,2026-01-24,13.1,3.3,8.4,0.0,10.6,70,3
Lahore,2026-01-25,17.2,6.2,11.2,0.0,8.5,74,3
Lahore,2026-01-26,17.5,7.8,11.9,1.1,8.2,80,53
Lahore,2026-01-27,15.3,9.6,12.5,1.5,8.7,86,53
Lahore,2026-01-28,17.6,7.4,12.0,0.0,5.9,85,3
Lahore,2026-01-29,18.3,7.9,12.7,0.0,7.3,73,3
Lahore,2026-01-30,20.3,9.6,14.2,0.0,5.5,71,3
Lahore,2026-01-31,19.1,7.4,13.2,0.0,8.3,76,3
Lahore,2026-02-01,20.0,9.2,13.8,0.0,8.3,79,3
Lahore,2026-02-02,19.2,9.5,13.7,0.0,5.6,82,3
Lahore,2026-02-03,21.1,9.4,14.5,0.0,6.6,68,3
Lahore,2026-02-04,22.1,7.9,15.1,0.0,10.9,66,3
Lahore,2026-02-05,23.1,9.4,15.9,0.0,8.2,51,1
Lahore,2026-02-06,24.2,10.1,16.4,0.0,7.5,62,1
Lahore,2026-02-07,23.3,12.2,17.4,0.0,12.2,51,2
Lahore,2026-02-08,24.5,9.4,17.2,0.0,6.5,44,3
Lahore,2026-02-09,24.8,11.4,17.8,0.0,11.7,55,3
Lahore,2026-02-10,22.9,11.6,17.0,0.0,12.3,68,3
Lahore,2026-02-11,24.8,12.4,18.1,0.0,12.8,53,3
Lahore,2026-02-12,25.6,10.9,18.4,0.0,8.1,49,3
Lahore,2026-02-13,26.5,12.1,19.1,0.0,7.9,47,3
Lahore,2026-02-14,27.0,11.4,19.4,0.0,7.6,58,3
Lahore,2026-02-15,27.8,12.6,20.2,0.0,9.3,51,2
Lahore,2026-02-16,28.0,11.2,19.3,0.0,8.4,65,3
Lahore,2026-02-17,25.4,13.9,19.1,0.1,19.5,68,51
Lahore,2026-02-18,24.5,14.5,19.5,1.3,9.9,63,53
Lahore,2026-02-19,27.0,12.9,20.1,0.0,6.0,62,0
Lahore,2026-02-20,27.8,13.9,21.0,0.0,9.0,58,0
Lahore,2026-02-21,28.0,15.1,21.5,0.0,8.3,50,0
Lahore,2026-02-22,28.6,14.1,21.3,0.0,8.8,56,0
Lahore,2026-02-23,28.8,13.9,21.1,0.0,7.1,61,1
Lahore,2026-02-24,28.6,13.2,20.8,0.0,7.6,61,3
Lahore,2026-02-25,29.2,13.5,21.6,0.0,10.3,59,3
Lahore,2026-02-26,29.4,14.8,22.2,0.0,11.4,50,0
Lahore,2026-02-27,29.2,14.8,22.2,0.2,9.4,47,51
Lahore,2026-02-28,29.6,16.4,23.0,0.0,10.0,57,1
Lahore,2026-03-01,30.1,16.3,23.5,0.0,11.7,44,0
Lahore,2026-03-02,30.5,17.0,23.7,0.0,13.0,41,3
Lahore,2026-03-03,32.5,18.0,24.9,0.0,12.6,38,3
Lahore,2026-03-04,33.8,17.2,25.6,0.0,9.9,46,0
Lahore,2026-03-05,35.0,20.0,27.3,0.0,9.0,48,3
Lahore,2026-03-06,36.0,19.5,27.4,0.0,4.5,45,3
Lahore,2026-03-07,35.3,19.0,26.5,0.0,10.0,53,3
Lahore,2026-03-08,34.5,20.1,27.3,0.0,5.6,60,3
Lahore,2026-03-09,35.3,21.3,27.9,0.0,5.9,51,3
Lahore,2026-03-10,36.0,21.5,27.6,0.0,13.7,53,3
Lahore,2026-03-11,33.9,20.1,26.8,1.5,10.0,54,53
Lahore,2026-03-12,27.5,18.5,23.2,23.8,23.2,70,65
Lahore,2026-03-13,29.7,17.8,23.1,0.0,11.1,62,3
Lahore,2026-03-14,29.9,17.5,23.4,0.0,8.0,49,3
Lahore,2026-03-15,23.1,15.4,18.9,7.3,17.1,72,61
Lahore,2026-03-16,21.1,13.7,16.8,0.2,17.5,75,51
Lahore,2026-03-17,25.0,13.6,18.7,0.0,10.2,66,3
Lahore,2026-03-18,20.4,15.9,17.5,4.5,14.2,76,61
Lahore,2026-03-19,21.9,14.9,17.3,5.6,12.8,85,53
Lahore,2026-03-20,22.1,14.5,17.8,0.6,17.7,82,51
Lahore,2026-03-21,23.7,12.4,18.1,0.0,7.0,80,3
Lahore,2026-03-22,26.8,16.1,21.1,0.0,10.2,66,3
Lahore,2026-03-23,28.4,17.6,22.6,0.0,10.2,62,3
Lahore,2026-03-24,30.9,16.9,23.7,0.0,12.6,54,3
Lahore,2026-03-25,31.3,18.0,24.6,0.1,10.2,52,51
Lahore,2026-03-26,29.0,18.9,23.9,1.8,12.2,59,61
Lahore,2026-03-27,29.4,19.9,24.6,0.0,13.8,56,3
Lahore,2026-03-28,30.9,18.5,25.4,0.3,12.4,50,51
Lahore,2026-03-29,27.6,18.0,23.4,11.8,18.2,70,63
Lahore,2026-03-30,30.3,20.9,24.1,2.3,14.0,66,61
Lahore,2026-03-31,31.2,18.0,24.2,0.7,13.1,54,53
Lahore,2026-04-01,31.2,18.1,25.1,0.0,9.9,49,3
Lahore,2026-04-02,34.4,20.9,27.8,0.0,13.3,41,3
Lahore,2026-04-03,26.9,19.0,23.1,6.3,16.2,64,63
Lahore,2026-04-04,27.5,17.6,20.6,7.3,14.5,74,63
Lahore,2026-04-05,27.2,16.5,21.9,0.1,9.6,59,51
Lahore,2026-04-06,30.6,18.0,24.4,0.0,11.6,45,3
Lahore,2026-04-07,23.7,15.6,19.9,15.8,14.4,71,65
Lahore,2026-04-08,21.6,14.7,17.8,0.0,11.2,77,3
Lahore,2026-04-09,24.5,14.6,19.4,1.9,10.0,71,61
Lahore,2026-04-10,29.2,16.0,23.1,0.0,12.6,51,3
Lahore,2026-04-11,28.7,18.5,23.2,4.0,18.8,58,63
Lahore,2026-04-12,31.2,16.8,24.1,0.0,10.4,51,2
Lahore,2026-04-13,33.4,18.7,26.8,0.0,8.9,37,3
Lahore,2026-04-14,36.2,19.5,28.4,0.0,10.1,34,0
Lahore,2026-04-15,36.9,22.0,29.8,0.0,13.1,36,3
Lahore,2026-04-16,37.7,21.9,30.6,0.0,13.2,33,3
Lahore,2026-04-17,33.5,24.6,29.1,0.0,21.4,33,3
Lahore,2026-04-18,36.7,23.0,29.8,0.0,19.0,34,3
Lahore,2026-04-19,35.5,24.1,29.0,0.0,17.2,37,3
Lahore,2026-04-20,37.8,23.7,30.7,0.0,11.8,28,3
Lahore,2026-04-21,38.4,25.0,31.8,0.0,15.2,28,3
Lahore,2026-04-22,40.2,25.8,33.1,0.0,12.4,26,3
Multan,2024-04-22,34.2,20.4,26.9,0.0,21.0,40,3
Multan,2024-04-23,33.5,20.0,27.1,0.0,19.3,42,2
Multan,2024-04-24,36.5,20.4,28.7,0.0,12.0,32,2
Multan,2024-04-25,39.1,22.3,30.7,0.0,25.4,25,2
Multan,2024-04-26,34.8,24.0,28.9,0.1,29.2,36,51
Multan,2024-04-27,33.5,20.5,27.3,0.0,14.0,44,3
Multan,2024-04-28,34.4,20.1,27.4,0.0,29.9,44,3
Multan,2024-04-29,31.0,19.4,25.3,1.9,25.9,44,61
Multan,2024-04-30,30.8,18.2,24.0,0.0,23.9,45,1
Multan,2024-05-01,32.2,16.4,24.7,0.0,8.4,36,0
Multan,2024-05-02,36.7,17.5,27.7,0.0,12.3,27,3
Multan,2024-05-03,34.9,20.4,28.2,0.0,25.0,30,3
Multan,2024-05-04,36.0,22.7,29.5,0.1,19.8,40,51
Multan,2024-05-05,37.9,23.4,30.9,0.0,14.6,36,2
Multan,2024-05-06,40.7,24.1,32.8,0.0,12.3,29,1
Multan,2024-05-07,42.3,23.9,33.7,0.0,13.7,25,0
Multan,2024-05-08,43.4,24.9,34.9,0.0,15.9,21,0
Multan,2024-05-09,44.5,29.1,36.5,0.0,15.4,16,0
Multan,2024-05-10,42.6,28.6,35.9,0.0,27.8,21,3
Multan,2024-05-11,40.5,25.2,31.6,4.5,14.9,41,63
Multan,2024-05-12,39.5,25.2,32.8,0.0,18.0,29,0
Multan,2024-05-13,39.2,25.1,32.3,0.0,17.8,31,3
Multan,2024-05-14,41.6,25.1,33.0,0.0,14.1,27,2
Multan,2024-05-15,43.7,25.0,34.3,0.0,17.2,22,1
Multan,2024-05-16,42.6,27.1,34.9,0.0,19.7,22,3
Multan,2024-05-17,43.2,26.4,34.8,0.0,24.6,25,3
Multan,2024-05-18,43.2,28.1,34.8,0.1,14.2,26,51
Multan,2024-05-19,42.2,29.6,35.3,0.0,15.3,24,3
Multan,2024-05-20,44.6,26.6,35.9,0.0,22.4,20,1
Multan,2024-05-21,44.7,28.4,36.4,0.0,14.1,20,1
Multan,2024-05-22,45.0,27.5,36.3,0.0,18.9,21,0
Multan,2024-05-23,46.2,28.6,37.3,0.0,12.9,16,2
Multan,2024-05-24,46.0,30.1,38.1,0.0,14.5,18,1
Multan,2024-05-25,45.4,29.6,37.3,0.0,10.9,22,1
Multan,2024-05-26,47.0,29.1,38.8,0.0,17.7,18,0
Multan,2024-05-27,46.8,28.8,38.1,0.0,15.0,14,0
Multan,2024-05-28,46.3,29.5,37.8,0.0,14.9,14,0
Multan,2024-05-29,44.5,29.9,37.4,0.0,26.5,12,0
Multan,2024-05-30,46.8,28.0,37.2,0.0,11.9,13,0
Multan,2024-05-31,45.5,29.8,37.6,0.0,20.0,15,1
Multan,2024-06-01,44.5,31.2,37.4,0.0,26.9,20,3
Multan,2024-06-02,46.5,30.6,38.5,0.0,14.0,20,0
Multan,2024-06-03,46.2,33.9,39.7,0.0,25.5,18,1
Multan,2024-06-04,45.0,34.2,38.9,0.0,27.6,21,1
Multan,2024-06-05,41.9,33.2,36.8,1.0,24.3,35,55
Multan,2024-06-06,39.5,27.7,34.0,0.0,19.9,36,3
Multan,2024-06-07,39.7,28.5,33.9,0.5,13.3,38,53
Multan,2024-06-08,39.0,27.0,32.6,0.2,18.7,38,51
Multan,2024-06-09,40.8,26.4,34.2,0.0,13.0,34,2
Multan,2024-06-10,42.8,27.6,35.5,0.0,10.7,25,1
Multan,2024-06-11,45.7,28.5,36.9,0.0,15.6,19,2
Multan,2024-06-12,45.7,31.3,38.1,0.0,22.9,20,1
Multan,2024-06-13,44.8,32.5,37.8,0.0,22.9,29,3
Multan,2024-06-14,43.2,32.6,37.1,0.0,24.8,33,3
Multan,2024-06-15,43.7,31.9,37.1,0.0,23.5,34,2
Multan,2024-06-16,44.9,33.4,38.7,0.0,21.1,34,1
Multan,2024-06-17,44.8,33.7,38.6,0.0,23.7,32,2
Multan,2024-06-18,44.8,34.0,38.8,0.0,24.3,34,1
Multan,2024-06-19,43.3,33.3,37.9,0.2,22.9,38,51
Multan,2024-06-20,40.8,27.0,33.5,24.1,27.4,53,65
Multan,2024-06-21,35.2,27.0,30.5,4.5,20.9,65,61
Multan,2024-06-22,38.0,28.0,33.0,0.0,8.8,49,3
Multan,2024-06-23,40.8,28.4,34.8,0.0,9.7,41,1
Multan,2024-06-24,43.0,29.6,36.2,0.0,12.0,34,0
Multan,2024-06-25,42.7,30.1,36.4,0.0,13.4,37,3
Multan,2024-06-26,42.7,31.4,37.3,0.0,21.5,36,3
Multan,2024-06-27,40.2,31.0,35.7,0.0,19.5,51,3
Multan,2024-06-28,39.2,30.8,35.1,0.0,10.5,54,2
Multan,2024-06-29,41.2,31.5,36.3,0.0,15.5,49,1
Multan,2024-06-30,41.9,32.7,37.0,0.2,13.0,47,51
Multan,2024-07-01,42.5,34.5,38.0,0.0,20.9,43,1
Multan,2024-07-02,42.3,33.7,37.6,0.0,24.6,45,3
Multan,2024-07-03,42.6,34.8,38.0,0.0,21.3,47,1
Multan,2024-07-04,42.2,35.0,37.8,0.0,22.2,47,3
Multan,2024-07-05,41.5,30.5,35.2,0.1,17.8,59,51
Multan,2024-07-06,39.2,29.1,32.7,1.5,22.9,68,53
Multan,2024-07-07,35.6,26.4,31.0,7.2,19.8,73,63
Multan,2024-07-08,37.7,29.4,33.2,0.1,14.4,62,51
Multan,2024-07-09,39.5,30.2,34.6,0.0,11.2,56,0
Multan,2024-07-10,41.0,31.0,35.8,0.0,15.0,51,1
Multan,2024-07-11,42.8,31.8,36.6,0.0,16.0,48,3
Multan,2024-07-12,40.5,28.0,34.3,25.0,22.1,58,65
Multan,2024-07-13,35.5,28.5,31.8,4.3,9.5,71,63
Multan,2024-07-14,35.5,28.2,31.7,12.2,15.0,72,63
Multan,2024-07-15,38.8,29.5,33.9,0.0,11.6,63,0
Multan,2024-07-16,38.2,29.0,33.8,0.0,10.9,61,0
Multan,2024-07-17,40.0,31.2,35.3,0.0,12.7,60,1
Multan,2024-07-18,40.8,32.0,35.5,0.0,17.1,56,1
Multan,2024-07-19,40.0,31.0,34.7,0.0,11.4,61,3
Multan,2024-07-20,39.7,28.9,34.3,5.7,23.2,64,63
Multan,2024-07-21,40.1,29.3,34.9,0.3,9.4,62,51
Multan,2024-07-22,41.2,31.7,36.4,0.0,12.7,52,3
Multan,2024-07-23,41.5,31.5,35.9,0.0,15.9,54,3
Multan,2024-07-24,41.3,30.5,35.1,0.3,15.3,59,51
Multan,2024-07-25,40.7,30.0,35.0,0.0,12.3,60,3
Multan,2024-07-26,41.4,32.7,36.6,0.0,14.7,51,3
Multan,2024-07-27,41.8,33.5,36.9,0.0,16.8,51,3
Multan,2024-07-28,40.1,32.2,36.0,0.0,11.6,54,3
Multan,2024-07-29,38.5,32.3,35.1,0.0,20.3,60,3
Multan,2024-07-30,39.0,29.7,34.3,0.3,13.0,67,51
Multan,2024-07-31,40.9,31.1,35.9,0.0,22.7,61,3
Multan,2024-08-01,38.5,31.4,34.7,0.3,24.1,58,51
Multan,2024-08-02,34.0,27.5,30.2,14.9,13.8,79,63
Multan,2024-08-03,35.3,28.3,30.9,9.6,18.9,78,63
Multan,2024-08-04,32.4,27.5,29.3,13.9,15.3,84,63
Multan,2024-08-05,35.1,27.4,31.3,4.0,12.1,78,63
Multan,2024-08-06,37.1,29.4,32.9,0.0,13.0,65,1
Multan,2024-08-07,37.1,29.0,32.9,0.0,13.7,65,3
Multan,2024-08-08,35.3,28.2,31.1,17.2,19.1,77,65
Multan,2024-08-09,34.8,26.9,31.2,1.9,9.8,78,53
Multan,2024-08-10,38.3,28.2,33.3,0.9,16.3,68,53
Multan,2024-08-11,38.8,29.9,33.3,4.8,19.8,65,63
Multan,2024-08-12,33.0,26.1,29.3,7.5,14.0,84,63
Multan,2024-08-13,35.2,27.5,31.4,0.9,7.1,77,51
Multan,2024-08-14,36.7,28.1,32.5,1.2,15.6,68,53
Multan,2024-08-15,39.1,29.5,33.7,0.0,15.5,63,3
Multan,2024-08-16,32.8,27.6,29.5,8.6,11.5,84,63
Multan,2024-08-17,30.2,26.1,27.2,31.9,16.4,91,63
Multan,2024-08-18,33.0,26.0,28.8,2.5,13.3,84,55
Multan,2024-08-19,34.4,26.9,30.3,0.4,15.7,75,51
Multan,2024-08-20,34.8,27.6,31.0,0.2,17.2,72,51
Multan,2024-08-21,34.0,27.6,29.8,3.0,17.4,79,61
Multan,2024-08-22,34.2,26.5,30.2,9.6,9.9,78,63
Multan,2024-08-23,34.5,27.8,30.4,10.1,19.7,78,63
Multan,2024-08-24,36.5,26.5,31.8,0.0,7.4,68,1
Multan,2024-08-25,36.8,28.4,32.5,0.0,12.0,65,3
Multan,2024-08-26,35.8,28.9,32.2,1.9,12.1,64,61
Multan,2024-08-27,30.6,25.8,27.9,29.5,19.4,83,63
Multan,2024-08-28,28.2,24.0,26.4,17.2,21.5,89,63
Multan,2024-08-29,32.2,24.1,27.9,20.2,15.8,83,65
Multan,2024-08-30,31.4,25.1,27.3,12.3,12.6,86,63
Multan,2024-08-31,32.5,24.9,28.7,8.9,14.6,80,63
Multan,2024-09-01,35.0,26.5,30.5,0.0,9.7,73,0
Multan,2024-09-02,35.2,26.8,30.7,0.0,11.8,69,0
Multan,2024-09-03,33.8,26.9,29.7,3.9,15.3,75,63
Multan,2024-09-04,33.5,26.1,29.3,0.4,9.2,76,51
Multan,2024-09-05,34.7,26.4,30.7,0.0,10.5,69,1
Multan,2024-09-06,34.5,25.1,29.7,7.9,19.0,77,63
Multan,2024-09-07,35.6,26.5,31.0,0.3,9.8,74,51
Multan,2024-09-08,36.0,28.1,31.7,0.0,11.8,64,1
Multan,2024-09-09,36.9,28.3,32.2,0.0,11.5,60,0
Multan,2024-09-10,37.5,28.0,32.5,0.0,23.6,55,2
Multan,2024-09-11,36.6,27.7,32.0,0.4,17.4,60,51
Multan,2024-09-12,39.2,27.2,33.0,0.0,12.4,57,0
Multan,2024-09-13,37.6,28.1,32.2,0.0,21.8,54,0
Multan,2024-09-14,35.1,27.6,30.8,0.0,21.3,59,0
Multan,2024-09-15,35.1,25.4,30.3,0.5,10.8,66,53
Multan,2024-09-16,37.4,26.6,31.4,0.0,11.8,59,0
Multan,2024-09-17,36.1,27.1,30.7,1.0,11.2,61,53
Multan,2024-09-18,37.0,24.9,31.1,0.0,10.2,54,0
Multan,2024-09-19,36.6,25.1,30.7,0.0,10.6,58,0
Multan,2024-09-20,36.2,26.1,30.9,0.0,9.2,62,0
Multan,2024-09-21,37.0,28.6,32.4,0.0,11.9,54,0
Multan,2024-09-22,38.0,28.1,32.5,0.0,14.5,53,0
Multan,2024-09-23,38.8,28.2,32.9,0.0,13.8,51,0
Multan,2024-09-24,38.8,28.8,33.1,0.0,14.6,50,0
Multan,2024-09-25,38.6,28.9,33.0,0.0,11.4,51,0
Multan,2024-09-26,38.4,28.9,33.1,0.0,11.8,54,0
Multan,2024-09-27,38.3,29.1,33.1,0.0,16.2,55,2
Multan,2024-09-28,36.5,26.3,31.6,0.0,14.2,61,1
Multan,2024-09-29,36.0,27.1,31.2,0.2,9.1,65,51
Multan,2024-09-30,36.8,27.2,31.5,0.0,8.8,63,1
Multan,2024-10-01,39.2,26.4,31.8,0.0,11.4,53,0
Multan,2024-10-02,39.3,25.4,31.2,0.0,13.2,47,0
Multan,2024-10-03,38.3,23.5,30.1,0.0,8.6,54,0
Multan,2024-10-04,36.7,24.0,29.7,0.0,12.8,54,1
Multan,2024-10-05,35.8,24.8,29.6,0.0,14.7,61,2
Multan,2024-10-06,34.4,23.4,28.1,0.0,11.8,64,1
Multan,2024-10-07,34.5,23.6,28.1,0.1,30.5,63,51
Multan,2024-10-08,32.1,24.8,28.0,1.2,10.2,65,55
Multan,2024-10-09,33.2,23.0,27.7,0.0,11.8,58,0
Multan,2024-10-10,33.8,22.0,27.3,0.0,8.3,54,1
Multan,2024-10-11,34.0,21.0,27.2,0.0,9.8,51,0
Multan,2024-10-12,35.3,21.0,27.5,0.0,11.2,48,0
Multan,2024-10-13,35.0,20.5,27.1,0.0,10.7,45,0
Multan,2024-10-14,34.2,19.7,27.0,0.0,11.5,41,0
Multan,2024-10-15,34.6,21.4,27.3,0.0,14.0,48,0
Multan,2024-10-16,34.2,21.9,27.6,0.0,13.7,46,3
Multan,2024-10-17,34.2,21.5,27.6,0.0,10.9,57,0
Multan,2024-10-18,34.3,21.0,26.9,0.0,8.7,62,0
Multan,2024-10-19,33.9,21.5,26.6,0.0,8.8,62,0
Multan,2024-10-20,34.7,21.5,27.0,0.0,11.5,54,1
Multan,2024-10-21,34.5,21.1,27.0,0.0,11.1,54,1
Multan,2024-10-22,33.9,20.8,26.6,0.0,10.1,53,1
Multan,2024-10-23,34.0,19.9,26.2,0.0,11.0,57,0
Multan,2024-10-24,33.4,20.7,26.6,0.0,7.9,58,0
Multan,2024-10-25,33.5,21.3,27.2,0.0,8.1,61,0
Multan,2024-10-26,35.2,21.6,27.7,0.0,9.1,60,0
Multan,2024-10-27,35.0,21.3,27.8,0.0,10.6,57,1
Multan,2024-10-28,34.2,21.9,27.2,0.0,8.6,62,2
Multan,2024-10-29,34.7,21.5,27.3,0.0,10.1,61,0
Multan,2024-10-30,32.6,22.6,26.8,0.0,17.5,62,0
Multan,2024-10-31,33.0,20.5,26.4,0.0,7.6,61,0
Multan,2024-11-01,34.3,20.9,27.0,0.0,8.0,54,0
Multan,2024-11-02,33.3,18.5,25.4,0.0,9.6,52,0
Multan,2024-11-03,32.7,18.9,25.4,0.0,8.5,52,0
Multan,2024-11-04,32.5,19.4,25.5,0.0,7.0,59,0
Multan,2024-11-05,33.0,19.6,25.7,0.0,8.6,57,0
Multan,2024-11-06,32.8,19.6,25.4,0.0,9.0,61,0
Multan,2024-11-07,33.2,20.1,25.8,0.0,9.0,60,0
Multan,2024-11-08,32.5,19.3,25.4,0.0,9.5,64,0
Multan,2024-11-09,32.2,19.6,25.1,0.0,7.5,67,0
Multan,2024-11-10,31.6,18.8,24.8,0.0,7.7,66,0
Multan,2024-11-11,32.0,18.5,23.7,0.0,9.5,61,3
Multan,2024-11-12,29.5,18.4,23.1,0.0,11.9,71,3
Multan,2024-11-13,29.9,17.9,23.1,0.0,7.5,62,1
Multan,2024-11-14,30.6,17.9,23.2,0.0,8.3,59,3
Multan,2024-11-15,30.5,17.5,22.9,0.0,9.9,65,3
Multan,2024-11-16,27.0,17.0,21.1,0.0,10.0,69,0
Multan,2024-11-17,26.8,15.1,20.1,0.0,6.4,68,0
Multan,2024-11-18,27.6,14.7,20.6,0.0,6.0,57,0
Multan,2024-11-19,28.5,14.0,20.7,0.0,6.2,53,0
Multan,2024-11-20,28.6,13.6,20.5,0.0,7.0,53,0
Multan,2024-11-21,27.5,14.4,20.5,0.0,7.6,50,0
Multan,2024-11-22,26.9,14.4,20.4,0.0,4.8,65,0
Multan,2024-11-23,26.7,14.9,20.4,0.0,7.2,66,1
Multan,2024-11-24,25.9,15.3,19.8,0.0,10.9,67,0
Multan,2024-11-25,26.7,14.6,19.9,0.0,5.0,65,1
Multan,2024-11-26,27.3,14.1,20.0,0.0,7.8,64,1
Multan,2024-11-27,28.0,13.4,19.9,0.0,6.7,63,0
Multan,2024-11-28,27.2,14.1,19.9,0.0,5.3,52,3
Multan,2024-11-29,26.6,13.4,19.4,2.3,16.5,60,61
Multan,2024-11-30,25.3,14.5,19.4,0.4,15.9,72,51
Multan,2024-12-01,26.4,13.9,19.7,0.0,5.7,66,1
Multan,2024-12-02,26.1,14.6,18.9,2.0,17.8,73,61
Multan,2024-12-03,24.4,14.8,18.6,0.2,8.8,75,51
Multan,2024-12-04,24.9,12.2,18.2,0.0,7.7,59,0
Multan,2024-12-05,24.1,11.4,17.2,0.0,6.2,67,0
Multan,2024-12-06,24.0,10.4,16.5,0.0,7.6,66,0
Multan,2024-12-07,23.8,9.8,16.1,0.0,7.1,57,0
Multan,2024-12-08,18.5,9.1,13.8,0.0,19.8,63,0
Multan,2024-12-09,21.3,8.6,13.9,0.0,6.5,58,1
Multan,2024-12-10,21.1,7.4,13.5,0.0,7.3,54,0
Multan,2024-12-11,20.7,7.2,13.8,0.0,6.1,57,0
Multan,2024-12-12,20.6,7.3,13.2,0.0,6.1,60,0
Multan,2024-12-13,20.4,6.3,13.0,0.0,7.9,52,2
Multan,2024-12-14,21.0,7.1,13.2,0.0,8.2,54,1
Multan,2024-12-15,20.8,5.8,12.9,0.0,6.1,55,3
Multan,2024-12-16,20.4,5.6,12.8,0.0,4.6,59,0
Multan,2024-12-17,20.8,7.2,13.5,0.0,5.3,61,0
Multan,2024-12-18,21.5,6.9,13.8,0.0,5.1,59,1
Multan,2024-12-19,20.8,6.9,13.4,0.0,4.0,58,0
Multan,2024-12-20,19.2,5.3,11.7,0.0,8.4,66,0
Multan,2024-12-21,19.5,5.7,12.2,0.0,5.2,65,3
Multan,2024-12-22,19.8,6.5,12.8,0.0,8.7,67,3
Multan,2024-12-23,19.8,8.2,13.3,0.0,13.1,71,2
Multan,2024-12-24,19.1,7.6,12.8,0.0,8.5,76,0
Multan,2024-12-25,20.2,6.8,12.9,0.0,6.2,67,0
Multan,2024-12-26,20.5,6.6,13.1,0.0,4.8,63,0
Multan,2024-12-27,20.5,6.6,13.1,0.0,8.1,62,0
Multan,2024-12-28,21.3,6.3,13.0,0.0,8.5,65,0
Multan,2024-12-29,20.0,7.3,12.6,0.0,6.9,76,1
Multan,2024-12-30,19.6,6.8,12.1,0.0,7.6,77,3
Multan,2024-12-31,19.0,6.4,11.6,0.0,6.6,77,3
Multan,2025-01-01,18.8,6.3,11.9,0.0,4.8,76,3
Multan,2025-01-02,19.5,7.6,12.8,0.0,4.7,74,3
Multan,2025-01-03,19.9,7.1,12.8,0.0,6.4,76,3
Multan,2025-01-04,20.0,7.1,12.8,0.0,6.7,75,0
Multan,2025-01-05,20.0,7.6,12.7,0.0,11.3,62,0
Multan,2025-01-06,20.0,5.8,12.1,0.0,8.0,60,0
Multan,2025-01-07,20.7,5.8,12.3,0.0,7.3,60,0
Multan,2025-01-08,19.5,6.6,12.7,0.0,7.7,60,0
Multan,2025-01-09,21.0,5.6,12.8,0.0,7.9,69,2
Multan,2025-01-10,21.4,7.2,13.3,0.0,10.4,72,1
Multan,2025-01-11,17.5,7.8,11.3,0.0,11.5,84,3
Multan,2025-01-12,19.0,6.5,11.8,0.0,11.7,76,3
Multan,2025-01-13,20.0,6.8,12.6,0.0,6.0,75,3
Multan,2025-01-14,20.0,6.9,13.0,0.0,9.4,76,1
Multan,2025-01-15,20.0,6.8,12.9,0.0,4.9,71,1
Multan,2025-01-16,21.0,7.9,13.9,0.0,8.6,66,3
Multan,2025-01-17,19.5,7.0,13.1,0.0,7.3,72,3
Multan,2025-01-18,19.6,8.2,13.2,0.0,8.1,72,3
Multan,2025-01-19,19.3,6.8,12.7,0.0,7.9,73,3
Multan,2025-01-20,20.4,8.4,13.6,0.0,9.4,60,3
Multan,2025-01-21,21.5,8.4,14.3,0.0,8.3,61,0
Multan,2025-01-22,19.8,9.6,14.2,0.0,14.9,67,1
Multan,2025-01-23,22.7,9.1,15.2,0.0,9.6,58,0
Multan,2025-01-24,23.5,7.8,15.2,0.0,6.9,50,0
Multan,2025-01-25,24.5,7.2,14.8,0.0,9.2,50,0
Multan,2025-01-26,23.5,6.7,14.1,0.0,7.0,57,0
Multan,2025-01-27,23.3,6.2,14.3,0.0,7.0,62,0
Multan,2025-01-28,23.6,7.1,15.1,0.0,9.9,60,0
Multan,2025-01-29,24.1,7.8,15.4,0.0,10.1,60,1
Multan,2025-01-30,22.6,11.1,16.1,0.0,14.6,61,3
Multan,2025-01-31,23.0,9.5,15.7,0.0,9.3,49,0
Multan,2025-02-01,23.5,9.8,15.9,0.0,6.7,43,0
Multan,2025-02-02,23.2,8.6,15.5,0.0,6.7,52,0
Multan,2025-02-03,22.8,8.8,15.3,0.0,10.1,54,0
Multan,2025-02-04,21.5,7.9,14.5,0.0,8.8,52,0
Multan,2025-02-05,22.6,7.8,14.9,0.0,7.1,56,0
Multan,2025-02-06,22.9,7.7,14.7,0.0,7.8,55,1
Multan,2025-02-07,23.2,8.9,15.6,0.0,9.5,49,3
Multan,2025-02-08,23.9,11.4,17.3,0.0,8.6,52,3
Multan,2025-02-09,25.0,10.2,17.4,0.0,7.2,58,2
Multan,2025-02-10,26.0,10.3,17.9,0.0,8.7,59,2
Multan,2025-02-11,25.6,11.8,17.9,0.0,11.1,60,0
Multan,2025-02-12,24.8,10.7,17.3,0.0,11.0,60,0
Multan,2025-02-13,25.5,10.2,17.4,0.0,6.3,56,2
Multan,2025-02-14,26.5,11.1,18.2,0.0,9.7,59,3
Multan,2025-02-15,26.1,15.1,20.0,0.0,10.4,53,3
Multan,2025-02-16,21.9,12.6,17.6,0.0,8.0,66,3
Multan,2025-02-17,27.3,11.9,19.6,0.0,11.0,62,3
Multan,2025-02-18,27.5,14.3,20.7,0.1,11.7,52,51
Multan,2025-02-19,20.5,13.2,16.3,11.5,13.6,76,63
Multan,2025-02-20,22.5,10.9,15.8,2.6,11.4,76,55
Multan,2025-02-21,22.1,10.2,15.6,0.2,8.0,74,51
Multan,2025-02-22,24.2,12.2,17.4,0.0,8.3,71,3
Multan,2025-02-23,26.1,12.4,18.7,0.0,8.4,67,0
Multan,2025-02-24,27.4,13.2,20.1,0.2,11.0,59,51
Multan,2025-02-25,26.1,16.4,20.8,0.6,11.4,67,51
Multan,2025-02-26,26.4,14.7,20.0,0.1,11.6,77,51
Multan,2025-02-27,22.5,17.0,18.9,0.6,12.2,81,51
Multan,2025-02-28,24.0,15.8,18.9,2.4,8.6,85,53
Multan,2025-03-01,23.7,14.1,18.4,0.0,12.2,74,2
Multan,2025-03-02,24.8,12.3,18.2,0.0,9.1,64,0
Multan,2025-03-03,26.8,14.2,19.5,0.0,14.6,59,2
Multan,2025-03-04,24.0,11.8,17.8,0.0,20.4,33,1
Multan,2025-03-05,25.5,10.8,17.4,0.0,8.7,50,0
Multan,2025-03-06,29.8,10.9,19.9,0.0,11.6,44,3
Multan,2025-03-07,30.5,14.5,21.6,0.0,7.1,47,2
Multan,2025-03-08,30.8,15.4,22.5,0.0,10.2,52,3
Multan,2025-03-09,31.1,15.9,23.0,0.0,8.4,53,3
Multan,2025-03-10,31.0,17.4,23.8,0.0,17.4,53,3
Multan,2025-03-11,28.8,18.8,23.1,0.0,17.9,53,3
Multan,2025-03-12,31.2,17.5,24.2,0.0,9.9,59,3
Multan,2025-03-13,31.7,18.5,24.7,0.0,11.6,50,0
Multan,2025-03-14,27.4,18.2,22.3,0.1,18.7,53,51
Multan,2025-03-15,28.4,15.7,21.7,0.0,11.2,57,1
Multan,2025-03-16,28.1,16.3,21.4,0.1,8.6,54,51
Multan,2025-03-17,30.4,14.5,22.4,0.0,12.3,54,3
Multan,2025-03-18,30.8,16.0,23.2,0.0,12.6,47,3
Multan,2025-03-19,32.5,18.2,25.0,0.0,11.0,37,3
Multan,2025-03-20,32.2,18.8,24.7,0.0,11.2,39,3
Multan,2025-03-21,33.5,16.9,25.1,0.0,10.1,42,0
Multan,2025-03-22,33.8,17.6,25.3,0.0,12.0,41,3
Multan,2025-03-23,34.6,17.5,25.9,0.0,11.6,36,2
Multan,2025-03-24,35.8,18.4,26.6,0.0,11.6,33,0
Multan,2025-03-25,34.2,19.9,26.8,0.0,12.6,32,3
Multan,2025-03-26,34.2,19.8,26.8,0.0,17.0,47,3
Multan,2025-03-27,31.0,19.9,25.0,0.0,18.0,34,0
Multan,2025-03-28,28.6,15.1,21.9,0.0,16.0,13,3
Multan,2025-03-29,30.5,14.1,22.3,0.0,8.4,22,3
Multan,2025-03-30,32.5,15.1,24.0,0.0,10.4,27,0
Multan,2025-03-31,34.5,16.4,25.9,0.0,13.4,25,0
Multan,2025-04-01,35.6,18.0,26.8,0.0,12.7,25,0
Multan,2025-04-02,37.0,19.2,27.9,0.0,11.4,23,3
Multan,2025-04-03,34.2,18.9,26.7,0.0,17.0,27,2
Multan,2025-04-04,34.5,19.4,26.9,0.0,17.0,29,2
Multan,2025-04-05,37.3,20.7,29.1,0.0,9.6,31,0
Multan,2025-04-06,40.1,22.2,31.1,0.0,10.7,28,3
Multan,2025-04-07,42.4,23.6,33.0,0.0,10.6,24,3
Multan,2025-04-08,42.9,25.2,33.8,0.0,10.4,22,3
Multan,2025-04-09,40.8,26.0,32.7,0.1,14.5,31,51
Multan,2025-04-10,40.7,25.9,32.8,0.0,16.0,28,3
Multan,2025-04-11,39.2,24.2,31.6,0.0,22.2,25,3
Multan,2025-04-12,37.5,23.1,30.3,0.0,13.0,35,0
Multan,2025-04-13,39.4,24.3,31.8,0.0,12.3,28,0
Multan,2025-04-14,40.8,25.2,33.2,0.0,10.2,26,0
Multan,2025-04-15,42.5,25.6,34.1,0.0,10.3,25,2
Multan,2025-04-16,43.4,26.8,35.2,0.0,13.7,21,3
Multan,2025-04-17,40.6,26.8,33.9,0.0,15.0,30,1
Multan,2025-04-18,43.2,26.9,35.2,0.0,18.0,25,3
Multan,2025-04-19,38.9,26.3,33.1,0.0,22.2,24,3
Multan,2025-04-20,37.8,24.5,31.0,0.0,17.6,12,0
Multan,2025-04-21,38.2,24.2,30.5,0.0,18.3,10,0
Multan,2025-04-22,39.4,21.2,30.8,0.0,14.0,10,0
Multan,2025-04-23,40.2,22.5,31.6,0.0,12.1,9,0
Multan,2025-04-24,41.0,22.8,32.1,0.0,11.3,10,0
Multan,2025-04-25,42.7,23.6,33.0,0.0,13.0,9,1
Multan,2025-04-26,41.9,23.1,33.3,0.0,10.5,12,0
Multan,2025-04-27,42.6,24.6,34.1,0.0,9.4,12,0
Multan,2025-04-28,43.4,26.8,35.2,0.0,7.6,12,0
Multan,2025-04-29,44.4,26.5,35.7,0.0,9.8,11,3
Multan,2025-04-30,44.7,27.1,35.9,0.0,11.6,11,2
Multan,2025-05-01,44.8,27.9,36.6,0.0,14.8,15,3
Multan,2025-05-02,41.5,26.5,34.0,0.0,14.9,25,3
Multan,2025-05-03,39.0,26.9,31.8,0.7,18.8,39,53
Multan,2025-05-04,37.2,25.9,31.1,0.3,15.0,41,51
Multan,2025-05-05,34.8,24.0,28.9,0.4,10.6,50,51
Multan,2025-05-06,37.3,23.6,30.5,0.0,12.2,46,3
Multan,2025-05-07,38.8,25.2,32.6,0.0,8.3,35,1
Multan,2025-05-08,38.5,26.7,32.8,0.1,16.5,35,51
Multan,2025-05-09,37.2,25.5,31.3,0.0,13.9,45,3
Multan,2025-05-10,38.2,26.6,32.6,0.0,9.9,42,3
Multan,2025-05-11,41.2,26.6,33.8,0.0,13.4,33,2
Multan,2025-05-12,41.0,25.0,32.8,0.0,9.4,28,0
Multan,2025-05-13,42.2,25.1,33.7,0.0,9.3,32,1
Multan,2025-05-14,42.7,26.3,34.6,0.0,17.3,29,1
Multan,2025-05-15,43.2,27.5,35.3,0.0,15.9,27,1
Multan,2025-05-16,43.7,31.9,37.0,0.0,20.5,25,0
Multan,2025-05-17,43.5,31.9,37.2,0.0,21.2,23,0
Multan,2025-05-18,43.1,31.8,36.9,0.0,18.8,27,0
Multan,2025-05-19,43.3,31.9,37.2,0.0,20.5,28,1
Multan,2025-05-20,44.8,30.2,38.0,0.0,14.6,27,1
Multan,2025-05-21,46.8,32.5,38.9,0.0,16.7,22,1
Multan,2025-05-22,46.8,33.5,39.3,0.0,17.7,21,1
Multan,2025-05-23,45.5,30.0,37.0,0.0,27.8,29,3
Multan,2025-05-24,43.5,30.5,35.9,0.3,28.8,35,51
Multan,2025-05-25,39.8,26.9,33.3,0.0,14.6,41,0
Multan,2025-05-26,40.8,28.4,34.7,0.0,11.6,36,0
Multan,2025-05-27,43.0,29.3,36.4,0.0,15.4,32,3
Multan,2025-05-28,42.8,30.0,36.2,0.0,16.9,31,2
Multan,2025-05-29,44.3,28.4,36.6,0.0,19.1,27,2
Multan,2025-05-30,42.1,28.0,35.0,0.0,12.5,23,0
Multan,2025-05-31,41.3,28.1,34.9,0.0,17.6,28,0
Multan,2025-06-01,41.3,27.9,34.9,0.0,15.4,25,1
Multan,2025-06-02,42.3,28.6,35.8,0.0,13.9,20,1
Multan,2025-06-03,41.1,28.9,34.0,0.0,20.4,35,1
Multan,2025-06-04,39.8,26.1,32.5,0.0,16.2,41,0
Multan,2025-06-05,40.1,27.6,33.7,0.0,14.6,36,0
Multan,2025-06-06,42.5,28.7,35.8,0.0,11.6,37,1
Multan,2025-06-07,45.0,30.2,37.6,0.0,13.9,29,1
Multan,2025-06-08,45.2,30.0,37.8,0.0,11.6,20,1
Multan,2025-06-09,47.5,34.0,40.3,0.0,20.5,14,0
Multan,2025-06-10,47.0,33.3,39.8,0.0,23.4,19,1
Multan,2025-06-11,45.8,33.7,39.2,0.0,20.6,27,1
Multan,2025-06-12,45.4,33.2,39.3,0.0,18.5,24,1
Multan,2025-06-13,45.9,32.6,39.6,0.0,14.2,20,1
Multan,2025-06-14,44.8,31.8,38.5,0.0,13.4,23,3
Multan,2025-06-15,40.8,32.5,36.3,0.0,15.1,31,3
Multan,2025-06-16,38.2,30.9,34.3,0.0,15.6,40,3
Multan,2025-06-17,40.5,30.1,35.2,0.0,12.9,43,3
Multan,2025-06-18,43.4,29.0,36.1,0.0,13.1,40,0
Multan,2025-06-19,44.5,31.4,37.7,0.0,14.8,39,0
Multan,2025-06-20,44.7,32.5,38.6,0.0,16.2,37,3
Multan,2025-06-21,45.3,33.0,39.1,0.2,13.6,38,51
Multan,2025-06-22,44.3,34.2,38.8,0.0,19.3,40,3
Multan,2025-06-23,44.9,32.2,38.9,0.0,19.3,42,3
Multan,2025-06-24,45.0,34.9,39.8,0.0,15.5,35,3
Multan,2025-06-25,44.5,34.5,38.9,0.1,17.6,41,51
Multan,2025-06-26,41.0,30.4,34.0,16.4,21.3,62,65
Multan,2025-06-27,37.7,28.1,33.2,0.0,8.9,62,3
Multan,2025-06-28,39.3,30.4,35.0,0.2,11.5,57,51
Multan,2025-06-29,40.7,31.7,36.1,0.0,17.5,50,3
Multan,2025-06-30,40.4,30.8,35.5,0.0,20.9,53,1
Multan,2025-07-01,41.1,31.6,36.3,0.0,18.3,51,3
Multan,2025-07-02,40.8,31.7,36.0,0.0,12.3,53,3
Multan,2025-07-03,42.0,31.9,36.9,0.3,14.9,46,51
Multan,2025-07-04,41.0,31.4,36.4,0.0,11.7,49,3
Multan,2025-07-05,42.0,32.2,37.2,0.0,16.6,47,3
Multan,2025-07-06,40.8,32.0,35.7,0.0,20.2,52,3
Multan,2025-07-07,38.4,29.1,33.9,0.6,11.8,60,51
Multan,2025-07-08,36.9,30.6,33.5,2.1,15.8,60,61
Multan,2025-07-09,38.2,31.0,34.3,0.0,19.2,55,3
Multan,2025-07-10,37.8,26.6,33.1,22.7,18.3,61,65
Multan,2025-07-11,36.8,26.6,32.1,12.3,13.2,66,65
Multan,2025-07-12,37.0,27.5,32.7,0.0,9.2,62,1
Multan,2025-07-13,38.7,28.6,33.5,0.0,13.3,58,1
Multan,2025-07-14,35.8,28.5,31.4,0.8,14.8,66,53
Multan,2025-07-15,32.3,25.2,28.8,0.5,19.5,72,51
Multan,2025-07-16,36.2,26.4,31.1,0.1,12.8,64,51
Multan,2025-07-17,37.3,28.0,32.6,0.0,9.1,63,3
Multan,2025-07-18,35.6,28.9,31.9,0.5,12.5,72,51
Multan,2025-07-19,38.5,29.0,33.6,0.0,12.9,61,3
Multan,2025-07-20,36.9,29.1,33.0,0.0,15.8,61,3
Multan,2025-07-21,36.9,28.7,33.0,0.0,13.8,63,3
Multan,2025-07-22,39.0,30.1,34.4,0.0,15.5,61,3
Multan,2025-07-23,38.1,29.0,34.0,3.8,19.8,59,63
Multan,2025-07-24,36.8,25.6,31.1,2.4,14.7,75,61
Multan,2025-07-25,36.8,26.0,31.9,5.0,12.5,74,63
Multan,2025-07-26,38.5,29.5,33.5,0.0,10.5,65,3
Multan,2025-07-27,37.8,29.2,33.4,0.0,13.3,68,3
Multan,2025-07-28,38.7,30.2,34.5,0.0,17.1,61,3
Multan,2025-07-29,38.5,30.2,34.4,0.0,17.8,60,3
Multan,2025-07-30,38.2,30.3,34.2,0.3,15.1,57,51
Multan,2025-07-31,38.5,29.9,33.6,0.7,11.2,63,53
Multan,2025-08-01,33.8,27.9,30.8,1.8,12.3,76,53
Multan,2025-08-02,38.2,28.4,33.3,0.0,14.7,62,1
Multan,2025-08-03,38.3,29.4,33.9,0.0,18.0,55,1
Multan,2025-08-04,38.3,30.6,34.2,0.0,20.8,52,3
Multan,2025-08-05,37.5,30.5,33.7,0.0,20.5,52,3
Multan,2025-08-06,36.5,29.5,33.0,0.0,17.7,55,0
Multan,2025-08-07,37.8,29.4,33.3,0.0,18.0,55,1
Multan,2025-08-08,38.3,29.4,33.5,0.0,18.4,53,0
Multan,2025-08-09,39.3,30.0,34.1,0.2,14.7,52,51
Multan,2025-08-10,39.2,29.8,34.4,0.0,17.4,51,0
Multan,2025-08-11,39.2,31.0,34.9,0.0,19.6,48,3
Multan,2025-08-12,37.2,31.1,33.6,0.0,19.5,53,3
Multan,2025-08-13,38.6,30.4,34.5,0.0,15.7,49,3
Multan,2025-08-14,37.2,30.5,33.5,0.0,16.3,54,3
Multan,2025-08-15,39.0,29.4,33.3,0.0,13.0,59,3
Multan,2025-08-16,39.0,30.5,34.6,0.2,13.4,57,51
Multan,2025-08-17,40.3,30.8,35.4,0.5,16.5,55,51
Multan,2025-08-18,38.3,29.5,33.2,3.6,12.0,63,61
Multan,2025-08-19,34.7,26.8,30.5,10.8,10.7,78,63
Multan,2025-08-20,35.2,27.8,31.4,0.0,13.0,72,2
Multan,2025-08-21,35.9,27.5,31.6,0.0,11.3,70,0
Multan,2025-08-22,37.8,27.8,33.0,0.0,10.0,63,1
Multan,2025-08-23,37.5,29.9,33.4,0.0,14.7,61,3
Multan,2025-08-24,32.6,25.5,29.3,26.2,18.7,80,65
Multan,2025-08-25,35.0,26.9,30.5,0.6,13.6,71,51
Multan,2025-08-26,36.2,25.5,30.6,0.0,12.6,67,3
Multan,2025-08-27,36.9,27.0,31.7,0.0,14.4,64,3
Multan,2025-08-28,37.0,27.8,32.2,0.0,11.2,63,0
Multan,2025-08-29,38.2,28.5,33.1,0.4,13.0,63,51
Multan,2025-08-30,35.5,27.5,30.8,2.0,17.2,72,55
Multan,2025-08-31,33.1,25.3,28.9,0.6,11.8,77,51
Multan,2025-09-01,35.7,25.6,30.1,0.0,14.6,71,1
Multan,2025-09-02,35.0,25.3,29.7,0.5,12.2,71,51
Multan,2025-09-03,36.2,25.6,30.6,0.1,13.0,65,51
Multan,2025-09-04,35.6,26.0,30.7,0.0,13.7,64,3
Multan,2025-09-05,36.5,25.8,31.3,0.1,12.1,65,51
Multan,2025-09-06,35.2,27.9,31.5,0.6,13.7,65,51
Multan,2025-09-07,30.5,26.5,28.0,31.4,16.2,83,65
Multan,2025-09-08,30.9,24.5,26.8,23.1,14.8,88,63
Multan,2025-09-09,32.2,25.0,28.4,0.3,8.8,81,51
Multan,2025-09-10,32.7,25.5,28.9,0.0,16.7,76,0
Multan,2025-09-11,32.5,26.0,29.0,0.0,17.5,74,0
Multan,2025-09-12,33.3,25.6,29.1,0.0,17.7,74,3
Multan,2025-09-13,33.8,26.0,29.8,0.0,12.7,73,0
Multan,2025-09-14,34.8,26.9,30.5,0.0,12.9,68,0
Multan,2025-09-15,35.1,27.2,30.9,0.0,15.0,67,0
Multan,2025-09-16,34.8,27.7,31.0,0.0,15.5,67,0
Multan,2025-09-17,35.9,27.5,31.4,0.0,10.4,67,1
Multan,2025-09-18,35.8,27.4,31.3,0.4,16.8,62,51
Multan,2025-09-19,35.5,26.7,30.9,0.1,16.3,61,51
Multan,2025-09-20,36.3,25.0,30.6,0.0,13.4,62,0
Multan,2025-09-21,36.9,25.6,30.5,0.0,15.8,58,0
Multan,2025-09-22,36.7,27.0,31.0,0.0,17.8,56,0
Multan,2025-09-23,36.8,26.4,30.8,0.0,15.6,55,0
Multan,2025-09-24,36.1,26.6,31.1,0.0,15.3,56,0
Multan,2025-09-25,36.6,27.3,31.4,0.0,17.5,54,0
Multan,2025-09-26,38.7,26.2,32.1,0.0,9.7,53,0
Multan,2025-09-27,39.7,27.7,33.0,0.0,10.6,50,3
Multan,2025-09-28,39.9,26.0,32.8,0.0,11.7,45,0
Multan,2025-09-29,39.0,26.5,32.7,0.0,12.0,45,0
Multan,2025-09-30,39.5,27.6,33.3,0.0,16.3,50,1
Multan,2025-10-01,38.4,27.6,32.8,0.0,9.7,43,1
Multan,2025-10-02,38.6,27.5,32.9,0.0,11.4,39,1
Multan,2025-10-03,38.3,27.9,33.1,0.0,12.2,41,1
Multan,2025-10-04,38.7,27.2,32.4,0.0,15.1,47,1
Multan,2025-10-05,33.9,22.9,29.9,0.0,18.5,49,2
Multan,2025-10-06,25.6,21.3,23.0,4.2,18.1,76,61
Multan,2025-10-07,27.8,18.4,22.8,0.1,13.0,74,51
Multan,2025-10-08,29.4,19.8,24.1,0.0,6.2,68,0
Multan,2025-10-09,30.9,20.2,25.0,0.0,6.2,62,0
Multan,2025-10-10,32.0,20.5,25.7,0.0,8.4,60,0
Multan,2025-10-11,32.5,20.9,25.9,0.0,8.4,58,0
Multan,2025-10-12,32.5,20.6,26.2,0.0,7.5,58,0
Multan,2025-10-13,33.3,20.3,26.0,0.0,6.8,56,0
Multan,2025-10-14,33.3,20.0,25.8,0.0,7.8,55,0
Multan,2025-10-15,32.7,20.1,25.6,0.0,9.7,50,0
Multan,2025-10-16,33.2,20.3,26.0,0.0,6.9,52,0
Multan,2025-10-17,33.5,20.1,26.4,0.0,7.8,53,0
Multan,2025-10-18,33.3,21.1,26.6,0.0,9.5,54,0
Multan,2025-10-19,34.0,20.4,26.3,0.0,8.5,51,0
Multan,2025-10-20,33.5,21.0,26.5,0.0,7.9,46,1
Multan,2025-10-21,33.7,21.2,26.8,0.0,9.0,45,1
Multan,2025-10-22,34.3,20.9,27.1,0.0,4.7,46,0
Multan,2025-10-23,34.8,20.0,27.0,0.0,9.7,42,0
Multan,2025-10-24,34.4,20.1,26.7,0.0,8.5,40,0
Multan,2025-10-25,34.5,20.1,26.8,0.0,8.0,42,0
Multan,2025-10-26,33.7,19.0,26.5,0.0,9.5,40,0
Multan,2025-10-27,33.4,19.1,26.1,0.0,6.9,44,0
Multan,2025-10-28,32.8,20.2,26.0,0.0,7.9,48,0
Multan,2025-10-29,32.2,19.5,25.6,0.0,8.3,48,0
Multan,2025-10-30,32.3,18.9,25.5,0.0,8.7,48,0
Multan,2025-10-31,33.1,19.2,25.9,0.0,6.3,49,0
Multan,2025-11-01,33.5,19.1,25.5,0.0,11.2,46,0
Multan,2025-11-02,32.8,18.6,25.1,0.0,8.9,46,0
Multan,2025-11-03,32.2,17.3,24.3,0.0,9.7,43,0
Multan,2025-11-04,30.9,17.4,23.8,0.0,10.3,43,0
Multan,2025-11-05,30.4,17.2,22.7,0.0,10.7,47,0
Multan,2025-11-06,29.5,15.1,21.9,0.0,4.2,40,0
Multan,2025-11-07,29.7,14.8,21.6,0.0,6.0,42,0
Multan,2025-11-08,29.4,14.6,21.3,0.0,7.9,44,0
Multan,2025-11-09,29.0,14.1,21.0,0.0,6.0,47,0
Multan,2025-11-10,29.1,13.8,20.8,0.0,7.9,41,0
Multan,2025-11-11,27.5,12.1,19.7,0.0,7.0,49,0
Multan,2025-11-12,28.2,13.2,20.3,0.0,6.0,48,0
Multan,2025-11-13,29.0,12.4,20.4,0.0,5.5,44,0
Multan,2025-11-14,29.0,12.5,19.9,0.0,9.1,41,0
Multan,2025-11-15,27.7,11.4,19.3,0.0,5.8,45,0
Multan,2025-11-16,28.1,11.9,19.6,0.0,4.8,48,3
Multan,2025-11-17,28.5,10.7,19.0,0.0,10.8,43,3
Multan,2025-11-18,27.0,12.4,19.0,0.0,5.3,46,3
Multan,2025-11-19,27.0,12.6,19.2,0.0,6.1,52,3
Multan,2025-11-20,26.3,11.7,18.6,0.0,8.3,56,0
Multan,2025-11-21,26.1,12.1,18.6,0.0,8.3,56,0
Multan,2025-11-22,26.2,11.4,18.6,0.0,6.9,57,0
Multan,2025-11-23,26.2,11.2,18.3,0.0,6.3,53,0
Multan,2025-11-24,25.8,11.1,18.1,0.0,6.5,53,0
Multan,2025-11-25,25.3,11.0,17.5,0.0,6.0,53,0
Multan,2025-11-26,25.7,10.6,17.4,0.0,7.1,47,0
Multan,2025-11-27,23.9,9.6,16.3,0.0,8.7,53,0
Multan,2025-11-28,23.2,9.7,15.8,0.0,7.3,56,0
Multan,2025-11-29,23.6,8.1,15.3,0.0,5.4,51,0
Multan,2025-11-30,24.0,8.8,16.1,0.0,4.3,46,3
Multan,2025-12-01,24.0,8.2,15.8,0.0,5.0,48,2
Multan,2025-12-02,22.9,8.8,15.0,0.0,6.5,52,0
Multan,2025-12-03,22.6,7.9,14.8,0.0,6.5,56,3
Multan,2025-12-04,23.2,8.6,15.3,0.0,4.8,52,3
Multan,2025-12-05,24.4,8.5,15.5,0.0,7.3,49,3
Multan,2025-12-06,23.2,7.9,15.3,0.0,7.1,58,3
Multan,2025-12-07,24.9,9.4,16.7,0.0,5.9,53,3
Multan,2025-12-08,25.0,9.2,16.6,0.0,5.9,58,0
Multan,2025-12-09,24.1,8.9,16.4,0.0,4.0,61,3
Multan,2025-12-10,23.9,9.1,16.5,0.0,4.2,63,3
Multan,2025-12-11,24.0,9.6,16.7,0.0,6.0,65,3
Multan,2025-12-12,24.6,10.1,16.8,0.0,4.5,64,3
Multan,2025-12-13,21.1,10.4,15.5,0.0,7.0,71,3
Multan,2025-12-14,21.1,11.4,15.5,0.0,9.7,81,3
Multan,2025-12-15,22.6,10.1,15.4,0.0,7.1,79,0
Multan,2025-12-16,23.0,10.1,16.1,0.0,5.3,71,3
Multan,2025-12-17,24.9,9.4,16.0,0.0,7.6,69,3
Multan,2025-12-18,24.5,9.4,16.1,0.0,7.4,67,3
Multan,2025-12-19,23.3,10.8,16.2,0.0,5.7,72,3
Multan,2025-12-20,24.5,10.4,17.0,0.0,8.2,66,3
Multan,2025-12-21,22.5,13.6,17.0,0.0,12.4,80,3
Multan,2025-12-22,21.4,12.2,15.9,0.0,11.8,80,0
Multan,2025-12-23,22.1,11.1,15.5,0.0,9.5,69,0
Multan,2025-12-24,23.5,8.6,15.1,0.0,7.4,61,1
Multan,2025-12-25,22.8,8.4,15.1,0.0,9.2,63,3
Multan,2025-12-26,23.1,10.2,16.1,0.0,4.9,57,3
Multan,2025-12-27,21.7,9.1,14.8,0.0,6.6,71,3
Multan,2025-12-28,22.5,8.4,14.5,0.0,6.2,64,3
Multan,2025-12-29,21.9,8.6,14.4,0.0,6.3,67,3
Multan,2025-12-30,22.0,9.4,14.8,0.0,8.0,69,3
Multan,2025-12-31,15.2,11.4,12.9,4.5,13.2,86,63
Multan,2026-01-01,17.6,9.6,12.7,0.0,11.0,84,2
Multan,2026-01-02,18.6,7.7,12.6,0.0,5.6,82,3
Multan,2026-01-03,19.4,8.0,12.8,0.0,7.8,81,0
Multan,2026-01-04,19.8,8.9,13.3,0.0,7.1,80,2
Multan,2026-01-05,18.3,9.2,12.9,0.2,6.9,81,51
Multan,2026-01-06,17.9,7.2,11.7,0.0,4.4,85,3
Multan,2026-01-07,17.5,6.2,10.8,0.0,4.0,83,3
Multan,2026-01-08,17.7,5.0,10.2,0.0,6.0,79,0
Multan,2026-01-09,15.4,5.1,8.9,0.0,8.0,87,3
Multan,2026-01-10,14.9,3.5,8.1,0.0,3.7,87,3
Multan,2026-01-11,15.8,3.0,8.3,0.0,6.2,84,3
Multan,2026-01-12,16.5,2.8,8.8,0.0,7.5,76,3
Multan,2026-01-13,17.0,3.6,9.3,0.0,6.3,75,3
Multan,2026-01-14,19.6,3.4,10.5,0.0,8.1,73,1
Multan,2026-01-15,19.2,6.3,12.1,0.0,7.0,76,3
Multan,2026-01-16,20.2,8.4,12.9,0.0,6.7,80,3
Multan,2026-01-17,19.6,8.1,12.6,0.0,9.2,83,3
Multan,2026-01-18,20.7,6.7,12.9,0.0,6.9,79,2
Multan,2026-01-19,21.6,7.1,13.7,0.0,6.5,72,0
Multan,2026-01-20,21.4,8.2,13.9,0.0,7.0,76,3
Multan,2026-01-21,21.5,8.3,14.1,0.0,8.5,74,0
Multan,2026-01-22,21.5,9.9,14.6,10.9,16.7,72,63
Multan,2026-01-23,15.1,6.0,9.8,0.8,16.1,55,53
Multan,2026-01-24,14.8,3.8,8.9,0.0,12.8,64,3
Multan,2026-01-25,17.8,4.2,10.3,0.0,7.9,68,3
Multan,2026-01-26,16.1,7.4,11.7,0.0,8.5,69,3
Multan,2026-01-27,18.3,10.3,13.3,0.0,11.7,68,3
Multan,2026-01-28,20.0,7.2,12.9,0.0,5.8,71,1
Multan,2026-01-29,19.8,7.8,13.6,0.0,5.7,70,3
Multan,2026-01-30,20.8,9.4,14.6,0.0,5.2,65,3
Multan,2026-01-31,20.8,8.4,14.3,0.0,5.5,66,3
Multan,2026-02-01,20.1,9.4,14.4,0.6,10.8,67,51
Multan,2026-02-02,21.0,8.8,14.6,0.0,6.7,69,3
Multan,2026-02-03,22.2,9.9,15.2,0.0,7.6,69,3
Multan,2026-02-04,22.4,9.8,15.4,0.0,7.7,66,3
Multan,2026-02-05,23.4,9.9,15.7,0.0,6.5,69,0
Multan,2026-02-06,24.6,10.4,16.8,0.0,12.2,63,3
Multan,2026-02-07,23.0,12.2,16.8,0.0,11.2,69,3
Multan,2026-02-08,24.2,10.1,16.8,0.0,4.5,69,3
Multan,2026-02-09,24.3,12.6,17.6,0.2,12.3,69,51
Multan,2026-02-10,22.1,13.4,17.0,0.0,18.5,73,3
Multan,2026-02-11,23.5,11.9,16.8,0.0,9.4,71,1
Multan,2026-02-12,25.5,11.4,17.4,0.0,7.3,69,3
Multan,2026-02-13,26.3,12.8,18.7,0.0,7.6,66,3
Multan,2026-02-14,26.2,12.4,19.2,0.0,6.8,69,3
Multan,2026-02-15,28.1,13.6,20.0,0.0,8.1,71,0
Multan,2026-02-16,28.6,14.1,20.6,1.1,10.7,64,55
Multan,2026-02-17,24.6,15.9,19.1,0.1,17.9,68,51
Multan,2026-02-18,25.9,14.9,19.3,1.0,15.9,66,53
Multan,2026-02-19,26.7,13.6,19.9,0.0,8.3,60,0
Multan,2026-02-20,27.4,14.5,20.4,0.0,6.0,62,0
Multan,2026-02-21,28.4,13.5,20.7,0.0,12.9,60,0
Multan,2026-02-22,28.4,13.9,20.9,0.0,10.8,58,0
Multan,2026-02-23,29.4,14.6,21.4,0.0,3.8,63,1
Multan,2026-02-24,30.0,14.9,21.7,0.0,7.3,53,0
Multan,2026-02-25,30.4,15.2,21.8,0.0,8.4,45,0
Multan,2026-02-26,29.7,15.0,21.9,0.0,7.4,48,0
Multan,2026-02-27,29.8,17.0,22.8,0.0,8.1,54,0
Multan,2026-02-28,29.7,16.8,22.5,0.0,8.4,63,0
Multan,2026-03-01,30.6,16.9,23.3,0.0,9.6,57,3
Multan,2026-03-02,31.4,16.8,23.4,0.0,7.8,57,3
Multan,2026-03-03,32.2,16.7,24.1,0.0,10.2,53,3
Multan,2026-03-04,32.7,16.9,25.2,0.0,9.3,53,0
Multan,2026-03-05,34.0,17.1,25.8,0.0,10.2,50,2
Multan,2026-03-06,33.9,18.0,25.7,0.0,10.1,45,3
Multan,2026-03-07,34.5,19.8,26.5,0.0,9.4,50,3
Multan,2026-03-08,32.6,20.4,26.0,0.0,9.9,65,3
Multan,2026-03-09,35.1,21.0,27.6,0.0,9.8,57,3
Multan,2026-03-10,31.8,20.2,25.6,0.0,11.5,62,3
Multan,2026-03-11,33.7,22.1,27.4,0.4,13.2,62,51
Multan,2026-03-12,30.7,20.5,25.5,0.0,17.8,56,3
Multan,2026-03-13,31.7,18.9,25.0,0.0,7.9,54,3
Multan,2026-03-14,31.9,20.1,24.6,1.9,21.3,56,61
Multan,2026-03-15,30.3,18.5,24.4,0.0,14.5,46,1
Multan,2026-03-16,27.1,16.4,21.5,0.0,17.2,55,3
Multan,2026-03-17,28.2,15.8,22.0,0.0,11.0,49,3
Multan,2026-03-18,25.4,17.3,20.5,2.9,13.0,63,55
Multan,2026-03-19,24.6,15.8,19.4,0.3,15.4,74,51
Multan,2026-03-20,27.2,15.3,21.0,8.2,12.0,66,63
Multan,2026-03-21,24.3,17.0,20.5,0.0,13.0,69,3
Multan,2026-03-22,27.5,16.4,21.7,0.3,9.6,70,51
Multan,2026-03-23,30.7,17.5,24.3,0.0,9.1,56,1
Multan,2026-03-24,33.6,20.0,26.2,0.0,8.7,45,3
Multan,2026-03-25,28.8,21.2,24.8,0.0,14.1,51,3
Multan,2026-03-26,25.8,18.5,21.5,2.6,21.1,74,55
Multan,2026-03-27,30.6,15.6,22.8,0.0,8.7,63,3
Multan,2026-03-28,33.8,19.6,26.2,0.2,20.7,52,51
Multan,2026-03-29,29.2,19.8,23.7,1.8,25.3,74,55
Multan,2026-03-30,28.9,18.9,23.7,0.2,21.2,66,51
Multan,2026-03-31,29.1,19.1,23.5,0.4,19.5,66,51
Multan,2026-04-01,31.7,18.1,23.9,0.0,18.7,61,3
Multan,2026-04-02,30.2,19.0,23.9,0.6,19.8,65,51
Multan,2026-04-03,26.3,16.7,20.7,0.6,18.8,71,51
Multan,2026-04-04,24.5,14.8,19.4,1.7,9.0,72,53
Multan,2026-04-05,27.5,15.9,21.8,0.0,7.9,62,1
Multan,2026-04-06,29.7,17.8,22.4,11.5,21.7,61,65
Multan,2026-04-07,25.2,15.7,20.6,5.6,23.3,74,63
Multan,2026-04-08,25.9,14.4,19.5,0.4,10.7,70,51
Multan,2026-04-09,27.6,16.6,21.7,0.0,10.3,60,1
Multan,2026-04-10,29.4,17.5,23.4,0.0,8.3,56,3
Multan,2026-04-11,30.2,17.9,24.1,0.0,15.1,62,3
Multan,2026-04-12,32.5,19.7,25.9,0.0,7.9,52,3
Multan,2026-04-13,34.8,20.2,27.0,0.0,11.1,45,3
Multan,2026-04-14,35.9,20.9,28.3,0.0,9.0,43,2
Multan,2026-04-15,37.0,22.3,29.3,0.0,8.1,44,3
Multan,2026-04-16,38.6,21.9,30.2,0.0,15.7,37,3
Multan,2026-04-17,37.8,26.4,31.4,0.2,20.8,31,51
Multan,2026-04-18,35.0,22.8,28.8,0.0,22.7,45,3
Multan,2026-04-19,35.4,23.1,28.7,0.0,13.9,47,3
Multan,2026-04-20,37.3,22.8,30.3,0.0,11.7,41,3
Multan,2026-04-21,39.1,24.4,31.5,0.0,11.6,36,3
Multan,2026-04-22,40.2,24.4,32.1,0.0,14.8,29,3
Peshawar,2024-04-22,30.0,15.1,22.2,0.0,12.6,60,3
Peshawar,2024-04-23,30.5,17.4,23.9,0.0,13.8,53,3
Peshawar,2024-04-24,31.0,17.1,23.8,0.0,13.7,56,2
Peshawar,2024-04-25,30.7,18.4,24.2,0.0,10.8,58,3
Peshawar,2024-04-26,29.2,18.9,22.3,1.7,17.3,65,53
Peshawar,2024-04-27,22.0,16.6,18.9,6.9,13.4,79,61
Peshawar,2024-04-28,20.1,15.5,17.6,20.8,11.9,80,65
Peshawar,2024-04-29,20.5,14.1,16.8,4.1,18.0,79,61
Peshawar,2024-04-30,22.2,11.9,17.2,0.0,28.2,63,3
Peshawar,2024-05-01,28.1,10.4,19.8,0.0,7.9,54,1
Peshawar,2024-05-02,30.4,15.9,23.2,0.0,7.2,54,3
Peshawar,2024-05-03,26.5,18.4,22.2,0.0,13.7,57,3
Peshawar,2024-05-04,28.0,17.4,22.4,0.0,15.3,58,3
Peshawar,2024-05-05,32.1,16.5,24.2,0.0,15.8,56,1
Peshawar,2024-05-06,34.7,17.1,26.4,0.0,12.8,48,0
Peshawar,2024-05-07,35.9,17.1,27.7,0.0,14.7,40,1
Peshawar,2024-05-08,36.0,19.0,28.0,0.0,8.1,43,3
Peshawar,2024-05-09,36.3,21.3,28.9,0.0,10.1,41,3
Peshawar,2024-05-10,35.0,22.0,29.0,0.1,20.2,38,51
Peshawar,2024-05-11,34.7,21.1,27.6,0.1,27.1,45,51
Peshawar,2024-05-12,32.1,19.5,25.0,0.3,26.8,52,51
Peshawar,2024-05-13,33.7,18.0,26.3,0.0,9.8,44,0
Peshawar,2024-05-14,36.3,20.6,29.0,0.0,9.7,36,0
Peshawar,2024-05-15,37.5,21.6,30.2,0.0,7.6,36,3
Peshawar,2024-05-16,36.7,23.0,30.4,0.1,14.2,36,51
Peshawar,2024-05-17,38.8,22.0,31.6,0.0,18.2,33,3
Peshawar,2024-05-18,37.2,25.5,31.2,0.5,20.9,33,51
Peshawar,2024-05-19,38.8,22.2,31.0,0.0,16.9,33,3
Peshawar,2024-05-20,38.8,24.0,31.4,0.0,17.7,30,3
Peshawar,2024-05-21,40.8,23.4,32.3,0.0,18.7,26,1
Peshawar,2024-05-22,41.8,23.8,33.3,0.0,14.1,22,0
Peshawar,2024-05-23,42.0,25.0,33.3,0.0,18.1,24,2
Peshawar,2024-05-24,40.0,23.6,32.7,0.0,12.0,27,3
Peshawar,2024-05-25,42.2,25.9,33.9,0.0,11.3,25,2
Peshawar,2024-05-26,42.5,26.2,35.3,0.0,27.5,16,0
Peshawar,2024-05-27,43.4,28.1,36.6,0.0,28.5,11,0
Peshawar,2024-05-28,42.5,31.9,37.0,0.0,39.8,9,0
Peshawar,2024-05-29,41.8,29.0,35.3,0.0,40.1,10,0
Peshawar,2024-05-30,41.5,30.0,35.1,0.0,26.3,10,0
Peshawar,2024-05-31,41.3,26.0,34.0,0.0,23.5,13,1
Peshawar,2024-06-01,41.8,25.5,34.0,0.0,20.4,15,0
Peshawar,2024-06-02,42.7,24.0,33.8,0.0,12.6,16,0
Peshawar,2024-06-03,43.3,27.4,34.9,0.0,16.0,20,3
Peshawar,2024-06-04,41.0,26.4,33.4,0.0,27.8,28,3
Peshawar,2024-06-05,37.0,25.6,31.0,0.0,12.2,33,3
Peshawar,2024-06-06,34.9,22.9,28.0,0.4,15.1,46,51
Peshawar,2024-06-07,35.5,21.9,29.0,0.0,10.1,39,3
Peshawar,2024-06-08,37.7,22.9,30.3,0.0,19.2,29,3
Peshawar,2024-06-09,39.4,22.6,31.2,0.0,14.7,26,2
Peshawar,2024-06-10,40.9,24.2,32.6,0.0,19.8,23,2
Peshawar,2024-06-11,41.6,26.2,33.5,0.0,10.4,25,0
Peshawar,2024-06-12,42.0,25.8,34.1,0.0,11.6,27,3
Peshawar,2024-06-13,42.5,25.1,34.4,0.0,15.1,28,3
Peshawar,2024-06-14,40.6,25.8,33.8,0.0,16.6,30,3
Peshawar,2024-06-15,41.8,26.4,34.4,0.0,8.4,28,3
Peshawar,2024-06-16,44.2,28.2,35.6,0.0,11.5,26,2
Peshawar,2024-06-17,43.5,28.2,35.9,0.0,12.1,25,3
Peshawar,2024-06-18,43.7,27.7,36.0,0.0,11.5,21,3
Peshawar,2024-06-19,43.3,29.1,36.4,0.0,22.4,18,0
Peshawar,2024-06-20,39.3,27.3,33.6,0.0,18.2,29,3
Peshawar,2024-06-21,35.0,25.0,30.0,2.3,18.9,48,55
Peshawar,2024-06-22,39.6,26.4,32.6,0.0,16.3,38,3
Peshawar,2024-06-23,39.0,27.6,33.8,0.0,12.8,31,3
Peshawar,2024-06-24,42.3,28.4,34.8,0.0,10.4,29,2
Peshawar,2024-06-25,42.7,28.6,35.1,0.0,16.0,27,3
Peshawar,2024-06-26,43.8,28.5,36.6,0.0,10.4,26,2
Peshawar,2024-06-27,43.7,28.5,35.9,0.0,12.6,33,2
Peshawar,2024-06-28,41.0,28.6,34.3,0.0,15.0,48,1
Peshawar,2024-06-29,41.7,29.8,35.0,0.0,20.8,46,2
Peshawar,2024-06-30,42.1,30.1,35.4,0.0,18.7,47,0
Peshawar,2024-07-01,43.4,29.8,36.1,0.0,13.0,46,0
Peshawar,2024-07-02,41.6,28.0,35.0,0.0,19.5,51,1
Peshawar,2024-07-03,43.1,28.6,36.1,0.3,20.3,52,51
Peshawar,2024-07-04,38.3,26.8,33.0,4.1,19.4,63,61
Peshawar,2024-07-05,35.5,25.4,29.8,3.7,22.1,70,61
Peshawar,2024-07-06,36.2,24.8,30.1,0.5,18.5,64,51
Peshawar,2024-07-07,35.4,22.5,28.9,11.0,20.8,66,63
Peshawar,2024-07-08,38.6,24.5,31.8,0.0,12.2,57,1
Peshawar,2024-07-09,38.5,27.1,32.2,0.0,19.2,58,1
Peshawar,2024-07-10,36.5,27.4,31.8,14.5,12.2,63,65
Peshawar,2024-07-11,39.0,28.4,33.6,0.0,18.9,56,1
Peshawar,2024-07-12,37.5,28.8,32.2,6.0,26.2,58,63
Peshawar,2024-07-13,35.8,24.2,30.3,13.1,18.4,59,65
Peshawar,2024-07-14,37.5,23.6,31.3,2.5,15.0,52,55
Peshawar,2024-07-15,39.2,26.7,32.5,0.0,27.5,49,2
Peshawar,2024-07-16,40.4,28.8,34.1,0.6,10.1,44,53
Peshawar,2024-07-17,39.4,27.9,34.0,0.0,20.4,48,2
Peshawar,2024-07-18,37.9,25.9,32.5,1.8,15.5,54,53
Peshawar,2024-07-19,40.3,28.7,34.0,1.0,9.8,50,55
Peshawar,2024-07-20,40.8,29.1,34.3,1.0,14.3,49,53
Peshawar,2024-07-21,43.2,29.2,35.7,0.0,17.3,46,3
Peshawar,2024-07-22,40.8,30.2,35.1,1.2,16.6,51,55
Peshawar,2024-07-23,36.8,28.1,32.2,2.0,18.9,63,61
Peshawar,2024-07-24,39.8,28.1,33.5,0.1,13.2,58,51
Peshawar,2024-07-25,41.1,27.2,34.6,0.0,15.3,53,1
Peshawar,2024-07-26,41.2,28.2,35.1,0.0,16.0,55,0
Peshawar,2024-07-27,42.6,30.3,36.0,0.0,11.5,53,1
Peshawar,2024-07-28,35.4,27.0,30.6,3.9,21.5,76,61
Peshawar,2024-07-29,34.8,27.4,30.6,1.6,10.7,77,51
Peshawar,2024-07-30,31.8,26.2,28.8,13.4,10.8,83,63
Peshawar,2024-07-31,37.3,26.0,31.5,0.0,10.5,70,0
Peshawar,2024-08-01,33.8,26.8,29.9,5.5,14.5,77,61
Peshawar,2024-08-02,35.1,25.6,30.4,0.4,8.4,72,51
Peshawar,2024-08-03,33.8,25.5,29.0,48.1,15.8,81,65
Peshawar,2024-08-04,32.2,25.0,27.5,39.9,9.3,85,65
Peshawar,2024-08-05,33.9,25.4,29.5,6.2,7.3,82,63
Peshawar,2024-08-06,33.5,25.4,29.1,4.6,16.1,82,61
Peshawar,2024-08-07,32.3,24.6,27.7,10.0,14.2,83,63
Peshawar,2024-08-08,32.9,23.8,27.8,24.5,10.7,82,65
Peshawar,2024-08-09,33.3,24.1,28.9,2.0,11.4,80,55
Peshawar,2024-08-10,34.3,25.0,29.3,12.5,22.6,82,63
Peshawar,2024-08-11,32.1,24.0,27.4,5.3,12.3,83,61
Peshawar,2024-08-12,33.0,25.1,28.4,5.8,7.3,82,61
Peshawar,2024-08-13,34.8,25.6,30.2,0.2,7.2,76,51
Peshawar,2024-08-14,34.9,26.9,30.6,1.0,11.5,78,51
Peshawar,2024-08-15,30.0,25.1,27.3,17.5,18.1,86,65
Peshawar,2024-08-16,33.8,24.9,28.9,1.8,9.0,80,53
Peshawar,2024-08-17,31.1,24.5,26.5,56.0,10.9,88,65
Peshawar,2024-08-18,34.9,24.0,28.8,0.1,13.8,79,51
Peshawar,2024-08-19,33.0,25.1,28.9,2.4,12.8,81,53
Peshawar,2024-08-20,30.7,23.5,26.5,25.5,15.8,83,63
Peshawar,2024-08-21,31.8,23.9,27.3,19.1,8.3,77,65
Peshawar,2024-08-22,34.5,23.6,28.8,0.0,7.3,72,1
Peshawar,2024-08-23,34.7,24.5,29.2,0.0,14.0,71,0
Peshawar,2024-08-24,34.7,25.0,29.6,0.1,11.2,71,51
Peshawar,2024-08-25,33.6,24.0,29.1,5.9,16.2,75,63
Peshawar,2024-08-26,34.0,24.5,29.2,0.0,9.7,74,3
Peshawar,2024-08-27,31.4,23.9,26.9,8.9,11.4,78,63
Peshawar,2024-08-28,31.7,23.2,26.4,0.2,14.5,79,51
Peshawar,2024-08-29,30.5,22.9,26.7,3.2,13.3,77,61
Peshawar,2024-08-30,27.0,23.1,24.8,29.6,8.8,87,63
Peshawar,2024-08-31,35.0,22.7,28.2,0.0,11.0,69,2
Peshawar,2024-09-01,34.8,24.2,29.2,0.0,7.0,72,2
Peshawar,2024-09-02,30.9,24.2,27.4,23.4,13.1,82,65
Peshawar,2024-09-03,30.8,22.9,26.2,21.8,10.4,81,65
Peshawar,2024-09-04,33.5,24.0,28.1,0.0,8.9,75,0
Peshawar,2024-09-05,33.0,23.5,28.0,0.6,8.0,78,51
Peshawar,2024-09-06,31.1,22.6,26.7,11.0,15.1,81,63
Peshawar,2024-09-07,32.2,22.1,26.8,5.4,8.3,80,61
Peshawar,2024-09-08,33.5,22.8,27.8,3.1,8.2,77,61
Peshawar,2024-09-09,34.2,23.5,28.6,0.0,6.1,74,1
Peshawar,2024-09-10,33.5,24.1,28.0,0.9,11.2,73,53
Peshawar,2024-09-11,34.0,23.5,28.4,2.3,16.7,69,61
Peshawar,2024-09-12,35.8,24.1,29.3,0.0,11.3,65,0
Peshawar,2024-09-13,34.0,24.5,28.8,0.0,11.9,67,1
Peshawar,2024-09-14,30.4,21.6,25.1,16.3,30.1,76,63
Peshawar,2024-09-15,33.7,20.5,26.8,2.4,13.5,64,61
Peshawar,2024-09-16,34.0,21.0,27.5,0.0,7.4,66,2
Peshawar,2024-09-17,34.8,22.9,28.3,0.0,10.4,57,2
Peshawar,2024-09-18,34.8,23.0,27.9,0.0,7.7,55,2
Peshawar,2024-09-19,35.9,22.8,28.4,0.0,8.6,59,0
Peshawar,2024-09-20,35.8,21.8,28.5,0.0,7.9,56,0
Peshawar,2024-09-21,34.9,22.0,28.4,0.0,10.5,67,0
Peshawar,2024-09-22,35.4,23.9,29.4,0.0,15.0,68,0
Peshawar,2024-09-23,35.9,25.1,30.3,0.0,13.1,66,0
Peshawar,2024-09-24,36.5,25.9,30.7,0.0,11.1,67,0
Peshawar,2024-09-25,36.4,25.6,30.7,0.0,13.6,66,0
Peshawar,2024-09-26,34.2,25.4,28.8,2.1,16.6,71,53
Peshawar,2024-09-27,27.9,21.2,24.3,16.6,11.5,79,63
Peshawar,2024-09-28,30.8,21.2,26.2,0.0,11.5,67,1
Peshawar,2024-09-29,33.3,22.1,27.5,0.0,8.6,61,1
Peshawar,2024-09-30,35.2,23.0,27.8,0.0,7.3,59,1
Peshawar,2024-10-01,34.9,21.5,27.0,0.0,11.2,61,0
Peshawar,2024-10-02,35.2,21.3,27.4,0.0,10.3,59,0
Peshawar,2024-10-03,35.2,21.0,27.3,0.0,9.7,55,0
Peshawar,2024-10-04,34.0,21.2,27.2,0.0,14.7,66,2
Peshawar,2024-10-05,31.8,22.0,25.5,7.0,12.6,74,63
Peshawar,2024-10-06,32.0,20.5,25.6,0.0,8.3,62,2
Peshawar,2024-10-07,33.3,21.0,25.5,1.8,22.3,54,53
Peshawar,2024-10-08,29.2,19.1,23.3,1.8,14.2,60,55
Peshawar,2024-10-09,31.5,17.7,24.2,0.1,12.5,47,51
Peshawar,2024-10-10,32.0,17.5,24.6,0.0,7.3,46,1
Peshawar,2024-10-11,33.5,18.2,24.7,0.0,11.1,48,0
Peshawar,2024-10-12,32.3,18.6,24.1,0.0,9.3,58,0
Peshawar,2024-10-13,32.0,17.8,24.6,0.0,10.9,62,1
Peshawar,2024-10-14,31.0,18.5,24.7,0.1,8.4,62,51
Peshawar,2024-10-15,32.4,19.4,25.0,0.0,7.5,52,0
Peshawar,2024-10-16,32.2,17.6,24.7,0.0,10.3,57,1
Peshawar,2024-10-17,31.9,19.2,24.7,0.0,7.2,56,0
Peshawar,2024-10-18,32.5,18.2,24.7,0.0,8.4,53,1
Peshawar,2024-10-19,32.7,18.9,24.5,0.0,10.0,55,0
Peshawar,2024-10-20,30.8,18.1,24.0,0.0,9.6,66,1
Peshawar,2024-10-21,31.2,19.3,24.8,0.0,9.1,63,0
Peshawar,2024-10-22,28.8,18.5,23.4,1.8,11.2,72,55
Peshawar,2024-10-23,28.2,18.1,22.8,0.1,9.4,67,51
Peshawar,2024-10-24,30.5,16.9,23.7,4.2,14.7,58,63
Peshawar,2024-10-25,31.7,15.5,24.1,0.0,8.4,46,1
Peshawar,2024-10-26,33.5,16.9,24.0,0.0,7.4,47,0
Peshawar,2024-10-27,31.7,18.5,23.9,0.0,7.5,55,3
Peshawar,2024-10-28,28.1,18.1,22.9,6.1,22.2,66,63
Peshawar,2024-10-29,25.6,17.8,21.3,0.5,9.6,78,53
Peshawar,2024-10-30,29.2,17.2,22.4,0.0,9.9,64,1
Peshawar,2024-10-31,31.1,14.4,22.4,0.0,12.7,49,0
Peshawar,2024-11-01,30.7,13.8,21.3,0.0,7.2,50,3
Peshawar,2024-11-02,29.1,16.1,21.0,0.0,8.0,68,3
Peshawar,2024-11-03,28.9,16.5,21.2,0.0,8.3,67,1
Peshawar,2024-11-04,29.5,15.1,21.4,0.0,7.9,63,1
Peshawar,2024-11-05,28.4,15.8,21.5,0.0,7.1,68,3
Peshawar,2024-11-06,30.2,18.8,22.9,0.0,8.1,66,3
Peshawar,2024-11-07,28.6,16.5,22.0,0.0,7.8,73,3
Peshawar,2024-11-08,29.1,17.6,22.3,0.0,7.2,73,3
Peshawar,2024-11-09,29.0,17.5,22.1,0.0,9.0,70,1
Peshawar,2024-11-10,27.6,17.8,21.4,0.0,10.9,74,1
Peshawar,2024-11-11,23.1,15.8,18.5,10.8,10.1,82,63
Peshawar,2024-11-12,26.2,13.2,18.7,0.0,9.3,72,2
Peshawar,2024-11-13,24.3,11.8,17.4,0.0,4.1,74,3
Peshawar,2024-11-14,22.0,12.4,16.9,0.0,8.8,73,3
Peshawar,2024-11-15,20.4,13.0,16.3,0.6,9.3,79,51
Peshawar,2024-11-16,22.5,12.3,16.1,0.0,3.4,80,3
Peshawar,2024-11-17,23.5,9.4,15.4,0.0,6.1,72,0
Peshawar,2024-11-18,22.7,8.6,14.8,0.0,4.8,64,3
Peshawar,2024-11-19,22.0,8.3,14.5,0.0,2.4,65,1
Peshawar,2024-11-20,22.0,8.4,14.5,0.0,2.7,65,0
Peshawar,2024-11-21,22.5,9.8,15.2,0.0,3.3,70,0
Peshawar,2024-11-22,22.0,10.3,15.1,0.0,3.8,70,2
Peshawar,2024-11-23,20.3,10.0,15.2,0.0,4.2,76,3
Peshawar,2024-11-24,21.2,11.1,15.2,0.0,9.9,78,0
Peshawar,2024-11-25,22.1,8.3,14.2,0.0,5.0,71,1
Peshawar,2024-11-26,21.5,7.5,13.8,0.0,3.5,64,0
Peshawar,2024-11-27,21.4,6.6,13.6,0.0,4.2,64,0
Peshawar,2024-11-28,21.0,7.6,13.7,0.0,3.8,68,3
Peshawar,2024-11-29,16.9,10.1,13.1,0.0,7.1,68,3
Peshawar,2024-11-30,21.2,8.1,13.5,0.0,5.6,68,0
Peshawar,2024-12-01,21.6,6.8,13.5,0.0,10.7,66,1
Peshawar,2024-12-02,19.5,7.9,12.8,0.3,11.3,72,51
Peshawar,2024-12-03,21.9,7.6,13.2,0.0,5.6,63,1
Peshawar,2024-12-04,22.1,5.7,11.8,0.0,7.1,55,0
Peshawar,2024-12-05,19.5,4.8,11.4,0.0,3.3,48,0
Peshawar,2024-12-06,19.1,4.2,11.0,0.0,7.0,50,3
Peshawar,2024-12-07,17.9,3.3,10.3,0.0,2.5,54,3
Peshawar,2024-12-08,19.0,5.7,10.9,0.0,12.2,52,3
Peshawar,2024-12-09,17.1,4.7,9.3,0.0,6.3,41,0
Peshawar,2024-12-10,16.6,3.8,9.1,0.0,4.7,58,3
Peshawar,2024-12-11,16.6,2.2,8.8,0.0,5.1,55,2
Peshawar,2024-12-12,16.5,3.0,9.0,0.0,5.0,56,1
Peshawar,2024-12-13,19.0,2.0,9.3,0.0,9.0,54,2
Peshawar,2024-12-14,18.7,3.3,9.5,0.0,5.1,48,3
Peshawar,2024-12-15,17.7,2.7,9.2,0.0,3.6,58,3
Peshawar,2024-12-16,18.1,1.8,9.5,0.0,3.3,58,3
Peshawar,2024-12-17,17.6,3.7,9.5,0.0,3.7,56,3
Peshawar,2024-12-18,16.0,4.8,9.4,0.0,3.6,58,3
Peshawar,2024-12-19,16.6,1.5,8.0,0.0,5.1,55,0
Peshawar,2024-12-20,16.6,2.1,8.6,0.0,4.2,54,0
Peshawar,2024-12-21,15.9,0.8,7.8,0.0,3.4,56,3
Peshawar,2024-12-22,15.6,3.0,9.0,0.0,4.3,59,3
Peshawar,2024-12-23,16.1,4.3,9.7,0.0,5.7,63,3
Peshawar,2024-12-24,16.8,3.9,9.2,0.0,2.1,68,0
Peshawar,2024-12-25,16.5,2.1,8.5,0.0,3.4,55,3
Peshawar,2024-12-26,17.8,1.5,8.3,0.0,3.8,55,0
Peshawar,2024-12-27,15.3,2.5,8.2,0.0,10.5,62,3
Peshawar,2024-12-28,15.6,2.5,8.2,0.0,4.4,77,0
Peshawar,2024-12-29,17.2,2.0,9.0,0.0,3.6,74,3
Peshawar,2024-12-30,17.2,2.5,8.8,0.0,3.7,67,3
Peshawar,2024-12-31,17.2,4.2,9.3,0.0,6.1,72,3
Peshawar,2025-01-01,14.6,5.3,9.4,0.1,5.5,70,51
Peshawar,2025-01-02,17.8,6.5,10.8,0.1,12.1,65,51
Peshawar,2025-01-03,18.8,5.8,11.2,0.4,4.6,76,51
Peshawar,2025-01-04,14.4,6.6,9.7,1.1,6.9,82,51
Peshawar,2025-01-05,17.1,4.2,9.5,0.0,11.4,62,0
Peshawar,2025-01-06,17.0,3.4,9.2,0.0,9.6,40,0
Peshawar,2025-01-07,17.7,1.1,8.5,0.0,5.7,41,0
Peshawar,2025-01-08,19.9,3.6,10.3,0.0,8.8,45,2
Peshawar,2025-01-09,18.0,3.8,9.6,0.0,4.3,43,0
Peshawar,2025-01-10,20.1,1.3,9.4,0.0,4.2,43,2
Peshawar,2025-01-11,15.5,3.7,8.6,0.0,6.0,52,3
Peshawar,2025-01-12,16.5,1.6,8.8,0.0,5.2,64,0
Peshawar,2025-01-13,17.9,0.8,8.6,0.0,3.6,60,3
Peshawar,2025-01-14,15.2,2.3,8.5,0.0,4.6,46,3
Peshawar,2025-01-15,18.6,2.0,9.8,0.0,3.8,45,3
Peshawar,2025-01-16,17.1,4.2,9.8,0.0,8.9,55,3
Peshawar,2025-01-17,18.0,4.0,10.6,0.0,12.8,64,3
Peshawar,2025-01-18,18.9,6.8,12.0,0.0,7.4,53,3
Peshawar,2025-01-19,15.2,8.5,11.2,0.1,15.7,59,51
Peshawar,2025-01-20,16.9,5.2,10.2,0.7,10.5,63,53
Peshawar,2025-01-21,19.6,3.8,10.8,0.0,10.7,61,0
Peshawar,2025-01-22,20.3,3.3,11.3,0.0,14.8,41,0
Peshawar,2025-01-23,20.8,6.8,12.9,0.0,16.8,26,0
Peshawar,2025-01-24,22.2,6.2,11.9,0.0,8.4,25,0
Peshawar,2025-01-25,22.1,2.7,10.8,0.0,3.8,31,0
Peshawar,2025-01-26,21.5,1.3,10.1,0.0,3.2,42,0
Peshawar,2025-01-27,21.1,3.2,11.4,0.0,3.2,49,0
Peshawar,2025-01-28,20.6,2.8,12.0,0.0,4.7,47,3
Peshawar,2025-01-29,19.0,9.1,13.0,0.2,13.0,63,51
Peshawar,2025-01-30,19.8,5.2,11.4,0.0,7.7,59,0
Peshawar,2025-01-31,20.2,4.0,11.6,0.0,13.3,42,0
Peshawar,2025-02-01,20.0,5.9,11.7,0.0,6.6,45,3
Peshawar,2025-02-02,21.7,3.3,11.6,0.0,7.6,44,1
Peshawar,2025-02-03,20.6,5.1,11.4,0.0,6.4,44,1
Peshawar,2025-02-04,18.4,6.8,11.7,0.0,16.4,54,1
Peshawar,2025-02-05,19.4,4.0,11.4,0.0,7.7,45,2
Peshawar,2025-02-06,19.9,4.4,11.8,0.0,9.5,41,3
Peshawar,2025-02-07,22.1,3.3,11.8,0.0,8.3,34,3
Peshawar,2025-02-08,24.2,5.6,13.6,0.0,6.6,37,3
Peshawar,2025-02-09,24.2,6.9,15.5,0.0,7.6,42,3
Peshawar,2025-02-10,18.5,10.2,14.7,0.3,14.8,49,51
Peshawar,2025-02-11,19.0,8.1,13.0,0.0,8.5,68,3
Peshawar,2025-02-12,21.3,6.3,13.1,0.0,6.2,61,1
Peshawar,2025-02-13,21.6,3.4,12.0,0.0,8.9,41,3
Peshawar,2025-02-14,22.3,6.2,13.5,0.0,3.7,43,3
Peshawar,2025-02-15,24.4,6.8,15.3,0.0,6.5,42,3
Peshawar,2025-02-16,20.9,8.7,14.3,0.0,6.5,58,2
Peshawar,2025-02-17,23.0,8.6,14.8,0.0,7.6,52,0
Peshawar,2025-02-18,23.4,7.3,15.6,0.0,17.8,38,3
Peshawar,2025-02-19,23.5,9.2,16.0,2.0,17.0,41,61
Peshawar,2025-02-20,16.0,9.3,12.5,8.1,14.0,73,63
Peshawar,2025-02-21,20.0,6.6,12.7,0.0,5.0,72,3
Peshawar,2025-02-22,23.4,8.4,14.5,0.0,12.7,56,3
Peshawar,2025-02-23,23.0,5.7,14.3,0.0,7.3,53,3
Peshawar,2025-02-24,25.0,8.6,16.4,0.5,11.1,55,53
Peshawar,2025-02-25,15.6,12.3,13.8,27.1,12.5,86,63
Peshawar,2025-02-26,15.8,11.6,13.3,7.0,10.1,86,61
Peshawar,2025-02-27,16.1,10.8,13.1,0.2,9.5,85,51
Peshawar,2025-02-28,18.5,9.9,13.7,2.2,10.5,78,55
Peshawar,2025-03-01,19.5,8.2,13.2,0.3,4.3,75,51
Peshawar,2025-03-02,21.3,5.6,13.3,7.3,9.4,65,63
Peshawar,2025-03-03,13.3,8.6,11.4,4.5,10.2,85,55
Peshawar,2025-03-04,18.6,6.8,11.4,0.0,12.8,76,3
Peshawar,2025-03-05,23.8,3.0,12.7,0.0,9.9,52,3
Peshawar,2025-03-06,23.5,4.8,13.9,0.0,9.6,52,2
Peshawar,2025-03-07,25.5,8.8,16.7,0.0,8.0,53,3
Peshawar,2025-03-08,29.6,11.6,20.0,0.0,14.5,32,3
Peshawar,2025-03-09,27.1,10.6,18.9,0.0,8.9,50,3
Peshawar,2025-03-10,21.1,14.9,17.6,3.0,10.2,67,55
Peshawar,2025-03-11,26.6,11.4,18.6,3.4,14.5,64,61
Peshawar,2025-03-12,25.5,14.1,19.2,0.5,8.7,66,53
Peshawar,2025-03-13,25.2,12.9,18.8,1.2,11.8,62,55
Peshawar,2025-03-14,23.6,13.1,17.7,0.5,10.7,66,51
Peshawar,2025-03-15,23.8,11.5,17.6,0.0,11.2,66,3
Peshawar,2025-03-16,27.2,11.6,19.3,0.0,10.1,54,3
Peshawar,2025-03-17,28.0,12.3,20.0,0.0,8.7,46,2
Peshawar,2025-03-18,29.4,13.6,21.1,0.0,6.9,41,1
Peshawar,2025-03-19,28.4,14.6,21.2,0.0,10.1,40,3
Peshawar,2025-03-20,29.7,13.4,21.3,0.0,10.0,42,0
Peshawar,2025-03-21,32.0,13.9,22.2,0.0,12.8,33,0
Peshawar,2025-03-22,32.8,12.6,22.9,0.0,6.4,28,3
Peshawar,2025-03-23,32.6,14.4,23.0,0.0,10.6,40,3
Peshawar,2025-03-24,31.0,15.6,23.3,0.0,9.9,46,3
Peshawar,2025-03-25,30.1,18.3,22.5,4.4,15.6,48,63
Peshawar,2025-03-26,23.1,15.1,18.5,7.8,13.3,75,61
Peshawar,2025-03-27,24.1,12.4,18.0,11.1,19.5,70,63
Peshawar,2025-03-28,21.9,10.6,16.0,1.1,17.0,58,55
Peshawar,2025-03-29,26.9,8.2,17.4,0.0,18.2,41,0
Peshawar,2025-03-30,30.9,9.0,19.3,0.0,16.1,38,0
Peshawar,2025-03-31,30.6,11.5,20.8,0.0,14.9,27,0
Peshawar,2025-04-01,32.4,10.4,21.4,0.0,14.8,24,0
Peshawar,2025-04-02,32.1,11.2,22.1,0.0,9.1,29,3
Peshawar,2025-04-03,24.8,15.9,20.3,1.8,17.3,45,53
Peshawar,2025-04-04,31.0,13.6,22.0,0.0,11.9,40,3
Peshawar,2025-04-05,34.8,13.6,23.8,0.0,11.5,43,3
Peshawar,2025-04-06,37.6,17.6,27.0,0.0,12.5,47,3
Peshawar,2025-04-07,37.3,20.5,28.7,0.0,10.4,45,3
Peshawar,2025-04-08,30.2,21.0,26.5,0.1,16.9,50,51
Peshawar,2025-04-09,34.7,21.3,28.0,0.0,13.4,43,3
Peshawar,2025-04-10,34.2,20.6,27.3,0.0,25.2,38,3
Peshawar,2025-04-11,31.2,19.8,25.5,0.0,15.0,40,2
Peshawar,2025-04-12,34.5,17.9,26.2,0.0,8.9,41,1
Peshawar,2025-04-13,35.5,19.9,27.7,0.0,9.8,39,0
Peshawar,2025-04-14,38.3,21.0,29.9,0.0,10.5,37,0
Peshawar,2025-04-15,39.2,20.7,30.0,0.0,12.5,31,0
Peshawar,2025-04-16,35.2,21.5,28.0,0.2,18.2,47,51
Peshawar,2025-04-17,35.0,21.3,28.2,0.3,10.1,49,51
Peshawar,2025-04-18,31.3,20.5,26.7,2.4,19.2,47,61
Peshawar,2025-04-19,25.4,18.5,21.9,8.1,14.3,66,63
Peshawar,2025-04-20,30.5,17.5,23.8,0.2,19.5,49,51
Peshawar,2025-04-21,34.2,16.7,25.7,0.0,17.9,35,3
Peshawar,2025-04-22,35.3,17.7,26.7,0.0,12.6,26,2
Peshawar,2025-04-23,35.9,17.8,27.2,0.0,8.4,27,3
Peshawar,2025-04-24,36.5,19.2,27.7,0.0,12.7,27,3
Peshawar,2025-04-25,36.2,18.8,27.7,0.0,10.7,25,3
Peshawar,2025-04-26,36.1,22.1,29.1,0.0,14.4,21,3
Peshawar,2025-04-27,39.2,20.2,30.1,0.0,10.8,21,0
Peshawar,2025-04-28,41.9,19.6,31.6,0.0,9.7,16,0
Peshawar,2025-04-29,40.4,20.8,31.5,0.0,11.7,24,3
Peshawar,2025-04-30,39.2,22.8,31.0,0.0,10.1,35,3
Peshawar,2025-05-01,36.7,23.6,29.8,0.2,16.7,41,51
Peshawar,2025-05-02,36.3,22.6,28.3,0.5,15.8,51,53
Peshawar,2025-05-03,31.5,21.9,26.8,1.2,21.6,55,51
Peshawar,2025-05-04,31.7,22.6,26.6,2.0,18.1,56,61
Peshawar,2025-05-05,34.2,21.1,27.5,0.2,12.9,54,51
Peshawar,2025-05-06,35.9,21.0,28.7,0.0,8.7,48,2
Peshawar,2025-05-07,35.8,21.8,29.3,0.7,11.0,47,53
Peshawar,2025-05-08,31.4,23.3,27.2,3.2,12.6,59,63
Peshawar,2025-05-09,30.7,22.4,25.6,3.4,10.8,69,63
Peshawar,2025-05-10,35.0,20.5,28.2,0.0,10.8,51,3
Peshawar,2025-05-11,35.8,21.8,28.6,0.2,12.3,44,51
Peshawar,2025-05-12,33.2,20.9,27.4,1.7,12.5,50,61
Peshawar,2025-05-13,38.0,21.2,29.8,0.0,10.2,35,1
Peshawar,2025-05-14,40.1,23.0,31.4,0.0,11.3,31,3
Peshawar,2025-05-15,42.3,23.0,32.8,0.0,11.1,29,0
Peshawar,2025-05-16,42.8,24.4,33.9,0.0,13.8,26,0
Peshawar,2025-05-17,43.2,24.5,33.9,0.0,11.4,26,0
Peshawar,2025-05-18,44.0,25.2,35.1,0.0,13.1,25,3
Peshawar,2025-05-19,42.2,27.4,34.6,0.0,10.6,25,2
Peshawar,2025-05-20,43.4,25.8,35.0,0.0,13.6,27,0
Peshawar,2025-05-21,45.1,25.6,36.2,0.0,18.2,19,0
Peshawar,2025-05-22,44.8,26.5,35.8,0.0,13.4,22,0
Peshawar,2025-05-23,42.5,27.2,34.5,0.0,16.3,32,3
Peshawar,2025-05-24,37.2,26.9,31.8,0.0,18.9,43,3
Peshawar,2025-05-25,37.8,23.9,30.7,0.0,11.1,45,2
Peshawar,2025-05-26,39.8,24.7,32.8,0.0,10.7,39,3
Peshawar,2025-05-27,36.6,26.6,30.5,0.5,20.0,50,51
Peshawar,2025-05-28,40.0,24.1,31.8,0.0,8.8,44,3
Peshawar,2025-05-29,37.0,23.9,30.1,2.8,30.2,44,61
Peshawar,2025-05-30,34.7,21.0,28.5,2.2,16.1,44,53
Peshawar,2025-05-31,32.2,21.1,27.1,0.4,12.8,49,51
Peshawar,2025-06-01,36.4,19.1,28.1,0.0,13.2,40,0
Peshawar,2025-06-02,37.2,19.5,29.5,0.0,14.4,30,1
Peshawar,2025-06-03,35.5,22.0,28.7,0.0,14.1,38,1
Peshawar,2025-06-04,35.3,21.8,28.4,0.0,12.1,42,1
Peshawar,2025-06-05,37.5,22.1,30.0,0.0,12.6,43,1
Peshawar,2025-06-06,40.0,25.0,32.3,0.0,14.9,42,2
Peshawar,2025-06-07,42.3,26.1,34.6,0.0,11.7,37,2
Peshawar,2025-06-08,43.3,26.3,35.0,0.0,11.0,28,2
Peshawar,2025-06-09,44.2,27.3,35.8,0.0,11.5,30,1
Peshawar,2025-06-10,45.7,27.5,37.0,0.0,10.4,26,1
Peshawar,2025-06-11,46.0,27.4,37.2,0.0,10.1,25,1
Peshawar,2025-06-12,46.1,27.5,36.9,0.0,16.2,25,3
Peshawar,2025-06-13,43.5,29.5,36.3,0.0,23.0,24,3
Peshawar,2025-06-14,40.9,29.1,35.2,0.0,14.2,26,3
Peshawar,2025-06-15,42.8,28.2,36.1,0.0,11.7,21,3
Peshawar,2025-06-16,41.1,28.8,34.5,0.0,13.4,32,3
Peshawar,2025-06-17,41.8,28.1,35.2,0.0,11.8,31,2
Peshawar,2025-06-18,43.2,28.4,35.1,0.0,14.8,40,0
Peshawar,2025-06-19,44.2,29.1,36.8,0.0,11.4,36,0
Peshawar,2025-06-20,44.8,30.7,37.8,0.0,10.3,36,1
Peshawar,2025-06-21,41.2,28.5,35.4,0.0,23.9,49,2
Peshawar,2025-06-22,39.1,27.2,32.7,0.1,11.3,58,51
Peshawar,2025-06-23,41.1,27.5,34.8,0.7,12.2,54,53
Peshawar,2025-06-24,43.5,30.2,36.3,0.0,14.0,52,1
Peshawar,2025-06-25,33.9,25.9,30.8,7.4,18.4,72,63
Peshawar,2025-06-26,30.2,24.7,27.7,18.5,13.4,85,63
Peshawar,2025-06-27,33.4,24.4,28.8,10.0,10.0,80,63
Peshawar,2025-06-28,34.5,24.5,29.4,23.5,11.3,79,63
Peshawar,2025-06-29,35.7,24.0,29.9,14.9,17.7,76,63
Peshawar,2025-06-30,35.5,24.6,29.9,1.9,15.9,71,53
Peshawar,2025-07-01,35.8,24.6,30.0,2.6,16.3,74,53
Peshawar,2025-07-02,31.6,24.9,27.7,3.4,10.5,85,53
Peshawar,2025-07-03,34.9,25.5,30.2,2.3,9.3,79,61
Peshawar,2025-07-04,35.8,27.5,31.2,0.6,10.9,75,51
Peshawar,2025-07-05,35.1,26.2,30.9,11.6,17.2,79,65
Peshawar,2025-07-06,33.0,26.2,29.2,12.2,24.1,83,65
Peshawar,2025-07-07,31.9,26.5,29.0,13.2,11.4,85,63
Peshawar,2025-07-08,32.6,24.5,28.6,8.7,17.2,83,63
Peshawar,2025-07-09,32.7,23.7,27.6,14.3,16.2,83,63
Peshawar,2025-07-10,29.0,23.7,25.9,13.2,12.8,88,63
Peshawar,2025-07-11,32.1,22.0,26.8,5.5,14.2,81,61
Peshawar,2025-07-12,34.0,22.5,28.5,2.5,9.2,78,61
Peshawar,2025-07-13,34.2,25.3,29.0,0.9,9.6,75,53
Peshawar,2025-07-14,32.3,23.9,27.6,15.4,16.7,79,65
Peshawar,2025-07-15,30.8,24.9,27.4,0.7,8.3,83,51
Peshawar,2025-07-16,29.6,24.2,26.5,3.5,9.3,83,55
Peshawar,2025-07-17,30.8,24.1,27.1,18.3,12.4,82,65
Peshawar,2025-07-18,33.5,23.6,28.7,0.1,7.9,79,51
Peshawar,2025-07-19,35.7,25.8,30.7,0.0,7.7,74,3
Peshawar,2025-07-20,35.9,26.0,31.4,0.0,10.4,76,1
Peshawar,2025-07-21,35.0,27.0,29.8,5.1,17.2,79,63
Peshawar,2025-07-22,31.9,26.0,28.3,2.5,13.7,82,53
Peshawar,2025-07-23,32.0,24.0,27.2,4.6,10.7,83,61
Peshawar,2025-07-24,33.4,24.4,28.7,2.7,6.0,78,61
Peshawar,2025-07-25,35.1,25.0,30.2,0.0,10.2,72,1
Peshawar,2025-07-26,36.3,26.6,31.4,0.0,9.0,70,1
Peshawar,2025-07-27,37.2,27.2,32.1,0.0,9.6,68,1
Peshawar,2025-07-28,37.2,28.2,32.3,0.0,12.6,72,1
Peshawar,2025-07-29,37.2,25.8,31.4,0.4,25.4,71,51
Peshawar,2025-07-30,32.8,23.8,27.9,9.3,18.1,80,63
Peshawar,2025-07-31,33.5,23.3,28.5,14.1,13.6,79,63
Peshawar,2025-08-01,32.3,23.4,27.9,8.9,19.9,82,61
Peshawar,2025-08-02,33.2,22.9,28.2,0.3,12.0,79,51
Peshawar,2025-08-03,34.0,25.3,29.5,1.7,11.3,79,53
Peshawar,2025-08-04,34.7,25.5,30.1,0.7,12.9,77,51
Peshawar,2025-08-05,35.5,26.5,30.3,0.1,17.8,73,51
Peshawar,2025-08-06,32.7,23.0,27.8,7.4,11.3,78,63
Peshawar,2025-08-07,33.8,24.4,29.4,2.9,11.3,74,61
Peshawar,2025-08-08,34.5,24.5,29.5,5.0,13.1,75,63
Peshawar,2025-08-09,33.3,23.9,28.6,17.3,9.8,80,63
Peshawar,2025-08-10,33.7,26.0,29.6,2.4,8.1,81,61
Peshawar,2025-08-11,34.7,25.3,30.0,8.4,9.4,81,63
Peshawar,2025-08-12,35.5,27.2,30.9,4.2,16.6,76,63
Peshawar,2025-08-13,34.0,26.5,29.8,2.2,13.3,82,53
Peshawar,2025-08-14,32.5,26.0,29.0,5.4,16.3,82,63
Peshawar,2025-08-15,31.0,24.2,27.4,7.5,12.3,86,63
Peshawar,2025-08-16,33.0,23.8,28.0,13.4,12.8,83,65
Peshawar,2025-08-17,31.1,24.1,27.1,16.7,13.1,86,63
Peshawar,2025-08-18,29.2,23.6,25.9,27.3,12.7,87,65
Peshawar,2025-08-19,30.8,22.9,26.1,25.9,8.8,85,63
Peshawar,2025-08-20,33.4,23.8,28.3,0.0,7.5,78,1
Peshawar,2025-08-21,32.6,23.5,28.1,11.3,12.2,81,63
Peshawar,2025-08-22,33.9,25.8,29.4,0.0,9.8,76,1
Peshawar,2025-08-23,32.3,23.8,27.8,9.9,23.2,84,61
Peshawar,2025-08-24,30.1,22.5,25.9,12.9,14.2,84,63
Peshawar,2025-08-25,33.5,21.5,27.6,1.6,15.6,77,55
Peshawar,2025-08-26,33.5,24.5,28.7,0.0,9.8,75,3
Peshawar,2025-08-27,33.0,23.5,28.1,0.0,10.3,74,2
Peshawar,2025-08-28,33.8,23.6,28.7,0.0,10.2,79,0
Peshawar,2025-08-29,34.5,24.5,29.6,5.2,26.2,77,63
Peshawar,2025-08-30,30.3,23.6,26.2,7.6,13.6,85,63
Peshawar,2025-08-31,32.4,23.3,27.3,4.6,13.1,83,61
Peshawar,2025-09-01,31.2,21.7,26.1,13.6,11.2,81,65
Peshawar,2025-09-02,31.8,22.0,26.4,3.8,15.0,79,55
Peshawar,2025-09-03,30.5,21.6,26.1,3.3,12.5,80,61
Peshawar,2025-09-04,33.0,23.5,27.8,0.0,8.5,73,2
Peshawar,2025-09-05,33.6,23.5,28.1,0.0,8.4,78,0
Peshawar,2025-09-06,34.2,24.2,28.8,0.0,8.5,76,1
Peshawar,2025-09-07,32.5,23.3,27.5,5.9,15.8,80,63
Peshawar,2025-09-08,33.8,23.6,28.0,0.4,10.9,76,51
Peshawar,2025-09-09,34.6,24.3,28.8,0.0,8.6,72,1
Peshawar,2025-09-10,34.8,24.9,29.0,0.0,12.7,70,0
Peshawar,2025-09-11,34.8,24.5,29.4,0.0,15.7,70,1
Peshawar,2025-09-12,34.1,25.1,29.5,0.3,10.9,74,51
Peshawar,2025-09-13,33.7,25.5,29.1,3.5,8.5,76,61
Peshawar,2025-09-14,34.3,26.0,29.9,0.0,12.4,73,1
Peshawar,2025-09-15,33.8,26.4,29.6,1.9,14.0,72,61
Peshawar,2025-09-16,33.1,24.0,28.5,0.0,9.4,68,3
Peshawar,2025-09-17,34.8,23.9,29.5,4.0,12.0,66,63
Peshawar,2025-09-18,31.4,23.7,27.1,1.9,13.2,70,55
Peshawar,2025-09-19,34.0,22.7,28.2,5.4,9.0,66,63
Peshawar,2025-09-20,34.2,23.8,28.7,0.0,9.5,66,1
Peshawar,2025-09-21,34.8,24.0,29.0,0.0,9.3,67,0
Peshawar,2025-09-22,35.0,24.4,29.4,0.0,8.5,68,0
Peshawar,2025-09-23,35.2,25.0,29.7,0.0,7.3,66,1
Peshawar,2025-09-24,35.2,24.8,29.3,0.0,8.1,65,0
Peshawar,2025-09-25,31.2,22.6,26.7,1.3,29.9,69,53
Peshawar,2025-09-26,34.4,20.9,27.2,0.0,5.9,64,0
Peshawar,2025-09-27,34.0,21.4,27.0,0.0,6.4,62,0
Peshawar,2025-09-28,33.1,21.0,26.6,0.0,7.7,66,0
Peshawar,2025-09-29,33.3,21.4,27.0,0.0,6.8,67,1
Peshawar,2025-09-30,34.0,22.0,27.3,0.0,8.4,66,0
Peshawar,2025-10-01,32.0,21.0,26.2,1.1,14.1,67,53
Peshawar,2025-10-02,32.0,21.1,25.8,0.1,12.8,68,51
Peshawar,2025-10-03,29.6,21.2,24.6,0.9,11.8,70,53
Peshawar,2025-10-04,31.0,19.8,25.1,0.4,7.6,70,51
Peshawar,2025-10-05,26.0,18.6,21.8,12.3,10.3,73,63
Peshawar,2025-10-06,22.5,16.2,18.4,11.6,13.4,80,63
Peshawar,2025-10-07,25.6,15.0,19.6,0.5,7.0,72,51
Peshawar,2025-10-08,28.0,15.3,20.9,0.0,2.0,63,0
Peshawar,2025-10-09,28.1,14.4,21.0,0.0,7.1,62,0
Peshawar,2025-10-10,29.5,15.4,22.0,0.0,7.5,61,1
Peshawar,2025-10-11,30.9,16.2,23.1,0.0,4.7,55,0
Peshawar,2025-10-12,30.5,14.8,22.2,0.0,7.6,58,0
Peshawar,2025-10-13,30.7,15.9,22.6,0.0,9.7,61,0
Peshawar,2025-10-14,30.6,17.3,23.0,0.0,10.5,64,0
Peshawar,2025-10-15,30.2,18.0,23.5,0.0,9.0,66,0
Peshawar,2025-10-16,31.6,17.9,24.0,0.0,8.5,66,0
Peshawar,2025-10-17,31.5,18.8,24.2,0.0,9.5,67,0
Peshawar,2025-10-18,31.1,18.8,24.3,0.0,10.1,66,3
Peshawar,2025-10-19,30.9,19.0,24.1,0.0,8.4,64,3
Peshawar,2025-10-20,30.4,17.1,23.3,0.0,7.1,64,0
Peshawar,2025-10-21,30.2,15.6,22.7,0.0,6.5,56,1
Peshawar,2025-10-22,30.0,14.5,21.9,0.0,5.6,53,0
Peshawar,2025-10-23,30.0,14.9,21.5,0.0,6.9,53,0
Peshawar,2025-10-24,29.2,14.6,21.3,0.0,8.7,57,0
Peshawar,2025-10-25,28.9,14.8,21.3,0.0,6.5,61,0
Peshawar,2025-10-26,28.9,16.2,21.8,0.0,5.9,59,2
Peshawar,2025-10-27,28.9,15.6,21.2,0.0,5.2,64,1
Peshawar,2025-10-28,28.4,16.1,21.3,0.0,4.5,61,0
Peshawar,2025-10-29,28.2,15.8,21.3,0.0,5.9,66,0
Peshawar,2025-10-30,29.2,16.3,21.5,0.0,3.2,66,0
Peshawar,2025-10-31,27.7,14.0,20.0,0.0,4.3,62,0
Peshawar,2025-11-01,28.2,14.9,20.6,0.0,5.5,63,0
Peshawar,2025-11-02,28.0,13.3,20.1,0.0,4.0,59,0
Peshawar,2025-11-03,27.6,13.1,19.7,0.0,5.7,59,0
Peshawar,2025-11-04,20.9,13.7,16.7,1.1,11.1,73,55
Peshawar,2025-11-05,24.4,11.1,16.5,0.0,14.9,43,0
Peshawar,2025-11-06,25.6,7.5,15.2,0.0,6.6,46,0
Peshawar,2025-11-07,25.0,5.6,14.8,0.0,4.4,48,0
Peshawar,2025-11-08,24.0,6.9,15.0,0.0,4.7,51,0
Peshawar,2025-11-09,24.1,7.3,15.2,0.0,4.1,55,0
Peshawar,2025-11-10,23.9,8.8,15.4,0.0,3.5,57,0
Peshawar,2025-11-11,23.5,8.4,15.3,0.0,3.5,56,0
Peshawar,2025-11-12,23.3,6.8,14.4,0.0,4.9,54,0
Peshawar,2025-11-13,23.0,7.3,14.3,0.0,4.1,55,0
Peshawar,2025-11-14,22.2,6.4,13.8,0.0,3.6,58,0
Peshawar,2025-11-15,22.5,6.9,14.0,0.0,4.0,59,0
Peshawar,2025-11-16,22.2,6.4,13.8,0.0,3.5,61,3
Peshawar,2025-11-17,22.0,8.1,14.1,0.0,5.7,65,3
Peshawar,2025-11-18,22.5,8.6,14.5,0.0,3.4,67,2
Peshawar,2025-11-19,21.8,9.1,14.5,0.0,4.6,70,0
Peshawar,2025-11-20,22.4,7.2,14.3,0.0,4.7,70,0
Peshawar,2025-11-21,21.8,7.5,13.8,0.0,3.1,61,0
Peshawar,2025-11-22,21.3,4.6,12.7,0.0,4.1,58,0
Peshawar,2025-11-23,20.9,7.6,12.9,0.0,4.5,69,0
Peshawar,2025-11-24,20.3,5.8,12.5,0.0,3.3,68,0
Peshawar,2025-11-25,20.1,4.9,11.9,0.0,3.2,63,0
Peshawar,2025-11-26,19.0,4.8,11.2,0.0,4.5,72,0
Peshawar,2025-11-27,19.8,6.1,11.8,0.0,3.4,63,0
Peshawar,2025-11-28,19.4,4.8,11.0,0.0,4.3,54,0
Peshawar,2025-11-29,18.7,3.8,10.4,0.0,4.4,49,0
Peshawar,2025-11-30,18.9,4.0,10.5,0.0,4.4,54,0
Peshawar,2025-12-01,18.8,3.8,10.3,0.0,4.5,55,3
Peshawar,2025-12-02,18.0,4.0,10.0,0.0,3.0,65,0
Peshawar,2025-12-03,18.5,3.5,10.3,0.0,3.7,50,3
Peshawar,2025-12-04,18.6,5.2,10.6,0.0,3.6,50,3
Peshawar,2025-12-05,18.4,6.3,11.3,0.0,4.5,69,3
Peshawar,2025-12-06,21.1,4.2,11.4,0.0,4.8,57,3
Peshawar,2025-12-07,19.4,5.2,11.4,0.0,3.4,58,0
Peshawar,2025-12-08,19.9,4.8,11.5,0.0,2.8,56,3
Peshawar,2025-12-09,19.6,3.8,11.3,0.0,4.4,58,3
Peshawar,2025-12-10,20.1,4.7,11.5,0.0,3.8,59,3
Peshawar,2025-12-11,20.2,6.0,12.1,0.0,4.3,66,3
Peshawar,2025-12-12,19.5,6.8,12.1,0.0,3.5,69,3
Peshawar,2025-12-13,19.4,8.2,12.5,0.0,5.0,73,3
Peshawar,2025-12-14,19.9,7.7,13.1,0.0,5.9,72,3
Peshawar,2025-12-15,19.9,7.8,13.1,0.0,4.5,68,3
Peshawar,2025-12-16,21.3,6.9,13.3,0.0,6.0,60,3
Peshawar,2025-12-17,20.0,7.6,13.1,0.0,3.6,59,3
Peshawar,2025-12-18,20.6,9.0,13.8,0.0,3.4,62,3
Peshawar,2025-12-19,21.2,6.6,12.8,0.0,4.6,62,3
Peshawar,2025-12-20,15.6,9.0,12.0,0.0,4.8,79,3
Peshawar,2025-12-21,15.9,9.8,12.6,0.1,8.5,81,51
Peshawar,2025-12-22,16.4,8.4,12.0,1.6,12.3,78,53
Peshawar,2025-12-23,19.0,4.9,10.7,0.0,8.0,65,2
Peshawar,2025-12-24,18.4,5.1,10.8,0.0,5.2,49,3
Peshawar,2025-12-25,17.5,2.2,9.3,0.0,5.5,55,3
Peshawar,2025-12-26,18.0,5.3,10.7,0.0,4.1,53,3
Peshawar,2025-12-27,18.0,3.3,10.0,0.0,5.4,51,3
Peshawar,2025-12-28,15.9,6.2,10.0,0.0,3.4,59,3
Peshawar,2025-12-29,18.6,5.8,11.5,0.0,5.6,62,3
Peshawar,2025-12-30,13.1,9.8,11.2,1.0,9.7,78,51
Peshawar,2025-12-31,13.6,7.1,9.9,6.3,5.9,88,61
Peshawar,2026-01-01,15.8,8.1,11.2,0.3,8.1,81,51
Peshawar,2026-01-02,18.0,4.5,10.2,0.0,7.2,75,3
Peshawar,2026-01-03,17.2,5.8,10.2,0.0,3.9,64,3
Peshawar,2026-01-04,16.1,5.4,9.4,0.3,6.2,83,51
Peshawar,2026-01-05,16.6,5.7,9.4,0.2,6.3,80,51
Peshawar,2026-01-06,15.9,2.1,8.1,0.0,6.0,60,0
Peshawar,2026-01-07,16.1,0.5,6.9,0.0,5.5,60,0
Peshawar,2026-01-08,16.9,1.1,7.0,0.0,5.7,56,0
Peshawar,2026-01-09,13.6,1.4,6.5,0.0,3.5,61,0
Peshawar,2026-01-10,14.4,1.2,6.5,0.0,3.6,56,0
Peshawar,2026-01-11,15.4,1.4,7.3,0.0,3.9,60,3
Peshawar,2026-01-12,14.1,3.7,7.5,0.0,4.0,65,3
Peshawar,2026-01-13,16.8,2.9,8.3,0.0,4.5,67,0
Peshawar,2026-01-14,16.1,2.7,8.1,0.0,3.5,68,3
Peshawar,2026-01-15,17.5,4.7,9.7,0.0,3.2,74,3
Peshawar,2026-01-16,16.0,4.1,9.2,0.0,8.0,79,3
Peshawar,2026-01-17,17.0,4.3,9.9,0.0,3.3,72,3
Peshawar,2026-01-18,19.0,4.0,10.3,0.0,6.1,66,3
Peshawar,2026-01-19,17.0,4.9,10.3,0.0,6.4,68,3
Peshawar,2026-01-20,17.4,5.3,10.2,0.0,9.6,79,3
Peshawar,2026-01-21,18.8,5.4,10.8,0.0,4.7,71,3
Peshawar,2026-01-22,10.4,7.1,8.4,20.0,12.5,88,63
Peshawar,2026-01-23,10.9,4.3,7.2,7.2,16.9,77,71
Peshawar,2026-01-24,13.1,4.3,7.9,0.0,5.5,76,3
Peshawar,2026-01-25,16.9,2.2,8.1,0.0,13.7,60,3
Peshawar,2026-01-26,13.6,5.4,9.3,0.4,4.9,62,51
Peshawar,2026-01-27,11.9,5.5,8.6,5.1,6.4,88,53
Peshawar,2026-01-28,16.5,2.6,8.7,0.0,4.9,77,1
Peshawar,2026-01-29,18.2,3.0,9.0,0.0,9.3,67,3
Peshawar,2026-01-30,18.9,4.9,10.3,0.0,6.4,58,3
Peshawar,2026-01-31,18.1,3.5,10.3,0.0,3.7,63,3
Peshawar,2026-02-01,18.0,5.8,11.0,0.0,5.1,65,3
Peshawar,2026-02-02,19.1,4.2,10.5,0.0,8.9,62,3
Peshawar,2026-02-03,19.0,5.8,11.3,0.0,8.5,63,1
Peshawar,2026-02-04,19.6,6.3,11.7,0.0,8.5,68,3
Peshawar,2026-02-05,20.5,6.3,11.7,0.0,3.1,61,3
Peshawar,2026-02-06,17.0,6.5,11.0,0.3,10.7,66,51
Peshawar,2026-02-07,20.6,3.5,11.5,0.0,5.4,62,0
Peshawar,2026-02-08,21.3,3.0,12.0,0.0,4.7,52,3
Peshawar,2026-02-09,18.8,8.6,12.9,6.2,11.6,63,63
Peshawar,2026-02-10,18.0,9.8,12.9,2.8,8.9,77,61
Peshawar,2026-02-11,21.7,5.4,12.8,0.0,9.6,68,3
Peshawar,2026-02-12,22.8,7.2,13.8,0.0,7.0,60,3
Peshawar,2026-02-13,23.1,9.1,15.1,0.0,3.6,68,3
Peshawar,2026-02-14,23.6,9.0,15.5,0.0,5.6,61,3
Peshawar,2026-02-15,24.2,7.1,15.1,0.0,4.5,59,3
Peshawar,2026-02-16,24.5,9.6,16.1,0.0,5.9,61,3
Peshawar,2026-02-17,24.1,10.8,16.3,0.0,8.3,63,3
Peshawar,2026-02-18,24.8,8.5,15.9,0.0,8.1,58,0
Peshawar,2026-02-19,25.2,10.1,16.6,0.0,4.8,64,0
Peshawar,2026-02-20,24.8,10.7,16.9,0.0,6.0,68,1
Peshawar,2026-02-21,24.8,9.8,17.3,0.0,7.8,64,2
Peshawar,2026-02-22,25.9,9.6,17.3,0.0,6.2,61,0
Peshawar,2026-02-23,26.3,10.5,17.8,0.0,7.3,60,0
Peshawar,2026-02-24,25.9,11.6,18.2,0.0,5.7,60,1
Peshawar,2026-02-25,25.7,12.0,18.6,0.0,5.1,60,1
Peshawar,2026-02-26,25.5,12.0,18.7,0.0,5.7,54,0
Peshawar,2026-02-27,26.0,12.3,18.8,0.0,5.6,54,2
Peshawar,2026-02-28,26.1,12.2,18.6,0.0,5.0,59,0
Peshawar,2026-03-01,27.5,10.9,18.7,0.0,8.5,53,0
Peshawar,2026-03-02,27.8,10.1,18.9,0.0,4.1,47,2
Peshawar,2026-03-03,29.0,12.1,20.1,0.0,4.6,47,3
Peshawar,2026-03-04,30.0,13.9,21.6,0.0,7.0,40,3
Peshawar,2026-03-05,31.0,14.2,22.0,0.0,7.5,49,3
Peshawar,2026-03-06,30.6,16.2,23.2,0.0,7.5,51,3
Peshawar,2026-03-07,27.5,15.9,21.9,0.0,7.0,53,3
Peshawar,2026-03-08,31.1,16.0,23.2,0.0,7.6,51,1
Peshawar,2026-03-09,26.5,17.8,21.8,0.5,18.9,50,51
Peshawar,2026-03-10,25.4,15.4,20.0,0.0,13.2,72,3
Peshawar,2026-03-11,24.5,16.4,20.0,8.0,8.0,79,63
Peshawar,2026-03-12,24.0,15.9,19.8,5.6,8.1,70,61
Peshawar,2026-03-13,26.6,12.6,19.8,0.0,11.5,59,3
Peshawar,2026-03-14,28.5,12.2,20.6,0.0,7.0,46,3
Peshawar,2026-03-15,20.5,13.4,17.6,2.4,13.1,65,53
Peshawar,2026-03-16,20.5,11.5,15.3,1.0,9.6,74,53
Peshawar,2026-03-17,21.1,13.1,17.0,11.2,15.1,64,63
Peshawar,2026-03-18,17.1,13.8,15.2,7.1,11.9,76,61
Peshawar,2026-03-19,19.0,12.8,14.8,7.3,9.4,82,61
Peshawar,2026-03-20,21.6,9.9,15.3,0.0,8.6,76,3
Peshawar,2026-03-21,22.9,12.2,16.8,0.1,13.3,76,51
Peshawar,2026-03-22,26.3,11.8,18.7,0.0,7.7,62,3
Peshawar,2026-03-23,26.7,13.6,19.6,0.0,12.6,59,3
Peshawar,2026-03-24,28.0,14.0,20.8,0.0,9.1,61,3
Peshawar,2026-03-25,28.5,14.8,20.6,9.5,25.4,67,63
Peshawar,2026-03-26,24.2,16.4,19.6,8.2,10.5,72,63
Peshawar,2026-03-27,28.9,13.4,20.7,0.0,8.2,67,3
Peshawar,2026-03-28,26.8,16.5,21.0,9.1,9.1,71,63
Peshawar,2026-03-29,22.6,16.8,19.4,2.7,11.0,78,53
Peshawar,2026-03-30,19.2,14.4,17.3,30.4,10.5,86,63
Peshawar,2026-03-31,25.4,13.2,18.9,0.0,12.1,72,3
Peshawar,2026-04-01,26.1,13.7,19.9,0.0,7.4,67,3
Peshawar,2026-04-02,25.3,16.8,20.4,2.0,11.6,65,55
Peshawar,2026-04-03,18.4,14.8,16.7,30.9,9.6,89,63
Peshawar,2026-04-04,22.3,13.9,17.0,27.3,11.1,81,63
Peshawar,2026-04-05,24.9,11.2,18.3,0.0,6.0,68,1
Peshawar,2026-04-06,24.9,13.4,18.6,3.3,15.1,71,61
Peshawar,2026-04-07,16.5,12.6,14.8,63.6,20.7,91,63
Peshawar,2026-04-08,19.1,11.4,14.9,8.4,14.7,71,63
Peshawar,2026-04-09,21.7,11.8,16.6,0.3,7.8,73,51
Peshawar,2026-04-10,24.5,11.9,18.4,0.0,9.7,69,3
Peshawar,2026-04-11,27.4,14.4,20.2,0.0,14.0,65,3
Peshawar,2026-04-12,27.4,14.2,20.4,0.0,8.3,65,0
Peshawar,2026-04-13,29.0,14.4,21.4,0.0,4.2,63,3
Peshawar,2026-04-14,30.5,14.9,22.8,0.0,5.3,59,1
Peshawar,2026-04-15,32.4,15.9,23.8,0.0,9.7,57,3
Peshawar,2026-04-16,30.5,17.2,23.9,0.7,17.2,59,53
Peshawar,2026-04-17,25.2,16.8,21.1,0.9,11.3,74,53
Peshawar,2026-04-18,26.8,17.7,21.6,0.0,6.7,74,3
Peshawar,2026-04-19,28.8,16.0,22.5,0.0,9.4,65,3
Peshawar,2026-04-20,31.8,16.6,24.1,0.0,8.6,60,3
Peshawar,2026-04-21,34.0,16.8,25.3,0.0,5.1,58,3
Peshawar,2026-04-22,34.2,19.2,26.7,0.0,17.3,56,3
Quetta,2024-04-22,20.7,9.7,15.7,0.0,15.9,53,1
Quetta,2024-04-23,22.6,12.4,17.6,0.0,9.7,41,0
Quetta,2024-04-24,24.4,12.0,18.4,0.1,14.6,43,51
Quetta,2024-04-25,20.8,12.3,16.9,2.8,11.6,57,53
Quetta,2024-04-26,19.3,11.6,14.8,6.2,14.5,72,61
Quetta,2024-04-27,16.5,10.2,13.4,2.2,17.7,78,53
Quetta,2024-04-28,16.9,10.6,13.5,0.0,19.1,57,1
Quetta,2024-04-29,15.7,6.5,11.5,0.0,20.2,47,0
Quetta,2024-04-30,14.9,6.3,11.0,0.0,18.6,40,0
Quetta,2024-05-01,19.5,8.5,13.7,0.0,16.2,42,0
Quetta,2024-05-02,24.3,12.1,18.3,0.0,9.6,32,3
Quetta,2024-05-03,23.1,14.1,17.9,1.6,15.0,54,53
Quetta,2024-05-04,26.3,13.2,19.0,0.0,14.2,51,3
Quetta,2024-05-05,25.3,13.4,20.1,0.2,13.5,49,51
Quetta,2024-05-06,28.3,15.6,22.1,0.0,15.6,32,0
Quetta,2024-05-07,29.5,17.0,23.7,0.0,9.5,24,0
Quetta,2024-05-08,31.1,20.1,25.7,0.0,14.5,19,2
Quetta,2024-05-09,31.5,17.7,24.7,0.5,14.9,27,53
Quetta,2024-05-10,30.0,18.5,23.7,0.4,16.1,36,51
Quetta,2024-05-11,28.7,17.1,22.9,0.0,19.8,31,1
Quetta,2024-05-12,26.2,14.4,20.9,0.0,14.2,18,0
Quetta,2024-05-13,29.3,17.2,23.0,0.0,14.8,17,1
Quetta,2024-05-14,31.4,16.1,24.1,0.0,17.5,29,2
Quetta,2024-05-15,31.5,17.9,24.2,0.1,24.0,33,51
Quetta,2024-05-16,30.7,17.9,24.4,0.0,12.2,32,2
Quetta,2024-05-17,31.6,18.5,25.7,0.1,11.8,30,51
Quetta,2024-05-18,28.9,19.6,23.1,0.4,15.1,43,51
Quetta,2024-05-19,29.5,18.0,24.2,0.0,11.6,35,2
Quetta,2024-05-20,30.7,20.6,25.9,0.0,16.7,25,1
Quetta,2024-05-21,31.1,17.8,25.7,0.0,14.0,22,0
Quetta,2024-05-22,32.0,21.6,27.1,0.0,12.4,14,0
Quetta,2024-05-23,34.3,21.4,28.5,0.0,20.3,13,2
Quetta,2024-05-24,34.5,21.4,28.4,0.0,18.7,18,3
Quetta,2024-05-25,35.0,20.5,28.6,0.0,24.7,20,2
Quetta,2024-05-26,34.1,23.1,28.8,0.0,24.0,16,0
Quetta,2024-05-27,34.1,22.7,28.4,0.0,28.8,17,0
Quetta,2024-05-28,33.0,21.6,27.5,0.0,22.9,14,0
Quetta,2024-05-29,31.8,18.8,26.7,0.0,24.5,10,0
Quetta,2024-05-30,32.2,21.1,26.5,0.0,19.3,12,0
Quetta,2024-05-31,30.6,20.6,26.3,0.0,16.6,12,0
Quetta,2024-06-01,33.9,21.5,27.3,0.0,20.3,11,0
Quetta,2024-06-02,34.5,21.3,28.4,0.0,12.9,9,0
Quetta,2024-06-03,34.7,19.4,27.7,0.0,17.4,15,0
Quetta,2024-06-04,35.6,20.2,28.9,0.0,23.5,12,3
Quetta,2024-06-05,31.9,20.9,27.5,0.0,22.6,17,3
Quetta,2024-06-06,32.2,19.7,26.8,0.0,19.5,19,1
Quetta,2024-06-07,30.0,18.7,25.4,0.0,21.1,24,2
Quetta,2024-06-08,30.2,18.6,24.6,0.0,14.7,23,1
Quetta,2024-06-09,31.9,16.5,25.1,0.0,15.7,25,0
Quetta,2024-06-10,31.9,17.8,26.1,0.0,13.0,13,0
Quetta,2024-06-11,33.2,20.3,27.5,0.0,12.2,10,0
Quetta,2024-06-12,34.6,19.7,27.9,0.0,17.3,12,0
Quetta,2024-06-13,34.5,19.5,27.9,0.0,20.2,18,1
Quetta,2024-06-14,36.5,20.0,28.1,0.0,26.6,26,3
Quetta,2024-06-15,35.4,20.5,28.1,0.0,21.3,30,3
Quetta,2024-06-16,36.0,20.4,29.0,0.0,17.6,31,3
Quetta,2024-06-17,35.0,25.1,30.4,0.0,18.1,14,0
Quetta,2024-06-18,34.0,20.8,28.7,0.0,16.7,15,0
Quetta,2024-06-19,34.4,22.0,29.0,0.0,17.3,16,0
Quetta,2024-06-20,34.6,22.6,28.9,0.0,18.3,15,0
Quetta,2024-06-21,31.4,19.8,25.5,0.1,20.8,46,51
Quetta,2024-06-22,33.1,18.5,25.6,0.1,13.9,45,51
Quetta,2024-06-23,34.2,19.6,27.5,0.0,16.9,33,3
Quetta,2024-06-24,34.3,20.5,28.2,0.0,17.3,28,1
Quetta,2024-06-25,35.9,21.1,28.4,0.0,13.0,26,0
Quetta,2024-06-26,35.8,21.8,29.0,0.0,19.7,26,3
Quetta,2024-06-27,36.1,22.3,29.5,0.0,20.9,29,1
Quetta,2024-06-28,34.5,22.5,28.5,0.0,17.3,43,3
Quetta,2024-06-29,37.0,21.9,28.9,0.0,17.4,45,2
Quetta,2024-06-30,38.3,22.2,30.4,0.0,17.1,39,1
Quetta,2024-07-01,37.7,22.2,30.5,0.0,18.1,39,0
Quetta,2024-07-02,36.6,22.0,30.3,0.0,14.0,39,0
Quetta,2024-07-03,39.0,21.8,30.6,0.0,17.4,41,2
Quetta,2024-07-04,39.7,23.2,31.3,0.0,18.2,48,1
Quetta,2024-07-05,38.7,23.8,32.0,0.0,16.9,40,3
Quetta,2024-07-06,35.2,22.5,29.5,0.0,18.1,35,0
Quetta,2024-07-07,35.2,20.7,28.1,0.0,13.4,46,1
Quetta,2024-07-08,34.3,20.6,27.4,0.0,16.3,51,1
Quetta,2024-07-09,36.1,21.4,28.4,0.0,17.0,47,3
Quetta,2024-07-10,36.9,21.2,29.4,0.0,15.6,44,0
Quetta,2024-07-11,36.0,23.1,29.9,0.0,14.0,32,1
Quetta,2024-07-12,35.5,21.0,29.0,0.0,17.8,35,0
Quetta,2024-07-13,34.2,22.2,27.9,0.0,17.6,44,1
Quetta,2024-07-14,32.9,20.7,27.0,0.0,12.1,46,0
Quetta,2024-07-15,34.4,21.4,27.9,0.0,17.4,50,2
Quetta,2024-07-16,36.5,22.0,29.4,0.0,16.6,42,0
Quetta,2024-07-17,36.5,22.3,29.9,0.0,12.9,38,0
Quetta,2024-07-18,35.1,22.2,29.0,0.0,15.9,35,0
Quetta,2024-07-19,35.4,21.6,28.0,0.0,21.5,52,2
Quetta,2024-07-20,35.0,21.8,27.9,0.0,19.4,53,3
Quetta,2024-07-21,36.9,21.8,28.5,0.0,17.9,48,3
Quetta,2024-07-22,37.3,21.4,29.4,0.0,13.4,44,2
Quetta,2024-07-23,37.4,22.8,29.9,0.0,16.3,40,0
Quetta,2024-07-24,36.2,22.0,29.1,0.0,15.5,43,0
Quetta,2024-07-25,37.1,21.5,28.6,0.0,15.7,49,3
Quetta,2024-07-26,37.0,21.8,29.3,0.0,18.7,46,3
Quetta,2024-07-27,39.1,23.3,31.0,0.0,15.7,40,3
Quetta,2024-07-28,39.3,23.6,30.5,0.0,21.3,51,3
Quetta,2024-07-29,37.8,23.7,29.8,0.0,19.1,53,3
Quetta,2024-07-30,32.3,24.2,28.4,0.4,17.8,59,51
Quetta,2024-07-31,36.1,23.1,29.2,0.0,13.2,54,3
Quetta,2024-08-01,37.0,24.8,29.9,0.0,16.9,47,3
Quetta,2024-08-02,33.3,24.2,27.8,0.9,18.5,62,51
Quetta,2024-08-03,30.8,22.7,26.4,0.7,13.4,64,51
Quetta,2024-08-04,29.6,22.6,25.9,1.8,12.7,67,53
Quetta,2024-08-05,29.4,21.8,25.6,2.8,17.3,69,61
Quetta,2024-08-06,33.3,22.5,26.5,9.7,15.2,66,65
Quetta,2024-08-07,33.6,22.4,27.2,0.3,14.2,61,51
Quetta,2024-08-08,35.0,21.4,28.1,0.0,13.5,59,3
Quetta,2024-08-09,36.5,21.9,29.1,0.0,16.8,46,3
Quetta,2024-08-10,36.1,22.1,29.6,0.0,16.6,39,0
Quetta,2024-08-11,36.8,24.4,30.2,0.0,17.6,33,2
Quetta,2024-08-12,34.0,22.9,27.5,0.1,25.8,63,51
Quetta,2024-08-13,37.1,21.8,29.2,0.0,15.3,46,3
Quetta,2024-08-14,37.2,21.7,29.1,0.0,16.3,51,3
Quetta,2024-08-15,37.8,22.4,29.2,0.0,17.1,53,1
Quetta,2024-08-16,32.2,22.6,27.0,2.2,17.1,64,61
Quetta,2024-08-17,30.0,22.2,25.6,0.9,16.5,66,53
Quetta,2024-08-18,30.5,22.0,25.4,0.5,19.9,67,51
Quetta,2024-08-19,33.8,20.9,26.9,0.3,11.0,56,51
Quetta,2024-08-20,33.4,19.8,26.8,0.0,16.6,45,1
Quetta,2024-08-21,32.4,18.0,25.4,0.0,16.2,52,3
Quetta,2024-08-22,32.3,18.7,25.5,0.0,18.7,47,0
Quetta,2024-08-23,33.0,17.6,25.5,0.0,16.8,39,0
Quetta,2024-08-24,33.0,18.0,25.5,0.0,15.2,46,2
Quetta,2024-08-25,33.4,18.5,26.6,0.0,15.0,38,0
Quetta,2024-08-26,34.1,18.4,26.6,0.0,15.5,41,0
Quetta,2024-08-27,31.3,19.7,25.4,0.1,25.8,56,51
Quetta,2024-08-28,33.3,19.9,25.2,0.1,22.4,59,51
Quetta,2024-08-29,29.0,19.5,24.5,0.1,16.0,62,51
Quetta,2024-08-30,26.5,20.6,22.6,16.4,12.4,73,63
Quetta,2024-08-31,26.1,19.7,22.4,3.7,14.2,77,61
Quetta,2024-09-01,28.5,18.5,23.0,0.5,10.3,74,51
Quetta,2024-09-02,30.0,19.6,24.4,0.6,12.7,67,51
Quetta,2024-09-03,31.0,17.3,23.3,0.0,13.7,71,3
Quetta,2024-09-04,31.3,17.0,24.2,0.0,12.7,49,3
Quetta,2024-09-05,32.1,19.2,26.0,0.0,14.2,17,0
Quetta,2024-09-06,32.7,19.4,25.9,0.0,12.3,23,0
Quetta,2024-09-07,33.1,18.2,26.2,0.0,13.0,29,0
Quetta,2024-09-08,33.7,19.6,26.6,0.0,18.1,21,0
Quetta,2024-09-09,31.7,17.8,24.8,0.0,15.6,13,0
Quetta,2024-09-10,31.1,17.4,23.7,0.0,16.4,13,0
Quetta,2024-09-11,31.4,18.0,24.4,0.0,15.8,15,0
Quetta,2024-09-12,30.3,19.0,24.9,0.0,15.6,14,0
Quetta,2024-09-13,30.0,17.7,24.1,0.0,14.5,12,0
Quetta,2024-09-14,28.7,15.1,22.1,0.0,15.2,16,0
Quetta,2024-09-15,29.3,14.4,22.2,0.0,13.8,29,0
Quetta,2024-09-16,29.7,16.1,23.3,0.0,12.7,30,2
Quetta,2024-09-17,30.8,19.4,24.8,0.0,20.6,24,1
Quetta,2024-09-18,30.1,19.5,24.8,0.0,10.6,22,0
Quetta,2024-09-19,31.5,16.5,24.3,0.0,14.9,43,0
Quetta,2024-09-20,32.3,18.3,25.6,0.0,12.3,28,0
Quetta,2024-09-21,33.8,20.0,26.6,0.0,18.5,19,0
Quetta,2024-09-22,33.5,19.0,26.4,0.0,15.5,30,0
Quetta,2024-09-23,34.1,18.7,26.4,0.0,13.8,34,0
Quetta,2024-09-24,34.3,20.4,27.5,0.0,12.2,24,0
Quetta,2024-09-25,34.0,22.2,27.8,0.0,10.4,17,0
Quetta,2024-09-26,32.5,17.5,25.7,0.0,10.6,34,0
Quetta,2024-09-27,30.9,16.3,24.3,0.0,17.1,37,0
Quetta,2024-09-28,30.0,17.6,23.7,0.0,18.0,26,0
Quetta,2024-09-29,30.3,17.1,23.5,0.0,17.0,40,1
Quetta,2024-09-30,29.9,16.7,23.6,0.0,13.5,42,0
Quetta,2024-10-01,28.8,17.5,23.8,0.0,15.9,26,0
Quetta,2024-10-02,29.0,17.2,23.6,0.0,20.6,24,0
Quetta,2024-10-03,28.8,17.4,23.4,0.0,15.5,20,0
Quetta,2024-10-04,29.1,16.8,23.5,0.0,12.6,19,0
Quetta,2024-10-05,29.8,15.8,23.1,0.0,12.8,21,2
Quetta,2024-10-06,28.3,15.1,21.7,0.0,17.3,54,1
Quetta,2024-10-07,22.8,16.4,19.7,2.4,14.9,62,61
Quetta,2024-10-08,23.3,13.9,18.8,0.0,16.8,44,0
Quetta,2024-10-09,23.8,12.6,18.5,0.0,15.4,32,0
Quetta,2024-10-10,23.8,12.6,18.4,0.0,11.7,23,0
Quetta,2024-10-11,24.3,15.5,19.7,0.0,11.9,17,0
Quetta,2024-10-12,26.0,15.9,20.0,0.0,11.6,17,0
Quetta,2024-10-13,26.1,14.8,19.9,0.0,14.1,20,0
Quetta,2024-10-14,25.6,13.2,19.7,0.0,10.8,21,0
Quetta,2024-10-15,26.0,12.5,20.1,0.0,9.6,20,0
Quetta,2024-10-16,26.5,15.4,21.3,0.0,15.5,16,3
Quetta,2024-10-17,26.1,17.2,21.3,0.0,13.3,18,0
Quetta,2024-10-18,25.5,15.8,20.0,0.0,12.3,21,0
Quetta,2024-10-19,24.8,15.1,19.5,0.0,10.1,19,0
Quetta,2024-10-20,25.2,14.5,19.9,0.0,13.3,20,0
Quetta,2024-10-21,25.9,13.8,19.9,0.0,9.7,22,0
Quetta,2024-10-22,26.1,12.5,19.2,0.0,13.2,33,2
Quetta,2024-10-23,25.9,13.8,19.7,0.1,12.1,41,51
Quetta,2024-10-24,25.6,13.6,19.9,0.0,14.2,40,0
Quetta,2024-10-25,27.0,15.6,21.1,0.0,16.6,32,0
Quetta,2024-10-26,26.6,14.4,20.7,0.0,16.1,36,0
Quetta,2024-10-27,25.2,15.5,20.1,0.0,9.3,35,0
Quetta,2024-10-28,23.8,14.4,19.0,0.0,14.8,33,0
Quetta,2024-10-29,22.7,13.8,18.1,0.0,12.0,36,0
Quetta,2024-10-30,22.4,13.2,17.8,0.0,12.3,31,3
Quetta,2024-10-31,22.8,14.7,18.2,0.0,12.7,20,3
Quetta,2024-11-01,23.7,13.3,18.4,0.0,15.7,23,3
Quetta,2024-11-02,24.8,14.4,19.3,0.0,12.8,27,0
Quetta,2024-11-03,25.7,14.8,20.4,0.0,11.3,26,0
Quetta,2024-11-04,26.2,16.5,20.9,0.0,11.5,26,0
Quetta,2024-11-05,26.4,15.2,20.6,0.0,10.9,27,0
Quetta,2024-11-06,27.2,15.0,21.3,0.0,10.9,27,0
Quetta,2024-11-07,25.9,14.3,20.4,0.0,13.3,22,0
Quetta,2024-11-08,24.6,13.6,19.1,0.0,13.6,27,0
Quetta,2024-11-09,23.6,13.9,18.5,0.0,10.8,30,2
Quetta,2024-11-10,22.1,12.8,17.2,0.0,13.8,31,1
Quetta,2024-11-11,19.5,10.8,15.0,0.0,17.5,34,3
Quetta,2024-11-12,18.7,9.2,13.1,0.0,8.8,33,3
Quetta,2024-11-13,20.6,8.1,13.4,0.0,8.5,26,3
Quetta,2024-11-14,21.5,8.8,14.1,0.0,12.8,30,3
Quetta,2024-11-15,17.3,7.5,12.0,0.0,12.1,44,2
Quetta,2024-11-16,16.5,5.5,10.5,0.0,15.2,53,0
Quetta,2024-11-17,17.8,5.9,11.4,0.0,12.2,44,0
Quetta,2024-11-18,18.3,6.2,11.7,0.0,11.7,37,0
Quetta,2024-11-19,18.3,5.7,11.8,0.0,11.4,36,0
Quetta,2024-11-20,19.6,7.8,12.8,0.0,8.1,35,1
Quetta,2024-11-21,20.0,7.6,13.4,0.0,10.3,35,0
Quetta,2024-11-22,19.7,7.3,13.3,0.0,12.0,39,2
Quetta,2024-11-23,18.2,7.0,12.2,0.0,18.9,42,1
Quetta,2024-11-24,17.3,5.0,10.8,0.0,9.9,36,1
Quetta,2024-11-25,19.0,7.5,12.6,0.0,15.3,39,2
Quetta,2024-11-26,18.8,6.2,12.0,0.0,13.9,44,1
Quetta,2024-11-27,19.3,6.1,12.0,0.0,10.4,35,0
Quetta,2024-11-28,21.5,8.2,13.7,0.0,11.3,37,1
Quetta,2024-11-29,16.5,7.7,11.2,11.4,13.7,75,63
Quetta,2024-11-30,17.1,6.7,11.2,0.5,9.3,71,51
Quetta,2024-12-01,14.5,5.8,9.5,1.0,11.7,72,51
Quetta,2024-12-02,14.0,5.4,8.5,0.1,12.0,66,51
Quetta,2024-12-03,13.5,4.1,8.0,0.0,9.2,53,0
Quetta,2024-12-04,13.0,3.5,7.3,0.0,10.1,52,0
Quetta,2024-12-05,12.0,1.6,6.2,0.0,12.4,48,0
Quetta,2024-12-06,12.1,0.6,5.3,0.0,10.5,49,0
Quetta,2024-12-07,10.4,0.9,4.6,0.0,14.5,39,0
Quetta,2024-12-08,6.8,-1.7,2.4,0.0,16.5,47,0
Quetta,2024-12-09,10.0,-1.5,3.2,0.0,8.0,44,3
Quetta,2024-12-10,11.7,1.6,5.4,0.0,9.1,25,0
Quetta,2024-12-11,8.0,-1.6,3.2,0.0,17.3,40,1
Quetta,2024-12-12,8.3,-3.2,1.8,0.0,6.3,51,0
Quetta,2024-12-13,14.3,1.3,6.1,0.0,8.4,32,3
Quetta,2024-12-14,16.4,1.6,7.1,0.0,10.4,33,3
Quetta,2024-12-15,15.4,2.3,8.0,0.0,10.5,41,3
Quetta,2024-12-16,8.4,-0.2,4.8,0.3,9.4,65,51
Quetta,2024-12-17,10.5,-3.0,2.4,0.0,6.9,49,0
Quetta,2024-12-18,10.0,-1.2,3.7,0.0,9.7,41,3
Quetta,2024-12-19,11.9,-0.0,4.5,0.0,6.8,33,0
Quetta,2024-12-20,11.4,0.2,4.9,0.0,6.2,29,0
Quetta,2024-12-21,13.8,1.0,5.9,0.0,6.9,32,3
Quetta,2024-12-22,11.1,-0.6,4.2,0.0,9.2,41,3
Quetta,2024-12-23,8.6,-0.0,3.2,0.0,7.7,45,0
Quetta,2024-12-24,10.0,-0.5,3.7,0.0,6.7,45,0
Quetta,2024-12-25,12.6,0.3,5.1,0.0,4.6,40,0
Quetta,2024-12-26,10.3,-0.1,4.2,0.0,11.0,39,0
Quetta,2024-12-27,9.1,-0.8,3.0,0.0,9.7,46,0
Quetta,2024-12-28,10.3,-1.7,3.5,0.0,5.1,42,0
Quetta,2024-12-29,15.0,1.4,6.3,0.0,9.7,33,1
Quetta,2024-12-30,14.4,2.1,7.4,0.0,6.8,34,3
Quetta,2024-12-31,16.7,4.4,9.5,0.4,4.8,42,51
Quetta,2025-01-01,17.2,5.4,10.3,0.3,10.5,63,51
Quetta,2025-01-02,15.8,5.2,9.6,0.0,11.2,68,3
Quetta,2025-01-03,11.6,2.5,6.6,3.1,12.5,82,71
Quetta,2025-01-04,4.5,-3.0,1.0,0.1,13.1,73,51
Quetta,2025-01-05,6.2,-3.8,-0.1,0.0,7.7,70,0
Quetta,2025-01-06,7.5,-3.0,1.4,0.0,7.3,58,0
Quetta,2025-01-07,11.6,-0.6,4.5,0.0,6.6,42,2
Quetta,2025-01-08,13.0,1.9,6.3,0.0,8.1,46,3
Quetta,2025-01-09,17.0,2.4,7.9,0.0,9.2,51,3
Quetta,2025-01-10,13.8,0.1,6.6,0.1,14.4,51,51
Quetta,2025-01-11,11.6,0.4,5.2,0.0,10.1,64,0
Quetta,2025-01-12,12.8,0.6,5.6,0.0,6.6,52,3
Quetta,2025-01-13,13.7,2.7,7.1,0.0,6.6,36,3
Quetta,2025-01-14,12.5,2.0,6.5,0.0,12.1,39,3
Quetta,2025-01-15,8.7,0.2,3.9,0.3,15.9,61,71
Quetta,2025-01-16,9.1,-2.0,2.6,0.0,6.9,67,0
Quetta,2025-01-17,10.1,-0.8,3.9,0.0,18.0,58,3
Quetta,2025-01-18,11.3,0.4,4.9,7.6,15.3,67,73
Quetta,2025-01-19,9.0,2.3,4.8,13.7,9.1,87,73
Quetta,2025-01-20,10.8,2.1,6.0,14.7,12.8,84,75
Quetta,2025-01-21,12.0,-0.9,5.0,0.3,8.1,75,51
Quetta,2025-01-22,8.5,0.2,3.6,1.6,16.6,74,73
Quetta,2025-01-23,7.9,0.1,3.1,0.0,9.8,71,3
Quetta,2025-01-24,12.0,-0.7,4.4,0.0,6.6,57,0
Quetta,2025-01-25,13.2,1.9,6.5,0.0,7.8,47,0
Quetta,2025-01-26,14.5,2.9,7.4,0.0,8.0,40,0
Quetta,2025-01-27,14.3,2.3,7.1,0.0,5.7,39,0
Quetta,2025-01-28,16.4,3.1,9.0,0.6,10.2,38,73
Quetta,2025-01-29,10.9,3.1,6.9,0.3,15.4,66,51
Quetta,2025-01-30,7.0,-2.2,1.5,0.0,10.6,71,1
Quetta,2025-01-31,7.1,-3.0,1.1,0.0,11.1,71,1
Quetta,2025-02-01,8.9,-2.5,2.2,0.0,10.1,65,0
Quetta,2025-02-02,13.0,-1.4,4.5,0.0,14.8,49,0
Quetta,2025-02-03,10.0,-0.9,3.4,0.9,14.8,57,73
Quetta,2025-02-04,8.2,-1.5,2.7,0.0,10.7,54,1
Quetta,2025-02-05,9.1,-2.1,2.8,0.0,10.4,46,0
Quetta,2025-02-06,13.3,-0.2,5.6,0.0,8.1,31,3
Quetta,2025-02-07,16.3,1.1,8.5,0.2,14.2,38,51
Quetta,2025-02-08,16.5,3.9,9.2,0.8,12.4,50,53
Quetta,2025-02-09,16.3,2.0,8.1,3.2,14.2,50,73
Quetta,2025-02-10,13.1,3.5,7.9,8.5,13.3,69,75
Quetta,2025-02-11,12.3,2.6,6.6,0.0,14.8,58,1
Quetta,2025-02-12,13.2,1.1,6.4,0.0,10.9,43,0
Quetta,2025-02-13,15.9,3.4,9.8,0.0,11.4,39,3
Quetta,2025-02-14,15.6,7.5,11.0,1.1,10.4,52,53
Quetta,2025-02-15,16.1,4.8,10.0,1.7,11.8,60,61
Quetta,2025-02-16,12.6,5.6,8.6,0.9,16.7,55,53
Quetta,2025-02-17,15.9,1.7,9.0,0.0,7.5,47,3
Quetta,2025-02-18,16.4,4.2,10.0,1.4,16.5,60,53
Quetta,2025-02-19,12.1,4.3,7.6,8.7,16.8,72,73
Quetta,2025-02-20,12.0,-0.3,5.8,0.0,10.4,58,3
Quetta,2025-02-21,13.5,2.9,7.7,5.0,16.3,66,61
Quetta,2025-02-22,14.3,2.1,6.5,11.4,7.8,77,75
Quetta,2025-02-23,18.5,2.4,9.5,0.0,9.7,67,3
Quetta,2025-02-24,17.2,3.6,9.9,12.2,14.8,82,63
Quetta,2025-02-25,17.0,7.3,12.2,6.8,20.2,71,63
Quetta,2025-02-26,15.6,6.6,11.2,0.8,17.3,68,53
Quetta,2025-02-27,11.6,7.4,9.3,17.0,12.8,83,63
Quetta,2025-02-28,13.1,5.1,8.3,0.0,11.4,56,3
Quetta,2025-03-01,16.0,2.3,8.3,0.0,8.9,37,0
Quetta,2025-03-02,16.9,3.6,8.8,2.4,18.8,66,53
Quetta,2025-03-03,9.7,0.7,5.7,4.8,25.3,61,73
Quetta,2025-03-04,11.6,-4.1,3.3,0.0,9.4,39,1
Quetta,2025-03-05,16.2,0.6,7.8,0.0,14.0,31,3
Quetta,2025-03-06,17.2,3.8,9.9,0.0,14.1,48,3
Quetta,2025-03-07,17.9,5.5,11.3,0.0,23.5,60,3
Quetta,2025-03-08,19.0,4.6,11.7,0.0,15.4,54,3
Quetta,2025-03-09,21.2,7.2,13.7,0.0,10.6,49,3
Quetta,2025-03-10,23.6,8.4,16.1,0.0,16.9,46,3
Quetta,2025-03-11,23.2,11.8,16.6,1.1,12.4,52,53
Quetta,2025-03-12,19.8,9.8,13.7,2.3,19.6,59,53
Quetta,2025-03-13,18.0,6.7,11.6,5.9,17.8,60,63
Quetta,2025-03-14,15.6,5.5,10.3,0.0,16.8,58,3
Quetta,2025-03-15,15.1,4.8,9.9,0.4,13.2,50,51
Quetta,2025-03-16,17.8,4.5,10.9,0.0,13.6,42,0
Quetta,2025-03-17,19.7,4.8,12.2,0.0,10.2,27,3
Quetta,2025-03-18,19.6,5.9,12.7,0.0,14.4,25,3
Quetta,2025-03-19,20.1,5.9,13.1,0.0,10.7,35,3
Quetta,2025-03-20,21.3,7.0,14.2,0.0,15.4,31,0
Quetta,2025-03-21,23.0,8.1,15.4,0.0,12.1,20,0
Quetta,2025-03-22,24.6,8.6,16.4,0.0,9.2,22,2
Quetta,2025-03-23,27.0,9.4,17.8,0.0,10.8,27,2
Quetta,2025-03-24,27.5,9.9,18.3,0.0,16.2,29,3
Quetta,2025-03-25,23.5,11.9,16.6,1.4,13.8,44,51
Quetta,2025-03-26,16.5,6.5,11.4,0.8,16.6,57,53
Quetta,2025-03-27,12.4,1.5,7.3,0.0,23.6,37,0
Quetta,2025-03-28,16.0,-0.1,7.6,0.0,15.5,32,2
Quetta,2025-03-29,19.7,4.2,11.5,0.0,14.3,29,3
Quetta,2025-03-30,20.9,5.8,13.2,0.0,14.0,29,0
Quetta,2025-03-31,22.3,7.3,14.8,0.0,10.7,27,0
Quetta,2025-04-01,23.5,8.2,15.9,0.0,11.5,23,0
Quetta,2025-04-02,25.2,10.9,17.3,0.0,16.0,26,3
Quetta,2025-04-03,24.6,9.3,17.4,0.0,21.7,27,0
Quetta,2025-04-04,29.4,11.9,20.0,0.0,16.7,24,3
Quetta,2025-04-05,29.2,13.5,21.6,0.0,19.4,24,3
Quetta,2025-04-06,30.0,14.5,22.6,0.0,22.2,23,0
Quetta,2025-04-07,31.2,15.2,23.5,0.0,17.7,22,3
Quetta,2025-04-08,32.3,16.5,24.2,0.0,11.2,19,3
Quetta,2025-04-09,29.2,17.6,22.7,0.5,12.8,26,53
Quetta,2025-04-10,27.3,14.5,21.0,0.0,20.0,24,1
Quetta,2025-04-11,28.2,12.6,20.5,0.0,15.5,14,0
Quetta,2025-04-12,30.4,13.4,21.9,0.0,13.3,15,0
Quetta,2025-04-13,32.0,14.3,23.1,0.0,15.1,27,0
Quetta,2025-04-14,31.8,17.5,24.5,0.0,16.1,16,0
Quetta,2025-04-15,32.8,16.9,25.3,0.0,16.8,16,3
Quetta,2025-04-16,32.8,17.5,25.5,0.0,19.1,16,3
Quetta,2025-04-17,32.5,18.4,25.0,0.0,22.0,18,1
Quetta,2025-04-18,30.0,16.3,22.4,0.0,17.0,23,0
Quetta,2025-04-19,21.6,10.2,16.4,0.0,22.1,23,0
Quetta,2025-04-20,20.2,7.8,14.5,0.0,22.1,24,0
Quetta,2025-04-21,22.9,7.7,15.4,0.0,18.4,21,0
Quetta,2025-04-22,25.5,9.4,17.8,0.0,20.7,16,0
Quetta,2025-04-23,26.6,11.4,19.6,0.0,23.3,16,3
Quetta,2025-04-24,27.1,13.9,20.6,0.0,18.0,15,0
Quetta,2025-04-25,28.3,12.6,21.1,0.0,14.3,12,0
Quetta,2025-04-26,30.2,15.0,22.8,0.0,15.6,15,0
Quetta,2025-04-27,32.3,16.0,24.5,0.0,12.3,15,0
Quetta,2025-04-28,33.1,17.2,25.5,0.0,12.0,13,3
Quetta,2025-04-29,33.6,18.5,26.2,0.0,13.5,13,3
Quetta,2025-04-30,33.8,18.7,26.5,0.0,15.2,13,3
Quetta,2025-05-01,33.2,19.0,26.2,0.0,18.3,14,3
Quetta,2025-05-02,32.1,17.8,25.7,0.0,19.9,14,1
Quetta,2025-05-03,30.4,17.3,24.5,0.0,23.5,21,1
Quetta,2025-05-04,29.3,15.1,22.6,0.0,14.8,23,3
Quetta,2025-05-05,28.9,15.2,22.1,0.7,16.4,35,53
Quetta,2025-05-06,30.6,14.4,22.6,0.0,15.9,43,1
Quetta,2025-05-07,33.2,15.7,24.3,0.0,19.6,37,1
Quetta,2025-05-08,31.9,16.9,24.4,0.0,16.8,33,3
Quetta,2025-05-09,32.2,15.9,24.7,0.0,17.3,27,3
Quetta,2025-05-10,30.4,16.0,23.9,0.0,18.5,27,0
Quetta,2025-05-11,30.6,15.9,23.7,0.0,17.8,13,0
Quetta,2025-05-12,31.0,16.4,24.4,0.0,23.9,12,3
Quetta,2025-05-13,31.7,17.2,25.1,0.0,17.9,12,1
Quetta,2025-05-14,33.8,17.4,26.1,0.0,22.9,11,1
Quetta,2025-05-15,34.4,18.0,26.9,0.0,12.2,8,0
Quetta,2025-05-16,35.8,19.4,28.1,0.0,10.6,9,0
Quetta,2025-05-17,36.2,20.1,29.1,0.0,13.0,9,0
Quetta,2025-05-18,34.5,20.7,28.5,0.0,20.1,11,0
Quetta,2025-05-19,33.2,18.7,26.6,0.0,14.3,12,0
Quetta,2025-05-20,35.6,19.2,27.5,0.0,16.8,11,0
Quetta,2025-05-21,36.3,20.4,28.9,0.0,13.8,8,0
Quetta,2025-05-22,37.1,21.2,29.4,0.0,9.5,7,0
Quetta,2025-05-23,36.9,19.7,28.9,0.0,16.2,12,0
Quetta,2025-05-24,36.1,19.9,28.5,0.0,16.5,12,0
Quetta,2025-05-25,36.7,19.6,28.6,0.0,17.8,16,0
Quetta,2025-05-26,35.6,19.7,28.0,0.0,17.5,30,3
Quetta,2025-05-27,33.9,20.8,27.4,0.0,18.2,26,3
Quetta,2025-05-28,31.0,19.2,25.5,0.0,18.1,15,0
Quetta,2025-05-29,29.9,16.5,23.7,0.0,17.5,13,0
Quetta,2025-05-30,29.5,16.7,23.8,0.0,18.9,13,0
Quetta,2025-05-31,29.3,15.8,23.1,0.0,21.2,9,0
Quetta,2025-06-01,30.2,16.1,24.0,0.0,16.9,10,0
Quetta,2025-06-02,31.4,17.5,24.9,0.0,13.2,9,0
Quetta,2025-06-03,32.4,17.2,25.6,0.0,16.8,6,0
Quetta,2025-06-04,33.5,16.3,25.7,0.0,13.9,10,0
Quetta,2025-06-05,33.4,16.6,25.6,0.0,20.2,37,1
Quetta,2025-06-06,34.3,18.3,26.9,0.0,9.9,28,0
Quetta,2025-06-07,33.2,18.7,26.6,0.0,12.9,19,3
Quetta,2025-06-08,34.9,20.1,27.9,0.0,15.7,17,3
Quetta,2025-06-09,34.0,20.7,27.4,0.0,18.0,20,2
Quetta,2025-06-10,33.5,20.6,27.2,0.0,17.7,17,0
Quetta,2025-06-11,33.8,20.1,27.3,0.0,18.2,18,0
Quetta,2025-06-12,33.5,19.1,27.0,0.0,14.5,15,0
Quetta,2025-06-13,34.0,19.0,26.8,0.0,15.1,13,0
Quetta,2025-06-14,34.2,19.0,26.9,0.0,16.9,16,3
Quetta,2025-06-15,33.8,19.2,27.4,0.0,15.0,22,3
Quetta,2025-06-16,34.2,18.8,27.0,0.0,16.9,34,3
Quetta,2025-06-17,34.9,18.9,28.0,0.0,16.7,29,0
Quetta,2025-06-18,37.8,19.4,29.4,0.0,19.0,23,0
Quetta,2025-06-19,38.0,22.1,30.7,0.0,14.6,8,0
Quetta,2025-06-20,38.4,20.9,30.3,0.0,15.7,19,0
Quetta,2025-06-21,37.0,21.1,29.7,0.0,17.4,26,0
Quetta,2025-06-22,35.7,20.9,28.8,0.0,15.3,9,3
Quetta,2025-06-23,35.6,20.5,28.7,0.0,11.6,36,3
Quetta,2025-06-24,38.4,20.7,29.8,0.0,16.2,35,3
Quetta,2025-06-25,38.7,21.2,30.6,0.0,15.8,35,3
Quetta,2025-06-26,38.4,22.6,30.3,0.0,17.7,39,3
Quetta,2025-06-27,37.1,21.6,28.0,0.0,22.6,54,3
Quetta,2025-06-28,31.4,21.6,27.0,3.3,18.0,58,61
Quetta,2025-06-29,35.6,21.7,28.1,0.3,14.0,51,51
Quetta,2025-06-30,37.7,21.3,29.3,0.0,13.5,47,0
Quetta,2025-07-01,38.6,21.4,30.0,0.0,12.1,45,3
Quetta,2025-07-02,38.9,21.6,30.3,0.0,16.7,45,0
Quetta,2025-07-03,37.9,21.7,28.9,0.0,23.3,50,2
Quetta,2025-07-04,37.7,22.1,29.2,0.0,21.9,50,3
Quetta,2025-07-05,38.4,22.2,30.1,0.0,17.9,46,2
Quetta,2025-07-06,39.0,22.6,29.9,0.0,22.4,47,3
Quetta,2025-07-07,33.9,22.0,28.1,0.6,19.2,56,53
Quetta,2025-07-08,36.3,22.0,28.7,0.0,15.7,54,3
Quetta,2025-07-09,36.5,21.6,28.7,0.0,17.6,52,1
Quetta,2025-07-10,37.1,21.2,28.6,0.0,19.3,52,2
Quetta,2025-07-11,36.6,21.3,28.2,0.0,18.6,53,2
Quetta,2025-07-12,35.0,19.3,27.6,0.0,13.2,47,0
Quetta,2025-07-13,34.8,19.8,27.5,0.0,15.5,42,0
Quetta,2025-07-14,33.7,19.4,26.3,0.0,15.0,45,2
Quetta,2025-07-15,33.5,18.4,26.2,0.0,14.2,45,3
Quetta,2025-07-16,34.5,19.4,27.6,0.0,15.5,39,3
Quetta,2025-07-17,34.7,19.6,27.6,0.0,18.3,46,3
Quetta,2025-07-18,36.7,20.4,28.3,0.0,14.9,45,3
Quetta,2025-07-19,36.9,20.6,28.6,0.0,17.1,43,3
Quetta,2025-07-20,36.3,21.0,27.9,0.0,23.7,54,3
Quetta,2025-07-21,37.3,21.4,28.5,0.0,20.5,56,3
Quetta,2025-07-22,36.9,21.8,29.7,0.0,13.2,43,3
Quetta,2025-07-23,37.2,21.5,29.7,0.0,13.6,37,0
Quetta,2025-07-24,36.9,21.3,28.6,0.0,17.2,53,2
Quetta,2025-07-25,37.0,20.2,28.2,0.0,15.1,51,1
Quetta,2025-07-26,37.4,19.9,28.9,0.0,17.7,47,3
Quetta,2025-07-27,37.5,20.4,28.7,0.0,15.4,46,2
Quetta,2025-07-28,36.4,20.7,29.2,0.0,13.9,34,1
Quetta,2025-07-29,35.9,22.1,29.4,0.0,16.0,16,0
Quetta,2025-07-30,37.2,21.3,29.1,0.0,20.4,23,3
Quetta,2025-07-31,34.6,20.0,27.5,0.0,17.4,52,3
Quetta,2025-08-01,36.0,20.3,27.5,0.0,17.8,52,3
Quetta,2025-08-02,36.8,20.3,28.5,0.0,15.8,43,3
Quetta,2025-08-03,36.6,20.4,28.6,0.0,18.7,40,0
Quetta,2025-08-04,36.0,20.1,28.4,0.0,12.1,34,0
Quetta,2025-08-05,36.2,20.7,28.6,0.0,16.7,17,0
Quetta,2025-08-06,35.9,19.9,27.9,0.0,20.0,42,0
Quetta,2025-08-07,35.4,19.2,27.4,0.0,17.3,46,1
Quetta,2025-08-08,34.9,18.9,27.1,0.0,16.0,35,0
Quetta,2025-08-09,35.1,19.1,27.4,0.0,16.1,31,3
Quetta,2025-08-10,34.9,18.8,27.4,0.0,11.5,30,3
Quetta,2025-08-11,35.1,20.1,28.0,0.0,13.8,14,1
Quetta,2025-08-12,36.3,21.4,28.8,0.0,12.4,16,3
Quetta,2025-08-13,37.4,21.0,28.8,0.0,13.4,36,3
Quetta,2025-08-14,35.0,19.8,27.1,0.0,18.9,57,3
Quetta,2025-08-15,35.6,21.3,27.5,0.0,15.6,55,3
Quetta,2025-08-16,36.0,20.1,27.7,0.0,15.7,51,3
Quetta,2025-08-17,34.8,20.8,27.5,0.2,21.0,52,51
Quetta,2025-08-18,33.8,21.6,26.9,1.0,16.3,59,53
Quetta,2025-08-19,33.8,20.9,26.2,0.1,16.4,61,51
Quetta,2025-08-20,35.7,19.1,26.3,0.0,18.2,59,3
Quetta,2025-08-21,35.2,19.3,26.9,0.0,15.2,54,0
Quetta,2025-08-22,35.2,19.3,27.3,0.0,15.8,45,0
Quetta,2025-08-23,36.2,18.7,27.4,0.0,14.4,37,0
Quetta,2025-08-24,35.7,18.6,26.6,0.0,14.8,52,2
Quetta,2025-08-25,33.7,18.4,26.5,0.0,15.0,43,1
Quetta,2025-08-26,34.4,17.9,26.5,0.0,14.1,46,2
Quetta,2025-08-27,34.9,18.2,26.7,0.0,13.6,43,0
Quetta,2025-08-28,34.9,17.9,27.0,0.0,12.0,36,0
Quetta,2025-08-29,35.3,18.2,27.1,0.0,15.2,22,3
Quetta,2025-08-30,35.4,18.6,27.2,0.0,18.3,40,2
Quetta,2025-08-31,34.6,17.8,26.5,0.0,15.7,39,1
Quetta,2025-09-01,34.4,17.2,25.6,0.0,15.5,26,0
Quetta,2025-09-02,32.4,15.9,24.4,0.0,11.9,25,0
Quetta,2025-09-03,32.1,15.9,24.1,0.0,19.4,33,2
Quetta,2025-09-04,32.1,16.8,24.6,0.0,12.1,38,1
Quetta,2025-09-05,32.3,16.6,24.4,0.0,13.3,35,0
Quetta,2025-09-06,33.1,15.8,24.5,0.0,11.0,35,3
Quetta,2025-09-07,33.7,17.3,25.4,0.0,17.2,45,0
Quetta,2025-09-08,31.2,17.8,23.6,0.0,21.0,64,3
Quetta,2025-09-09,28.5,18.3,23.2,1.0,16.5,67,53
Quetta,2025-09-10,33.0,16.7,24.2,0.0,14.8,62,3
Quetta,2025-09-11,34.0,18.2,25.5,0.0,12.7,54,1
Quetta,2025-09-12,34.5,18.5,25.6,0.0,20.3,55,2
Quetta,2025-09-13,34.8,18.4,25.9,0.0,11.4,53,1
Quetta,2025-09-14,34.3,18.8,26.6,0.0,13.0,36,0
Quetta,2025-09-15,33.9,18.1,25.8,0.0,15.0,26,0
Quetta,2025-09-16,32.7,18.4,25.3,0.0,21.7,18,3
Quetta,2025-09-17,30.9,16.0,23.1,0.0,13.3,18,0
Quetta,2025-09-18,30.5,14.4,22.5,0.0,20.8,18,2
Quetta,2025-09-19,30.8,16.0,23.4,0.0,15.6,15,0
Quetta,2025-09-20,30.9,14.9,23.1,0.0,11.1,18,0
Quetta,2025-09-21,31.2,15.1,23.2,0.0,12.5,30,1
Quetta,2025-09-22,32.8,15.5,24.6,0.0,10.9,30,0
Quetta,2025-09-23,33.3,18.3,25.6,0.0,15.5,16,0
Quetta,2025-09-24,32.0,17.3,24.4,0.0,15.9,18,0
Quetta,2025-09-25,31.8,17.4,24.3,0.0,17.5,21,1
Quetta,2025-09-26,30.4,17.5,23.9,0.0,17.5,17,0
Quetta,2025-09-27,31.1,16.9,24.0,0.0,11.7,13,0
Quetta,2025-09-28,30.8,16.9,23.9,0.0,12.0,13,0
Quetta,2025-09-29,30.8,15.8,23.1,0.0,14.5,13,0
Quetta,2025-09-30,31.8,15.2,23.0,0.0,11.0,30,0
Quetta,2025-10-01,30.2,14.5,22.2,0.0,16.1,37,0
Quetta,2025-10-02,29.9,14.3,21.9,0.0,14.9,43,0
Quetta,2025-10-03,30.4,14.8,22.2,0.0,12.9,42,2
Quetta,2025-10-04,28.8,15.1,21.7,0.0,18.5,31,0
Quetta,2025-10-05,25.4,13.7,19.4,0.0,19.0,18,0
Quetta,2025-10-06,20.6,8.4,14.7,0.0,14.0,24,0
Quetta,2025-10-07,22.9,8.5,15.5,0.0,13.8,21,0
Quetta,2025-10-08,24.2,8.7,16.2,0.0,7.8,17,0
Quetta,2025-10-09,24.3,8.9,16.3,0.0,8.1,23,0
Quetta,2025-10-10,23.9,9.6,16.5,0.0,10.3,24,0
Quetta,2025-10-11,25.6,9.5,17.2,0.0,12.3,20,0
Quetta,2025-10-12,25.3,11.3,18.1,0.0,9.2,29,0
Quetta,2025-10-13,27.8,12.5,19.4,0.0,11.2,17,0
Quetta,2025-10-14,27.7,12.8,19.5,0.0,9.9,18,0
Quetta,2025-10-15,27.8,13.6,19.6,0.0,9.1,17,0
Quetta,2025-10-16,27.0,12.3,19.0,0.0,12.6,26,0
Quetta,2025-10-17,25.9,12.7,19.0,0.0,9.9,24,0
Quetta,2025-10-18,25.3,12.8,18.5,0.0,8.6,19,0
Quetta,2025-10-19,25.2,12.6,18.0,0.0,11.8,20,0
Quetta,2025-10-20,24.5,10.7,17.2,0.0,7.7,29,1
Quetta,2025-10-21,23.9,10.2,16.7,0.0,13.5,32,0
Quetta,2025-10-22,24.7,11.6,17.7,0.0,13.3,21,0
Quetta,2025-10-23,25.4,11.5,18.0,0.0,9.9,21,0
Quetta,2025-10-24,25.1,11.6,17.8,0.0,9.1,23,0
Quetta,2025-10-25,24.7,11.8,17.7,0.0,9.0,21,0
Quetta,2025-10-26,24.2,10.7,17.1,0.0,9.5,24,0
Quetta,2025-10-27,24.4,11.0,17.1,0.0,12.4,30,0
Quetta,2025-10-28,25.1,11.4,17.6,0.0,8.9,28,0
Quetta,2025-10-29,24.2,10.9,16.9,0.0,9.7,30,0
Quetta,2025-10-30,25.8,10.3,17.4,0.0,6.7,30,0
Quetta,2025-10-31,23.9,11.8,17.2,0.0,12.6,21,0
Quetta,2025-11-01,23.5,9.4,15.9,0.0,11.2,21,0
Quetta,2025-11-02,21.8,9.0,14.6,0.0,8.5,32,0
Quetta,2025-11-03,20.7,7.4,13.8,0.0,17.0,29,0
Quetta,2025-11-04,16.9,7.3,11.9,0.0,17.7,29,0
Quetta,2025-11-05,17.5,3.2,9.8,0.0,8.4,31,0
Quetta,2025-11-06,18.2,4.3,10.6,0.0,8.3,25,0
Quetta,2025-11-07,18.2,4.6,10.7,0.0,9.5,18,0
Quetta,2025-11-08,17.5,3.5,10.1,0.0,8.7,21,0
Quetta,2025-11-09,17.2,4.7,10.0,0.0,8.1,27,0
Quetta,2025-11-10,17.3,3.8,9.9,0.0,9.2,30,0
Quetta,2025-11-11,17.1,4.2,9.9,0.0,9.5,30,0
Quetta,2025-11-12,16.0,2.9,9.1,0.0,10.3,32,0
Quetta,2025-11-13,17.4,3.5,9.7,0.0,7.9,28,3
Quetta,2025-11-14,17.3,4.3,9.7,0.0,7.0,24,0
Quetta,2025-11-15,19.0,4.8,10.4,0.0,7.4,24,0
Quetta,2025-11-16,20.3,6.7,12.1,0.0,8.3,24,3
Quetta,2025-11-17,20.2,6.1,12.3,0.0,5.1,18,3
Quetta,2025-11-18,20.9,7.6,12.8,0.0,7.0,22,3
Quetta,2025-11-19,18.9,5.7,11.5,0.0,9.4,28,3
Quetta,2025-11-20,17.8,4.8,10.3,0.0,11.7,28,0
Quetta,2025-11-21,16.1,3.1,9.1,0.0,7.0,33,0
Quetta,2025-11-22,15.5,2.8,8.2,0.0,7.2,34,0
Quetta,2025-11-23,14.7,2.2,7.5,0.0,6.3,33,0
Quetta,2025-11-24,15.6,2.7,7.7,0.0,8.1,28,0
Quetta,2025-11-25,17.0,1.6,8.5,0.0,8.0,25,0
Quetta,2025-11-26,15.9,3.2,8.3,0.0,8.6,26,0
Quetta,2025-11-27,16.0,1.7,7.7,0.0,8.3,30,1
Quetta,2025-11-28,15.3,3.3,8.2,0.0,7.7,24,3
Quetta,2025-11-29,13.8,3.1,7.4,0.0,6.5,22,0
Quetta,2025-11-30,12.3,2.1,6.1,0.0,6.6,24,0
Quetta,2025-12-01,11.0,0.3,4.8,0.0,9.5,28,0
Quetta,2025-12-02,11.4,-0.8,4.7,0.0,5.7,34,0
Quetta,2025-12-03,14.0,1.5,7.1,0.0,4.8,29,3
Quetta,2025-12-04,16.7,4.6,9.6,0.0,6.8,24,3
Quetta,2025-12-05,15.6,3.7,9.0,0.0,7.6,31,3
Quetta,2025-12-06,16.0,6.6,10.5,0.0,9.6,38,3
Quetta,2025-12-07,15.8,4.9,9.6,0.8,11.8,49,53
Quetta,2025-12-08,15.1,2.2,8.2,0.0,9.1,48,3
Quetta,2025-12-09,17.4,4.1,9.6,0.0,5.9,32,3
Quetta,2025-12-10,18.2,5.4,11.0,0.0,5.6,24,3
Quetta,2025-12-11,22.6,8.5,13.8,0.0,6.5,30,3
Quetta,2025-12-12,21.3,7.0,12.4,0.0,4.8,26,3
Quetta,2025-12-13,19.7,5.9,11.9,0.0,8.6,24,3
Quetta,2025-12-14,17.9,4.7,9.9,0.0,13.9,39,3
Quetta,2025-12-15,18.7,5.8,11.0,0.0,8.0,50,3
Quetta,2025-12-16,18.8,5.1,10.9,0.0,11.1,49,3
Quetta,2025-12-17,20.1,4.3,10.9,0.0,13.8,37,3
Quetta,2025-12-18,16.5,7.5,11.5,0.0,7.2,31,3
Quetta,2025-12-19,20.3,7.3,12.8,0.0,11.9,33,3
Quetta,2025-12-20,13.0,6.1,8.8,9.2,6.9,75,63
Quetta,2025-12-21,11.0,3.5,7.1,1.1,13.0,82,51
Quetta,2025-12-22,8.8,1.2,4.4,0.0,9.3,77,3
Quetta,2025-12-23,11.3,-0.9,4.2,0.0,7.4,64,0
Quetta,2025-12-24,13.9,0.9,6.7,0.0,4.1,43,3
Quetta,2025-12-25,16.6,5.3,9.4,0.0,4.8,32,3
Quetta,2025-12-26,14.2,2.6,7.3,0.0,6.9,42,3
Quetta,2025-12-27,15.7,1.5,7.4,0.0,13.6,51,3
Quetta,2025-12-28,16.5,2.4,8.1,0.0,7.5,47,3
Quetta,2025-12-29,16.5,2.6,8.7,0.0,14.1,49,3
Quetta,2025-12-30,12.7,3.9,7.5,10.7,13.3,74,73
Quetta,2025-12-31,8.8,2.4,5.1,7.5,12.5,87,75
Quetta,2026-01-01,8.4,0.3,3.7,0.0,7.6,77,3
Quetta,2026-01-02,13.6,1.2,6.1,0.0,6.2,48,0
Quetta,2026-01-03,12.0,2.2,5.9,0.0,9.8,40,0
Quetta,2026-01-04,11.1,0.9,5.5,0.0,9.1,49,3
Quetta,2026-01-05,9.7,1.0,4.6,0.0,15.3,59,2
Quetta,2026-01-06,8.2,-1.4,2.5,0.0,8.6,63,0
Quetta,2026-01-07,10.1,-1.5,3.1,0.0,5.7,60,0
Quetta,2026-01-08,10.4,-2.3,3.0,0.0,8.8,50,0
Quetta,2026-01-09,9.4,-0.4,3.2,0.0,7.3,55,0
Quetta,2026-01-10,10.5,-0.6,3.9,0.0,6.2,46,3
Quetta,2026-01-11,13.6,-0.3,6.3,1.0,6.1,46,73
Quetta,2026-01-12,13.4,3.0,7.5,0.0,7.0,50,3
Quetta,2026-01-13,14.6,3.3,7.9,0.0,7.7,56,3
Quetta,2026-01-14,14.6,2.5,7.6,0.0,6.3,46,2
Quetta,2026-01-15,20.1,5.1,10.6,0.0,9.3,42,3
Quetta,2026-01-16,16.1,5.3,9.4,0.0,12.7,50,3
Quetta,2026-01-17,13.5,3.2,7.3,0.0,12.2,52,3
Quetta,2026-01-18,10.8,0.6,5.2,0.0,9.9,40,2
Quetta,2026-01-19,11.5,0.1,4.9,0.0,8.5,35,1
Quetta,2026-01-20,13.3,0.2,5.7,0.0,9.5,34,0
Quetta,2026-01-21,11.2,1.0,5.9,0.0,24.9,67,3
Quetta,2026-01-22,6.9,-4.6,0.2,15.9,21.9,82,75
Quetta,2026-01-23,-1.9,-8.0,-5.8,0.0,18.6,66,3
Quetta,2026-01-24,6.2,-7.7,-0.7,0.0,10.5,50,3
Quetta,2026-01-25,11.1,-4.0,3.5,0.0,10.5,42,3
Quetta,2026-01-26,2.8,0.7,1.7,15.1,7.6,88,75
Quetta,2026-01-27,2.5,0.1,1.1,5.5,8.7,93,73
Quetta,2026-01-28,9.5,-2.4,2.6,0.0,4.6,74,3
Quetta,2026-01-29,11.9,0.5,5.1,0.0,12.3,52,3
Quetta,2026-01-30,10.5,-1.8,4.0,0.0,12.0,70,3
Quetta,2026-01-31,10.9,1.5,4.9,11.5,9.9,85,75
Quetta,2026-02-01,11.3,0.5,4.9,1.8,12.7,74,71
Quetta,2026-02-02,13.4,0.7,6.5,3.6,14.5,63,73
Quetta,2026-02-03,13.6,2.0,6.8,0.0,12.0,62,3
Quetta,2026-02-04,14.3,1.1,7.4,0.0,16.7,67,3
Quetta,2026-02-05,14.4,4.6,8.8,1.4,14.1,70,53
Quetta,2026-02-06,14.1,4.1,8.0,0.0,16.6,63,3
Quetta,2026-02-07,15.7,1.9,7.4,0.0,7.5,52,0
Quetta,2026-02-08,17.1,2.8,9.0,0.0,11.2,43,3
Quetta,2026-02-09,13.9,6.0,9.1,2.7,8.5,65,53
Quetta,2026-02-10,15.4,3.9,9.0,0.0,13.3,58,1
Quetta,2026-02-11,16.3,3.9,9.3,0.0,8.9,45,2
Quetta,2026-02-12,18.3,5.5,11.0,0.0,8.8,38,3
Quetta,2026-02-13,18.7,7.0,12.1,0.0,11.8,49,3
Quetta,2026-02-14,18.6,6.2,11.8,0.0,13.6,49,2
Quetta,2026-02-15,20.1,6.0,12.0,0.0,7.2,42,0
Quetta,2026-02-16,15.5,5.3,9.2,7.6,14.5,73,63
Quetta,2026-02-17,14.5,5.5,8.7,4.6,11.0,74,55
Quetta,2026-02-18,15.2,3.6,8.6,0.2,8.1,66,51
Quetta,2026-02-19,18.8,5.1,11.0,0.0,9.2,50,0
Quetta,2026-02-20,19.7,5.5,12.2,0.0,10.3,42,0
Quetta,2026-02-21,19.1,5.3,11.6,0.0,10.1,43,0
Quetta,2026-02-22,18.1,4.2,10.7,0.0,9.1,47,0
Quetta,2026-02-23,19.9,5.3,11.6,0.0,9.7,43,0
Quetta,2026-02-24,19.8,5.7,11.8,0.0,6.7,37,0
Quetta,2026-02-25,20.5,5.1,12.3,0.0,8.1,39,0
Quetta,2026-02-26,20.7,6.4,13.5,0.0,11.6,40,0
Quetta,2026-02-27,21.2,9.1,14.4,0.0,11.2,29,2
Quetta,2026-02-28,20.7,7.8,14.0,0.0,11.9,29,0
Quetta,2026-03-01,20.6,7.7,14.0,0.0,12.2,25,3
Quetta,2026-03-02,23.1,9.3,15.5,0.0,6.4,22,3
Quetta,2026-03-03,24.1,8.7,16.0,0.0,14.0,36,3
Quetta,2026-03-04,25.8,10.6,17.7,0.0,9.9,38,3
Quetta,2026-03-05,26.5,10.2,17.9,0.0,9.4,33,3
Quetta,2026-03-06,25.4,11.6,18.1,0.0,14.9,27,3
Quetta,2026-03-07,24.6,11.8,18.1,0.0,11.9,36,3
Quetta,2026-03-08,26.2,12.9,18.4,1.1,15.8,39,53
Quetta,2026-03-09,26.1,9.8,18.3,0.0,16.2,43,3
Quetta,2026-03-10,23.7,11.6,17.6,0.3,15.0,45,51
Quetta,2026-03-11,19.8,10.2,14.1,2.0,14.7,65,53
Quetta,2026-03-12,18.1,5.5,11.8,0.0,18.2,55,3
Quetta,2026-03-13,20.7,5.8,13.2,0.0,12.1,35,3
Quetta,2026-03-14,20.2,7.8,13.5,0.5,20.4,36,51
Quetta,2026-03-15,18.4,7.2,12.7,0.0,20.3,34,0
Quetta,2026-03-16,19.6,5.1,12.6,0.0,17.8,24,3
Quetta,2026-03-17,22.8,7.9,15.3,0.2,16.3,37,51
Quetta,2026-03-18,16.3,9.5,12.4,13.5,11.6,78,63
Quetta,2026-03-19,18.3,6.3,12.1,0.3,15.6,56,51
Quetta,2026-03-20,18.4,7.0,12.6,0.0,17.4,43,3
Quetta,2026-03-21,18.6,9.4,13.1,3.1,13.5,68,53
Quetta,2026-03-22,18.7,9.5,13.4,10.4,9.6,72,63
Quetta,2026-03-23,21.2,8.6,14.6,0.0,12.8,49,3
Quetta,2026-03-24,22.1,10.2,15.4,2.2,14.6,42,61
Quetta,2026-03-25,17.6,10.0,12.9,9.8,15.4,77,61
Quetta,2026-03-26,18.0,9.2,12.8,4.0,8.8,77,61
Quetta,2026-03-27,22.8,9.5,16.1,0.0,9.9,63,3
Quetta,2026-03-28,22.9,11.8,16.9,0.4,17.2,57,51
Quetta,2026-03-29,21.9,9.1,14.6,0.0,18.4,64,3
Quetta,2026-03-30,22.4,8.4,14.4,0.0,17.3,58,3
Quetta,2026-03-31,19.4,9.2,14.0,1.5,17.0,60,53
Quetta,2026-04-01,15.7,10.3,12.8,2.8,21.5,73,61
Quetta,2026-04-02,16.2,7.9,11.4,7.0,19.0,80,55
Quetta,2026-04-03,12.7,6.6,9.2,6.0,11.6,82,55
Quetta,2026-04-04,16.8,6.1,10.6,0.7,9.6,71,51
Quetta,2026-04-05,20.5,4.9,12.2,0.6,13.4,64,51
Quetta,2026-04-06,18.4,8.3,12.0,15.2,19.7,78,63
Quetta,2026-04-07,14.1,7.8,10.6,3.0,22.4,60,53
Quetta,2026-04-08,15.5,5.1,10.2,0.0,20.3,52,2
Quetta,2026-04-09,21.9,5.3,12.9,0.0,18.8,47,3
Quetta,2026-04-10,19.4,9.2,13.8,2.2,16.9,67,53
Quetta,2026-04-11,20.2,9.2,14.5,0.0,18.3,51,3
Quetta,2026-04-12,22.6,6.6,14.7,0.0,11.9,38,3
Quetta,2026-04-13,25.9,10.8,17.6,0.0,5.8,31,3
Quetta,2026-04-14,27.4,11.5,19.1,0.0,17.7,35,1
Quetta,2026-04-15,26.7,12.5,19.8,0.0,14.3,23,3
Quetta,2026-04-16,27.9,13.1,19.7,0.3,15.5,33,51
Quetta,2026-04-17,28.7,12.6,20.4,0.2,18.9,38,51
Quetta,2026-04-18,26.0,13.2,19.2,0.8,11.5,44,51
Quetta,2026-04-19,26.1,12.9,19.8,0.0,14.4,28,1
Quetta,2026-04-20,27.1,12.6,20.2,0.0,12.1,20,3
Quetta,2026-04-21,29.6,13.2,21.8,0.0,15.7,31,3
Quetta,2026-04-22,28.6,14.4,21.0,3.0,14.9,42,61
Sialkot,2024-04-22,32.1,17.5,24.2,0.0,17.6,51,3
Sialkot,2024-04-23,31.9,18.1,23.8,1.6,15.9,53,55
Sialkot,2024-04-24,32.6,17.1,24.8,0.0,17.2,48,3
Sialkot,2024-04-25,35.0,18.1,26.8,0.0,16.8,39,3
Sialkot,2024-04-26,34.7,19.2,26.1,0.2,28.3,45,51
Sialkot,2024-04-27,28.4,20.5,24.2,0.7,24.5,49,51
Sialkot,2024-04-28,29.8,18.6,24.1,0.3,19.3,50,51
Sialkot,2024-04-29,26.5,16.6,21.4,10.6,23.7,62,63
Sialkot,2024-04-30,30.5,15.8,21.5,0.7,28.3,53,53
Sialkot,2024-05-01,28.4,13.5,21.9,0.0,13.0,48,2
Sialkot,2024-05-02,32.0,14.7,23.8,0.0,16.1,47,2
Sialkot,2024-05-03,34.2,16.8,26.0,0.0,11.2,45,3
Sialkot,2024-05-04,34.9,21.1,28.2,0.0,18.6,39,3
Sialkot,2024-05-05,36.0,19.6,28.2,0.0,17.9,41,2
Sialkot,2024-05-06,37.8,20.2,29.6,0.0,15.8,35,1
Sialkot,2024-05-07,39.2,20.4,30.1,0.0,11.9,33,0
Sialkot,2024-05-08,39.0,21.1,30.7,0.0,15.8,35,3
Sialkot,2024-05-09,38.5,22.5,30.7,0.0,21.3,41,3
Sialkot,2024-05-10,38.2,23.0,30.0,0.3,18.6,44,51
Sialkot,2024-05-11,36.0,23.4,29.6,0.0,13.2,45,3
Sialkot,2024-05-12,31.2,22.8,26.6,5.5,25.6,57,63
Sialkot,2024-05-13,36.8,21.2,28.9,0.0,16.1,31,3
Sialkot,2024-05-14,37.5,20.6,29.5,0.0,12.0,30,0
Sialkot,2024-05-15,40.0,19.6,30.8,0.0,16.8,29,3
Sialkot,2024-05-16,40.6,21.4,31.7,0.0,25.5,28,3
Sialkot,2024-05-17,41.4,24.0,33.3,0.0,24.1,26,3
Sialkot,2024-05-18,41.3,25.5,33.5,0.0,22.8,26,3
Sialkot,2024-05-19,41.2,25.5,33.5,0.0,15.3,28,3
Sialkot,2024-05-20,41.2,25.5,33.8,0.0,12.5,26,2
Sialkot,2024-05-21,41.5,26.0,34.0,0.0,12.7,25,0
Sialkot,2024-05-22,41.7,24.3,33.8,0.0,20.4,29,0
Sialkot,2024-05-23,39.7,26.0,32.8,0.0,25.6,37,2
Sialkot,2024-05-24,39.6,25.5,33.3,0.7,14.5,38,53
Sialkot,2024-05-25,42.2,25.2,33.9,0.0,23.1,27,0
Sialkot,2024-05-26,43.1,25.0,34.7,0.0,20.3,25,0
Sialkot,2024-05-27,42.2,24.3,33.7,0.0,13.7,25,0
Sialkot,2024-05-28,43.2,24.1,34.2,0.0,11.9,19,0
Sialkot,2024-05-29,43.2,23.6,34.7,0.0,17.1,16,1
Sialkot,2024-05-30,43.1,29.0,35.5,0.0,20.9,16,1
Sialkot,2024-05-31,42.8,26.5,35.0,0.0,20.5,19,3
Sialkot,2024-06-01,43.6,26.8,35.5,0.0,18.6,15,2
Sialkot,2024-06-02,43.0,26.9,34.9,0.0,15.6,20,1
Sialkot,2024-06-03,44.0,26.6,36.0,0.0,28.1,19,2
Sialkot,2024-06-04,41.2,27.4,34.3,0.0,13.2,24,3
Sialkot,2024-06-05,40.1,26.4,32.0,2.3,26.3,31,55
Sialkot,2024-06-06,36.0,24.3,30.6,0.3,17.3,40,51
Sialkot,2024-06-07,38.4,24.9,31.7,0.0,16.7,33,3
Sialkot,2024-06-08,38.2,24.6,31.8,0.0,13.0,31,3
Sialkot,2024-06-09,40.2,24.4,32.6,0.0,18.6,25,0
Sialkot,2024-06-10,40.8,25.4,33.5,0.0,14.4,22,0
Sialkot,2024-06-11,41.9,25.0,34.2,0.0,17.2,23,0
Sialkot,2024-06-12,43.2,26.9,35.3,0.0,17.2,21,1
Sialkot,2024-06-13,43.9,27.2,35.3,0.0,26.3,24,3
Sialkot,2024-06-14,42.0,27.4,35.3,0.0,14.7,24,3
Sialkot,2024-06-15,43.3,28.0,35.8,0.0,20.5,25,3
Sialkot,2024-06-16,43.8,28.4,36.4,0.0,15.6,25,0
Sialkot,2024-06-17,44.7,30.2,37.3,0.0,21.1,24,1
Sialkot,2024-06-18,44.2,29.0,37.3,0.0,24.0,26,3
Sialkot,2024-06-19,40.7,29.0,35.3,0.0,19.9,29,3
Sialkot,2024-06-20,40.2,28.3,34.1,0.0,16.6,36,3
Sialkot,2024-06-21,35.6,23.8,31.1,1.5,16.8,49,53
Sialkot,2024-06-22,40.0,27.8,33.7,0.0,18.9,36,3
Sialkot,2024-06-23,42.0,28.0,35.4,0.0,12.7,31,2
Sialkot,2024-06-24,42.8,28.3,35.8,0.0,13.6,31,0
Sialkot,2024-06-25,42.0,28.7,35.5,0.0,17.4,36,1
Sialkot,2024-06-26,43.2,29.1,36.6,0.0,17.8,34,1
Sialkot,2024-06-27,37.7,25.4,32.4,1.4,22.0,59,55
Sialkot,2024-06-28,38.9,28.5,33.8,0.3,12.1,54,51
Sialkot,2024-06-29,38.5,26.5,32.5,2.7,14.0,61,61
Sialkot,2024-06-30,39.6,26.0,33.0,2.6,18.5,61,61
Sialkot,2024-07-01,37.8,25.7,31.5,14.2,14.1,71,65
Sialkot,2024-07-02,38.2,26.9,32.1,0.2,21.6,68,51
Sialkot,2024-07-03,39.4,26.4,32.6,4.8,24.9,68,63
Sialkot,2024-07-04,33.0,25.7,29.0,26.4,22.8,77,65
Sialkot,2024-07-05,33.3,24.5,28.9,18.4,21.1,77,65
Sialkot,2024-07-06,33.6,23.6,28.1,19.4,17.1,77,65
Sialkot,2024-07-07,33.9,24.0,28.8,11.1,19.4,74,63
Sialkot,2024-07-08,34.7,25.2,30.1,0.6,15.2,73,53
Sialkot,2024-07-09,35.4,23.9,29.8,7.3,18.0,74,63
Sialkot,2024-07-10,34.8,25.1,30.6,5.9,13.9,74,61
Sialkot,2024-07-11,34.6,27.2,30.4,1.4,14.5,77,55
Sialkot,2024-07-12,34.2,25.0,29.6,9.2,16.9,74,63
Sialkot,2024-07-13,34.0,25.0,29.5,0.0,8.2,72,3
Sialkot,2024-07-14,34.1,26.8,29.9,5.1,24.4,71,63
Sialkot,2024-07-15,37.2,27.9,32.1,0.6,7.6,66,53
Sialkot,2024-07-16,37.4,27.9,32.8,0.0,10.6,61,0
Sialkot,2024-07-17,36.4,26.8,32.1,3.5,11.1,68,63
Sialkot,2024-07-18,35.0,24.6,29.6,11.8,21.6,76,63
Sialkot,2024-07-19,37.2,26.9,31.9,0.0,7.3,68,3
Sialkot,2024-07-20,36.8,26.0,31.7,10.2,17.2,70,63
Sialkot,2024-07-21,36.5,25.4,31.4,10.5,13.3,71,63
Sialkot,2024-07-22,35.0,26.0,30.8,4.7,21.6,74,61
Sialkot,2024-07-23,34.7,25.2,29.3,15.6,19.8,78,65
Sialkot,2024-07-24,35.2,26.8,31.0,0.1,10.5,75,51
Sialkot,2024-07-25,36.0,25.4,30.6,2.1,18.6,76,55
Sialkot,2024-07-26,34.8,24.8,29.9,12.9,20.1,78,63
Sialkot,2024-07-27,34.8,26.4,30.3,5.9,16.5,81,61
Sialkot,2024-07-28,35.0,27.0,30.5,12.4,10.6,78,65
Sialkot,2024-07-29,31.9,27.2,29.3,4.4,18.6,82,63
Sialkot,2024-07-30,35.2,27.2,31.4,0.1,11.4,78,51
Sialkot,2024-07-31,36.4,26.5,31.7,6.9,11.4,79,63
Sialkot,2024-08-01,28.0,25.2,26.0,76.3,22.9,93,65
Sialkot,2024-08-02,33.9,24.8,29.7,0.0,7.2,79,3
Sialkot,2024-08-03,32.0,25.5,28.7,10.8,14.3,82,63
Sialkot,2024-08-04,30.2,26.1,27.9,23.9,12.5,87,63
Sialkot,2024-08-05,33.3,26.1,29.0,4.6,9.7,85,61
Sialkot,2024-08-06,33.5,25.0,29.1,25.9,13.0,81,63
Sialkot,2024-08-07,32.0,25.5,27.9,17.3,12.6,86,63
Sialkot,2024-08-08,31.6,24.2,27.3,7.1,16.4,87,61
Sialkot,2024-08-09,32.0,25.5,28.2,3.9,12.7,85,63
Sialkot,2024-08-10,32.5,24.9,27.8,20.8,16.1,86,63
Sialkot,2024-08-11,28.8,25.0,26.3,10.9,19.7,88,65
Sialkot,2024-08-12,31.6,24.0,27.8,0.3,18.6,82,51
Sialkot,2024-08-13,33.8,24.7,29.5,0.2,8.0,80,51
Sialkot,2024-08-14,33.1,26.5,29.4,6.9,11.1,82,63
Sialkot,2024-08-15,29.8,25.0,27.0,38.4,14.3,91,63
Sialkot,2024-08-16,33.0,25.4,29.0,10.5,10.8,82,63
Sialkot,2024-08-17,31.1,25.0,27.3,27.9,15.3,89,63
Sialkot,2024-08-18,33.0,25.5,28.4,9.2,9.0,87,63
Sialkot,2024-08-19,32.2,25.0,28.0,7.3,14.3,85,63
Sialkot,2024-08-20,31.5,24.0,27.6,14.7,10.8,85,63
Sialkot,2024-08-21,32.7,24.4,28.2,1.1,6.5,82,53
Sialkot,2024-08-22,33.3,24.4,28.8,0.1,7.9,80,51
Sialkot,2024-08-23,33.5,25.1,29.4,2.1,22.3,77,61
Sialkot,2024-08-24,33.1,24.1,28.6,1.1,12.7,79,53
Sialkot,2024-08-25,32.7,25.5,29.0,1.0,7.4,82,51
Sialkot,2024-08-26,32.3,25.8,28.5,12.4,14.2,84,63
Sialkot,2024-08-27,31.2,25.1,27.7,3.5,13.1,83,61
Sialkot,2024-08-28,30.5,24.4,27.2,2.2,10.5,84,55
Sialkot,2024-08-29,28.9,24.6,25.6,23.6,20.4,90,65
Sialkot,2024-08-30,31.5,24.5,27.7,0.2,19.0,77,51
Sialkot,2024-08-31,32.7,24.0,28.2,0.0,13.7,80,0
Sialkot,2024-09-01,33.5,24.9,29.2,0.0,8.8,80,0
Sialkot,2024-09-02,30.7,25.0,27.4,6.9,17.3,84,61
Sialkot,2024-09-03,30.1,23.4,26.4,33.9,13.1,88,63
Sialkot,2024-09-04,30.9,23.8,26.6,4.6,14.2,86,61
Sialkot,2024-09-05,31.0,23.3,26.7,0.7,6.9,85,51
Sialkot,2024-09-06,31.1,23.2,27.1,5.2,15.8,84,61
Sialkot,2024-09-07,30.8,22.9,26.7,10.2,12.9,83,65
Sialkot,2024-09-08,32.4,23.8,27.9,0.0,8.0,79,1
Sialkot,2024-09-09,33.3,24.5,29.1,1.4,8.0,79,53
Sialkot,2024-09-10,31.9,24.4,27.6,4.3,13.4,85,61
Sialkot,2024-09-11,31.9,24.3,28.2,0.3,15.8,82,51
Sialkot,2024-09-12,34.5,24.7,29.2,0.0,15.9,75,1
Sialkot,2024-09-13,32.8,23.5,28.1,2.2,13.0,80,61
Sialkot,2024-09-14,31.8,22.5,27.0,2.5,15.2,79,53
Sialkot,2024-09-15,32.7,23.0,27.7,0.0,8.6,78,1
Sialkot,2024-09-16,33.2,22.0,27.4,0.0,9.1,76,0
Sialkot,2024-09-17,33.3,23.7,28.3,0.0,10.0,73,0
Sialkot,2024-09-18,33.5,23.5,28.0,0.0,8.7,76,1
Sialkot,2024-09-19,32.0,24.6,27.8,0.0,11.3,71,3
Sialkot,2024-09-20,32.7,23.2,27.9,0.0,9.4,71,1
Sialkot,2024-09-21,33.3,23.9,28.6,0.0,7.4,73,0
Sialkot,2024-09-22,34.2,25.3,29.7,0.0,10.9,74,3
Sialkot,2024-09-23,35.3,26.2,30.4,0.0,10.8,71,3
Sialkot,2024-09-24,35.4,25.1,30.1,0.0,7.7,70,0
Sialkot,2024-09-25,33.4,27.0,29.9,0.0,12.7,75,1
Sialkot,2024-09-26,30.5,24.8,27.4,1.0,17.8,79,53
Sialkot,2024-09-27,32.1,23.1,27.4,8.6,12.6,79,65
Sialkot,2024-09-28,31.0,21.5,26.1,10.7,13.0,81,65
Sialkot,2024-09-29,31.6,22.6,26.7,0.0,10.4,79,3
Sialkot,2024-09-30,32.7,23.0,27.3,0.0,13.9,79,3
Sialkot,2024-10-01,32.6,21.8,27.4,0.0,7.7,77,0
Sialkot,2024-10-02,33.8,23.1,27.9,0.0,9.5,77,0
Sialkot,2024-10-03,33.9,21.8,28.0,0.0,9.1,75,0
Sialkot,2024-10-04,34.2,23.5,27.7,0.0,11.5,74,2
Sialkot,2024-10-05,33.3,23.0,27.5,0.0,8.6,69,3
Sialkot,2024-10-06,32.0,21.6,26.2,0.0,10.6,67,2
Sialkot,2024-10-07,31.8,19.3,25.3,0.0,8.1,72,3
Sialkot,2024-10-08,29.4,21.5,24.4,4.0,23.1,80,63
Sialkot,2024-10-09,31.0,19.4,24.5,0.0,11.2,63,2
Sialkot,2024-10-10,30.9,18.2,24.0,0.0,11.7,57,0
Sialkot,2024-10-11,30.8,17.5,23.8,0.0,9.8,64,0
Sialkot,2024-10-12,31.1,17.8,24.5,0.0,7.8,64,0
Sialkot,2024-10-13,31.1,19.2,24.7,0.0,9.2,65,0
Sialkot,2024-10-14,31.5,19.1,24.7,0.0,14.0,66,0
Sialkot,2024-10-15,30.9,17.6,24.0,0.0,9.6,67,0
Sialkot,2024-10-16,31.5,18.0,24.7,0.0,9.4,68,0
Sialkot,2024-10-17,31.7,18.9,24.8,0.0,9.4,66,0
Sialkot,2024-10-18,31.5,18.8,24.9,0.0,9.4,68,1
Sialkot,2024-10-19,30.8,19.0,24.7,0.0,7.5,70,0
Sialkot,2024-10-20,30.8,19.7,24.7,0.0,8.1,73,1
Sialkot,2024-10-21,30.5,19.1,24.9,0.0,9.9,70,0
Sialkot,2024-10-22,30.5,19.9,25.1,0.0,6.6,70,0
Sialkot,2024-10-23,30.6,19.2,24.4,0.0,18.1,67,3
Sialkot,2024-10-24,31.0,18.0,24.2,0.0,12.7,59,1
Sialkot,2024-10-25,30.0,16.5,23.2,0.0,11.8,62,0
Sialkot,2024-10-26,29.3,16.2,22.9,0.0,11.6,66,0
Sialkot,2024-10-27,30.1,17.0,23.3,0.0,10.6,72,0
Sialkot,2024-10-28,30.4,18.5,24.0,0.0,9.1,70,3
Sialkot,2024-10-29,30.5,19.5,24.5,0.0,9.5,70,3
Sialkot,2024-10-30,31.0,19.8,24.7,0.0,13.4,55,3
Sialkot,2024-10-31,30.6,18.0,23.6,0.0,13.1,57,0
Sialkot,2024-11-01,28.8,15.7,21.7,0.0,11.7,69,3
Sialkot,2024-11-02,29.5,16.4,22.3,0.0,9.3,72,3
Sialkot,2024-11-03,29.5,16.8,22.6,0.0,8.7,70,3
Sialkot,2024-11-04,30.0,16.8,22.3,0.0,13.0,69,0
Sialkot,2024-11-05,28.5,15.6,21.7,0.0,8.7,68,1
Sialkot,2024-11-06,28.7,16.9,22.4,0.0,8.1,71,0
Sialkot,2024-11-07,28.8,17.3,22.5,0.0,8.0,76,0
Sialkot,2024-11-08,28.8,18.0,23.0,0.0,8.3,75,1
Sialkot,2024-11-09,28.0,17.5,22.6,0.0,8.3,77,1
Sialkot,2024-11-10,28.0,17.5,21.7,0.1,13.0,79,51
Sialkot,2024-11-11,27.2,16.8,19.7,2.4,29.3,83,61
Sialkot,2024-11-12,27.6,15.9,20.6,0.0,9.0,76,0
Sialkot,2024-11-13,25.2,14.7,19.3,0.0,6.4,77,3
Sialkot,2024-11-14,25.4,14.6,19.0,0.0,5.9,80,3
Sialkot,2024-11-15,25.1,13.9,18.9,0.0,16.9,79,3
Sialkot,2024-11-16,23.6,14.3,18.2,0.2,10.5,81,51
Sialkot,2024-11-17,23.1,12.8,17.1,0.0,7.3,81,3
Sialkot,2024-11-18,23.1,10.8,16.4,0.0,7.2,77,3
Sialkot,2024-11-19,23.0,10.4,16.1,0.0,6.6,78,0
Sialkot,2024-11-20,22.6,10.1,15.7,0.0,7.5,77,2
Sialkot,2024-11-21,22.8,10.6,16.2,0.0,7.7,79,0
Sialkot,2024-11-22,23.5,11.2,16.9,0.0,8.7,77,3
Sialkot,2024-11-23,21.9,12.7,17.0,1.5,15.9,75,53
Sialkot,2024-11-24,24.4,13.1,17.8,3.4,16.7,65,61
Sialkot,2024-11-25,22.2,10.8,16.2,0.0,9.8,72,0
Sialkot,2024-11-26,22.8,10.2,15.6,0.0,8.4,75,2
Sialkot,2024-11-27,21.9,8.6,14.9,0.0,6.7,76,0
Sialkot,2024-11-28,22.4,8.9,15.2,0.0,6.1,77,3
Sialkot,2024-11-29,22.3,9.6,15.6,0.0,8.6,75,3
Sialkot,2024-11-30,21.7,12.9,16.3,0.6,10.9,68,53
Sialkot,2024-12-01,22.3,9.6,15.5,0.0,8.7,72,1
Sialkot,2024-12-02,23.5,9.9,16.3,0.0,12.1,66,3
Sialkot,2024-12-03,23.2,10.9,16.6,0.0,12.9,56,3
Sialkot,2024-12-04,22.5,9.9,15.7,0.0,11.7,53,0
Sialkot,2024-12-05,21.5,7.4,14.0,0.0,8.0,61,0
Sialkot,2024-12-06,21.0,6.6,13.6,0.0,9.5,58,0
Sialkot,2024-12-07,20.1,6.7,12.8,0.0,6.4,63,3
Sialkot,2024-12-08,19.1,8.0,12.8,0.2,13.6,60,51
Sialkot,2024-12-09,18.5,6.3,11.5,0.0,8.1,54,0
Sialkot,2024-12-10,18.9,3.7,11.1,0.0,12.5,43,0
Sialkot,2024-12-11,18.8,4.0,11.4,0.0,11.1,48,2
Sialkot,2024-12-12,18.5,5.7,11.7,0.0,9.4,54,1
Sialkot,2024-12-13,20.4,5.1,12.4,0.0,17.5,44,3
Sialkot,2024-12-14,18.6,3.7,11.4,0.0,14.0,54,3
Sialkot,2024-12-15,18.7,5.4,11.3,0.0,4.7,62,3
Sialkot,2024-12-16,18.4,4.9,10.8,0.0,4.7,62,3
Sialkot,2024-12-17,18.5,3.2,10.4,0.0,6.7,62,0
Sialkot,2024-12-18,18.4,4.6,10.9,0.0,5.9,62,3
Sialkot,2024-12-19,18.5,4.1,10.8,0.0,7.5,71,2
Sialkot,2024-12-20,19.0,5.9,11.6,0.0,6.8,74,0
Sialkot,2024-12-21,18.5,4.6,11.2,0.0,6.2,71,3
Sialkot,2024-12-22,18.2,7.2,11.8,0.0,8.7,72,3
Sialkot,2024-12-23,16.8,6.9,11.3,0.0,9.8,73,3
Sialkot,2024-12-24,18.9,7.1,12.1,0.0,7.6,66,0
Sialkot,2024-12-25,20.5,6.4,12.6,0.0,11.4,61,0
Sialkot,2024-12-26,19.9,5.7,12.1,0.0,8.4,63,1
Sialkot,2024-12-27,16.9,6.6,11.6,0.5,12.1,81,51
Sialkot,2024-12-28,16.4,9.5,11.9,1.3,9.0,89,51
Sialkot,2024-12-29,19.0,6.8,11.6,0.0,11.6,80,3
Sialkot,2024-12-30,17.5,5.6,10.4,0.0,10.6,78,3
Sialkot,2024-12-31,16.2,4.9,9.8,0.0,6.6,88,3
Sialkot,2025-01-01,16.1,7.2,10.5,0.0,6.8,89,3
Sialkot,2025-01-02,17.4,6.4,10.9,0.0,6.3,86,3
Sialkot,2025-01-03,18.4,6.9,11.8,0.0,5.5,84,3
Sialkot,2025-01-04,19.8,7.1,12.1,0.0,6.5,86,3
Sialkot,2025-01-05,15.6,8.4,11.7,61.2,16.1,89,65
Sialkot,2025-01-06,17.5,9.2,12.8,0.0,12.2,83,2
Sialkot,2025-01-07,18.1,6.8,11.3,0.0,9.6,82,3
Sialkot,2025-01-08,17.0,5.2,9.8,0.0,6.5,82,3
Sialkot,2025-01-09,16.6,4.9,9.9,0.0,5.3,88,3
Sialkot,2025-01-10,14.9,5.4,9.0,0.0,5.3,93,3
Sialkot,2025-01-11,14.4,6.4,10.6,0.7,9.1,90,53
Sialkot,2025-01-12,18.0,9.4,12.7,2.1,11.2,82,55
Sialkot,2025-01-13,17.6,6.4,11.1,0.0,11.6,81,2
Sialkot,2025-01-14,17.3,4.9,10.4,0.0,10.2,75,3
Sialkot,2025-01-15,17.5,4.0,10.3,0.0,5.4,78,3
Sialkot,2025-01-16,14.8,7.7,10.5,4.4,16.8,88,61
Sialkot,2025-01-17,17.5,4.7,10.6,0.0,8.8,79,3
Sialkot,2025-01-18,17.4,7.1,11.5,0.0,5.8,83,3
Sialkot,2025-01-19,17.9,6.3,11.8,0.0,9.2,79,3
Sialkot,2025-01-20,20.6,8.4,13.7,0.0,14.8,67,3
Sialkot,2025-01-21,20.1,8.4,13.9,0.0,10.5,70,2
Sialkot,2025-01-22,20.4,7.7,13.4,0.0,12.2,68,1
Sialkot,2025-01-23,20.0,6.6,12.6,0.0,9.5,63,0
Sialkot,2025-01-24,19.6,4.9,11.8,0.0,8.7,64,1
Sialkot,2025-01-25,18.1,4.1,10.7,0.0,8.7,73,0
Sialkot,2025-01-26,19.4,4.5,11.0,0.0,8.4,75,0
Sialkot,2025-01-27,19.4,4.2,11.1,0.0,5.0,78,3
Sialkot,2025-01-28,20.0,4.0,11.6,0.0,8.2,76,3
Sialkot,2025-01-29,18.1,8.8,13.4,0.0,12.5,74,3
Sialkot,2025-01-30,21.7,8.8,14.6,0.0,12.4,53,3
Sialkot,2025-01-31,21.1,7.8,13.8,0.0,12.5,67,3
Sialkot,2025-02-01,19.2,10.1,13.4,6.7,19.0,78,61
Sialkot,2025-02-02,20.5,8.0,13.1,0.0,8.6,74,0
Sialkot,2025-02-03,19.7,6.3,12.1,0.0,7.8,79,3
Sialkot,2025-02-04,19.2,7.8,12.9,0.0,13.9,74,2
Sialkot,2025-02-05,18.7,6.4,12.0,0.0,8.5,76,1
Sialkot,2025-02-06,19.9,6.9,12.7,0.0,13.5,58,0
Sialkot,2025-02-07,21.0,5.9,13.0,0.0,14.5,49,3
Sialkot,2025-02-08,19.8,5.7,12.7,0.0,8.5,67,3
Sialkot,2025-02-09,21.7,7.2,14.1,0.0,5.8,75,3
Sialkot,2025-02-10,20.5,10.2,14.7,0.1,8.4,75,51
Sialkot,2025-02-11,20.9,9.7,14.6,0.6,12.4,66,53
Sialkot,2025-02-12,22.6,7.8,14.6,0.0,13.1,52,0
Sialkot,2025-02-13,22.4,6.4,13.8,0.0,14.3,46,3
Sialkot,2025-02-14,21.7,7.1,14.1,0.0,11.3,46,3
Sialkot,2025-02-15,22.4,11.6,16.2,0.0,17.0,58,3
Sialkot,2025-02-16,23.2,9.7,16.0,0.0,8.5,65,3
Sialkot,2025-02-17,24.2,10.1,16.7,0.0,12.1,55,3
Sialkot,2025-02-18,24.9,11.1,17.4,0.0,11.1,44,3
Sialkot,2025-02-19,23.6,10.6,16.8,0.1,15.2,55,51
Sialkot,2025-02-20,14.9,10.2,12.8,30.1,18.1,90,63
Sialkot,2025-02-21,19.9,8.8,14.2,0.0,9.1,79,3
Sialkot,2025-02-22,21.4,9.5,15.2,0.0,7.6,76,3
Sialkot,2025-02-23,22.6,9.5,15.6,0.0,9.5,74,3
Sialkot,2025-02-24,24.2,10.0,16.6,0.0,11.7,69,3
Sialkot,2025-02-25,19.0,12.6,15.6,2.4,12.9,85,53
Sialkot,2025-02-26,21.7,14.4,17.1,6.2,17.5,77,61
Sialkot,2025-02-27,17.5,13.5,15.4,46.4,21.9,88,63
Sialkot,2025-02-28,19.3,12.2,14.8,29.5,13.3,88,63
Sialkot,2025-03-01,21.5,10.8,15.5,0.0,10.0,75,1
Sialkot,2025-03-02,22.1,8.8,15.1,0.0,9.2,67,0
Sialkot,2025-03-03,18.9,10.6,14.2,2.4,19.5,79,61
Sialkot,2025-03-04,18.9,9.4,14.0,0.1,16.7,63,51
Sialkot,2025-03-05,22.0,9.4,15.0,0.0,19.3,53,2
Sialkot,2025-03-06,22.6,7.1,14.9,0.0,9.2,69,3
Sialkot,2025-03-07,24.0,9.0,16.4,0.0,11.8,74,3
Sialkot,2025-03-08,25.6,10.5,17.3,0.0,10.5,72,3
Sialkot,2025-03-09,25.6,11.8,18.7,0.0,10.2,74,3
Sialkot,2025-03-10,23.8,16.5,19.6,0.4,17.7,67,51
Sialkot,2025-03-11,26.5,16.1,19.9,0.0,20.8,61,3
Sialkot,2025-03-12,24.6,15.0,19.7,0.0,15.3,65,3
Sialkot,2025-03-13,22.8,15.5,18.6,0.9,16.9,68,53
Sialkot,2025-03-14,22.3,12.9,16.8,5.2,19.2,68,61
Sialkot,2025-03-15,22.7,12.4,16.5,1.4,16.4,80,61
Sialkot,2025-03-16,24.3,11.8,17.7,0.0,9.2,67,1
Sialkot,2025-03-17,25.5,11.6,18.6,0.0,9.6,66,0
Sialkot,2025-03-18,26.8,11.7,19.3,0.0,14.4,60,3
Sialkot,2025-03-19,27.1,13.4,19.5,0.1,11.6,67,51
Sialkot,2025-03-20,29.0,12.4,20.4,0.0,11.8,52,0
Sialkot,2025-03-21,28.3,13.5,20.2,0.0,13.7,54,0
Sialkot,2025-03-22,28.0,11.6,19.8,0.0,10.8,60,2
Sialkot,2025-03-23,28.3,12.6,20.2,0.0,9.4,65,3
Sialkot,2025-03-24,29.0,14.1,21.3,0.0,9.8,69,3
Sialkot,2025-03-25,29.0,16.1,22.1,0.0,13.5,67,3
Sialkot,2025-03-26,29.2,18.2,23.6,0.0,22.6,56,3
Sialkot,2025-03-27,29.9,17.3,23.0,0.0,20.3,52,2
Sialkot,2025-03-28,23.1,12.8,18.0,0.0,15.0,46,1
Sialkot,2025-03-29,27.0,12.0,19.1,0.0,15.5,37,3
Sialkot,2025-03-30,27.6,10.9,19.4,0.0,11.1,49,0
Sialkot,2025-03-31,30.2,12.8,20.8,0.0,14.6,48,0
Sialkot,2025-04-01,29.6,11.8,20.3,0.0,9.1,52,0
Sialkot,2025-04-02,29.5,12.3,20.5,0.0,11.0,59,3
Sialkot,2025-04-03,29.7,13.6,21.5,0.0,12.6,46,3
Sialkot,2025-04-04,30.7,15.1,22.5,0.0,13.5,43,0
Sialkot,2025-04-05,31.4,14.1,22.6,0.0,9.8,53,3
Sialkot,2025-04-06,32.3,15.9,24.2,0.0,11.9,58,3
Sialkot,2025-04-07,34.0,19.0,26.2,0.0,10.5,54,3
Sialkot,2025-04-08,33.9,19.4,26.4,0.0,16.2,55,3
Sialkot,2025-04-09,34.2,22.9,28.1,0.0,15.9,41,3
Sialkot,2025-04-10,32.1,20.9,26.2,0.0,23.6,44,3
Sialkot,2025-04-11,29.4,18.8,23.1,4.4,20.0,58,61
Sialkot,2025-04-12,30.3,17.7,23.6,0.0,13.5,54,1
Sialkot,2025-04-13,31.5,17.2,24.5,0.0,7.6,58,0
Sialkot,2025-04-14,32.8,18.5,26.1,0.0,11.7,61,0
Sialkot,2025-04-15,33.5,21.0,27.1,0.0,15.3,58,3
Sialkot,2025-04-16,33.2,20.5,26.1,2.9,28.6,60,61
Sialkot,2025-04-17,34.3,20.0,27.2,0.0,13.2,51,3
Sialkot,2025-04-18,35.1,20.2,26.3,15.7,20.3,59,65
Sialkot,2025-04-19,33.7,19.8,26.0,11.9,31.7,50,63
Sialkot,2025-04-20,32.5,20.0,25.1,0.1,29.9,49,51
Sialkot,2025-04-21,34.5,18.3,26.0,0.0,14.8,46,1
Sialkot,2025-04-22,34.8,19.3,26.7,0.0,13.1,37,1
Sialkot,2025-04-23,35.0,19.6,26.7,0.0,12.2,32,2
Sialkot,2025-04-24,35.0,17.6,26.3,0.0,18.1,35,2
Sialkot,2025-04-25,36.5,21.1,28.3,0.0,15.7,29,1
Sialkot,2025-04-26,36.8,21.6,27.9,0.0,15.1,27,3
Sialkot,2025-04-27,36.8,21.1,28.5,0.0,12.6,29,0
Sialkot,2025-04-28,37.4,19.5,28.1,0.0,10.2,36,1
Sialkot,2025-04-29,35.5,21.8,28.3,0.0,18.7,43,0
Sialkot,2025-04-30,36.0,22.4,29.1,0.0,16.7,46,3
Sialkot,2025-05-01,33.8,23.4,28.3,0.0,18.8,51,3
Sialkot,2025-05-02,29.2,22.6,25.1,8.2,15.0,66,63
Sialkot,2025-05-03,30.8,21.0,25.7,0.0,12.7,60,3
Sialkot,2025-05-04,34.1,20.4,26.2,0.8,15.9,55,53
Sialkot,2025-05-05,27.5,20.5,24.1,9.6,13.1,72,63
Sialkot,2025-05-06,32.2,20.4,26.7,0.0,7.6,62,3
Sialkot,2025-05-07,31.6,21.7,27.0,0.0,16.9,59,3
Sialkot,2025-05-08,32.5,22.4,26.8,0.4,9.5,63,51
Sialkot,2025-05-09,31.5,21.9,26.6,3.8,16.1,66,61
Sialkot,2025-05-10,32.3,21.5,27.5,0.0,11.7,61,3
Sialkot,2025-05-11,33.5,21.3,26.9,0.5,14.9,58,53
Sialkot,2025-05-12,33.7,20.8,27.5,0.0,12.3,51,3
Sialkot,2025-05-13,35.2,21.5,28.6,0.3,14.8,43,51
Sialkot,2025-05-14,38.1,22.2,29.9,0.0,14.9,36,3
Sialkot,2025-05-15,39.0,21.0,30.6,0.0,11.0,38,1
Sialkot,2025-05-16,38.7,22.4,30.5,0.0,13.2,41,3
Sialkot,2025-05-17,39.2,22.1,31.1,0.0,11.3,44,0
Sialkot,2025-05-18,39.4,24.1,31.8,0.0,14.9,44,3
Sialkot,2025-05-19,37.2,25.5,30.6,0.9,17.7,44,53
Sialkot,2025-05-20,40.0,23.1,32.0,0.0,13.9,37,3
Sialkot,2025-05-21,37.8,24.6,31.6,1.1,19.4,45,55
Sialkot,2025-05-22,37.7,25.8,31.2,0.0,20.0,48,0
Sialkot,2025-05-23,37.0,26.5,31.8,0.0,15.6,50,3
Sialkot,2025-05-24,35.2,23.6,28.9,15.1,14.7,62,63
Sialkot,2025-05-25,35.2,23.0,29.5,0.0,13.8,52,2
Sialkot,2025-05-26,38.0,24.0,31.6,0.0,9.9,43,1
Sialkot,2025-05-27,38.2,26.0,32.7,0.4,19.4,42,51
Sialkot,2025-05-28,38.0,26.8,32.6,1.0,11.7,38,55
Sialkot,2025-05-29,37.6,24.8,31.5,0.7,15.3,38,51
Sialkot,2025-05-30,36.8,25.5,31.0,0.4,21.3,35,51
Sialkot,2025-05-31,33.2,22.9,27.7,1.1,35.1,45,53
Sialkot,2025-06-01,35.4,22.5,28.9,0.0,20.4,38,3
Sialkot,2025-06-02,35.7,21.4,29.6,0.2,14.5,33,51
Sialkot,2025-06-03,34.0,23.7,28.3,0.0,17.9,41,3
Sialkot,2025-06-04,32.1,21.1,27.3,0.0,17.4,47,3
Sialkot,2025-06-05,36.2,21.2,29.1,0.0,11.3,44,1
Sialkot,2025-06-06,38.4,22.8,31.3,0.0,12.2,41,1
Sialkot,2025-06-07,40.5,25.0,33.3,0.0,11.0,43,1
Sialkot,2025-06-08,42.4,26.5,35.1,0.0,15.0,36,0
Sialkot,2025-06-09,43.5,26.1,35.4,0.0,12.5,28,0
Sialkot,2025-06-10,42.3,26.5,34.9,0.0,12.8,36,0
Sialkot,2025-06-11,43.8,27.8,35.8,0.0,12.4,39,1
Sialkot,2025-06-12,44.0,27.9,35.9,0.0,12.5,37,1
Sialkot,2025-06-13,40.2,29.1,35.0,0.3,20.4,40,51
Sialkot,2025-06-14,40.8,27.6,34.8,0.0,12.0,36,1
Sialkot,2025-06-15,41.2,28.0,33.6,0.0,13.3,43,3
Sialkot,2025-06-16,33.8,27.4,30.3,0.4,8.7,60,51
Sialkot,2025-06-17,34.7,25.8,30.2,0.8,15.4,62,53
Sialkot,2025-06-18,38.2,25.0,32.2,0.0,12.2,56,1
Sialkot,2025-06-19,38.2,28.0,33.1,1.4,13.9,58,53
Sialkot,2025-06-20,37.0,29.2,32.9,0.9,16.4,63,51
Sialkot,2025-06-21,35.8,25.5,30.6,7.9,16.9,72,63
Sialkot,2025-06-22,34.2,26.6,29.7,24.7,11.8,78,65
Sialkot,2025-06-23,36.6,26.5,31.6,0.1,7.9,69,51
Sialkot,2025-06-24,35.9,27.8,31.7,1.0,14.0,72,53
Sialkot,2025-06-25,31.8,25.6,28.5,19.9,17.4,84,63
Sialkot,2025-06-26,33.0,25.3,29.3,8.3,16.6,78,63
Sialkot,2025-06-27,34.0,25.2,29.8,5.0,17.4,79,61
Sialkot,2025-06-28,35.7,26.9,31.5,0.0,14.2,72,3
Sialkot,2025-06-29,36.1,25.2,29.9,4.9,19.0,79,61
Sialkot,2025-06-30,34.4,24.9,29.1,18.2,12.7,80,63
Sialkot,2025-07-01,33.3,24.0,28.4,45.1,18.1,79,65
Sialkot,2025-07-02,34.7,25.2,29.9,0.2,8.0,72,51
Sialkot,2025-07-03,34.2,27.1,30.4,0.7,11.7,73,53
Sialkot,2025-07-04,34.8,27.0,31.2,0.1,11.5,73,51
Sialkot,2025-07-05,35.2,25.2,30.4,12.0,17.6,78,63
Sialkot,2025-07-06,31.5,24.9,28.1,27.3,16.0,84,65
Sialkot,2025-07-07,34.7,25.8,29.9,0.2,11.0,77,51
Sialkot,2025-07-08,32.7,25.6,28.4,16.3,10.8,84,65
Sialkot,2025-07-09,33.6,25.5,28.3,7.2,10.4,83,63
Sialkot,2025-07-10,30.5,23.8,26.4,44.5,15.4,86,65
Sialkot,2025-07-11,33.5,24.0,29.1,0.0,9.7,73,2
Sialkot,2025-07-12,34.2,25.8,29.7,0.1,13.6,73,51
Sialkot,2025-07-13,33.5,26.0,29.6,2.7,9.2,79,55
Sialkot,2025-07-14,33.1,26.5,28.7,0.0,8.5,80,3
Sialkot,2025-07-15,32.2,24.8,27.9,16.2,12.4,83,65
Sialkot,2025-07-16,30.1,25.3,27.3,42.6,19.6,87,63
Sialkot,2025-07-17,32.4,26.8,28.9,6.1,19.0,79,63
Sialkot,2025-07-18,33.8,25.1,29.6,0.2,10.9,74,51
Sialkot,2025-07-19,35.0,26.5,30.6,0.0,6.6,76,3
Sialkot,2025-07-20,34.8,27.2,30.7,0.8,10.3,76,51
Sialkot,2025-07-21,30.5,26.3,27.9,10.2,18.8,88,61
Sialkot,2025-07-22,30.9,25.3,27.1,27.2,14.0,87,65
Sialkot,2025-07-23,33.4,24.6,28.1,0.7,10.9,81,51
Sialkot,2025-07-24,33.2,23.8,28.5,15.1,9.2,82,63
Sialkot,2025-07-25,33.9,25.5,29.7,0.0,8.4,78,3
Sialkot,2025-07-26,35.0,26.7,30.8,0.0,8.1,77,1
Sialkot,2025-07-27,35.1,27.4,30.9,2.0,16.0,78,55
Sialkot,2025-07-28,35.0,25.9,29.6,4.7,13.6,83,53
Sialkot,2025-07-29,32.5,24.7,28.3,21.6,17.6,87,63
Sialkot,2025-07-30,30.9,24.2,27.4,37.2,15.3,86,65
Sialkot,2025-07-31,31.8,24.8,28.2,5.9,15.3,81,61
Sialkot,2025-08-01,29.5,24.8,27.4,1.6,12.2,86,55
Sialkot,2025-08-02,32.0,25.2,28.5,0.0,12.4,82,3
Sialkot,2025-08-03,33.2,25.2,29.1,3.0,12.6,83,61
Sialkot,2025-08-04,33.6,24.0,28.8,10.6,15.1,82,63
Sialkot,2025-08-05,32.5,23.9,27.8,20.3,20.2,85,63
Sialkot,2025-08-06,32.2,23.5,27.4,8.8,14.5,83,63
Sialkot,2025-08-07,33.2,24.4,28.6,0.1,9.8,81,51
Sialkot,2025-08-08,34.5,26.0,29.8,0.5,10.1,77,51
Sialkot,2025-08-09,32.6,24.3,29.0,1.8,10.8,81,61
Sialkot,2025-08-10,33.8,26.2,29.8,0.1,10.3,81,51
Sialkot,2025-08-11,35.0,25.7,29.6,2.7,18.6,83,55
Sialkot,2025-08-12,30.1,26.5,27.9,3.7,17.7,87,61
Sialkot,2025-08-13,33.0,26.2,29.4,0.4,7.2,81,51
Sialkot,2025-08-14,28.5,25.4,26.8,42.2,14.7,94,65
Sialkot,2025-08-15,31.5,25.1,27.7,8.7,8.8,87,63
Sialkot,2025-08-16,32.8,24.9,28.9,8.9,11.1,83,65
Sialkot,2025-08-17,32.8,24.5,28.4,9.9,14.9,84,63
Sialkot,2025-08-18,30.2,25.5,27.3,2.4,14.1,86,53
Sialkot,2025-08-19,33.3,24.7,28.8,0.2,7.3,79,51
Sialkot,2025-08-20,32.3,24.1,27.8,2.6,12.3,83,61
Sialkot,2025-08-21,33.0,23.9,28.8,0.0,6.2,78,0
Sialkot,2025-08-22,32.9,25.5,29.4,0.3,9.5,80,51
Sialkot,2025-08-23,30.9,26.0,28.1,6.0,12.2,86,63
Sialkot,2025-08-24,27.0,24.2,25.5,26.8,17.1,92,65
Sialkot,2025-08-25,26.6,23.3,24.4,12.0,14.4,92,63
Sialkot,2025-08-26,25.6,22.6,23.6,167.3,21.2,92,65
Sialkot,2025-08-27,30.1,22.7,26.2,41.9,10.3,87,65
Sialkot,2025-08-28,32.5,24.1,28.5,0.3,8.3,82,51
Sialkot,2025-08-29,32.2,24.6,27.8,14.6,15.2,85,63
Sialkot,2025-08-30,30.1,24.0,26.5,17.1,14.6,88,63
Sialkot,2025-08-31,26.0,24.0,25.2,22.4,11.9,94,63
Sialkot,2025-09-01,28.8,22.5,25.6,20.9,15.3,85,63
Sialkot,2025-09-02,26.1,22.6,23.9,25.0,17.7,89,65
Sialkot,2025-09-03,27.5,22.2,24.4,54.0,15.3,86,65
Sialkot,2025-09-04,30.9,22.1,26.1,10.6,10.6,82,63
Sialkot,2025-09-05,32.6,23.5,27.9,0.0,7.3,76,3
Sialkot,2025-09-06,31.6,25.0,28.1,0.7,8.6,83,53
Sialkot,2025-09-07,31.0,25.3,27.4,0.9,7.8,85,53
Sialkot,2025-09-08,29.4,24.0,26.6,0.5,11.9,87,51
Sialkot,2025-09-09,32.1,24.3,27.9,0.7,6.2,83,53
Sialkot,2025-09-10,32.2,24.6,28.4,0.2,11.3,80,51
Sialkot,2025-09-11,31.5,24.5,27.7,2.3,7.1,85,53
Sialkot,2025-09-12,32.2,25.2,28.2,0.6,8.8,84,51
Sialkot,2025-09-13,32.4,24.9,28.4,0.2,9.9,82,51
Sialkot,2025-09-14,32.2,24.7,28.2,0.3,11.4,84,51
Sialkot,2025-09-15,32.8,25.0,28.4,0.6,13.9,82,53
Sialkot,2025-09-16,32.4,23.8,27.5,21.0,14.9,82,65
Sialkot,2025-09-17,33.2,24.5,28.9,0.0,9.5,76,0
Sialkot,2025-09-18,33.0,23.8,28.4,0.4,12.7,75,51
Sialkot,2025-09-19,32.9,23.1,27.6,5.9,22.7,78,63
Sialkot,2025-09-20,33.0,22.8,27.8,0.0,8.5,77,0
Sialkot,2025-09-21,33.1,23.8,28.3,0.2,9.0,77,51
Sialkot,2025-09-22,33.5,24.4,28.9,0.0,9.4,73,1
Sialkot,2025-09-23,34.0,24.3,29.2,0.0,10.5,67,0
Sialkot,2025-09-24,33.7,23.7,29.0,0.0,8.5,67,0
Sialkot,2025-09-25,33.8,24.2,29.1,0.0,11.3,68,3
Sialkot,2025-09-26,34.0,23.7,28.9,0.0,10.7,66,0
Sialkot,2025-09-27,34.7,22.6,28.6,0.0,6.9,68,0
Sialkot,2025-09-28,34.5,22.9,28.8,0.0,7.8,68,0
Sialkot,2025-09-29,34.3,24.0,29.0,0.0,7.1,66,0
Sialkot,2025-09-30,34.6,23.1,28.9,0.0,8.6,65,0
Sialkot,2025-10-01,32.0,22.7,27.4,0.0,12.1,71,3
Sialkot,2025-10-02,33.5,21.5,27.6,2.1,21.4,70,61
Sialkot,2025-10-03,30.3,21.9,25.8,5.9,17.9,74,63
Sialkot,2025-10-04,30.4,21.3,25.0,1.5,12.4,78,61
Sialkot,2025-10-05,28.5,19.2,23.8,4.9,21.3,72,61
Sialkot,2025-10-06,23.9,17.8,20.4,30.6,25.2,77,65
Sialkot,2025-10-07,25.2,16.4,20.0,0.5,12.8,76,53
Sialkot,2025-10-08,27.4,16.8,21.6,0.0,8.1,75,0
Sialkot,2025-10-09,27.9,17.1,22.3,0.0,8.0,70,0
Sialkot,2025-10-10,29.0,17.4,22.9,0.0,8.5,66,0
Sialkot,2025-10-11,30.3,17.6,23.2,0.0,9.3,66,0
Sialkot,2025-10-12,29.8,16.6,23.0,0.0,8.3,68,0
Sialkot,2025-10-13,30.0,16.6,22.9,0.0,7.1,73,0
Sialkot,2025-10-14,30.7,18.6,24.0,0.0,6.6,71,1
Sialkot,2025-10-15,30.2,19.6,24.4,0.0,5.0,70,0
Sialkot,2025-10-16,30.8,18.8,24.2,0.0,4.8,66,0
Sialkot,2025-10-17,31.1,18.5,24.3,0.0,4.5,65,0
Sialkot,2025-10-18,30.8,17.8,24.1,0.0,5.8,66,0
Sialkot,2025-10-19,30.9,17.8,23.9,0.0,6.5,67,1
Sialkot,2025-10-20,30.6,17.2,23.4,0.0,7.1,66,1
Sialkot,2025-10-21,30.0,16.4,22.8,0.0,7.7,62,0
Sialkot,2025-10-22,30.0,16.4,22.6,0.0,9.6,61,0
Sialkot,2025-10-23,29.5,17.0,22.6,0.0,10.1,70,0
Sialkot,2025-10-24,29.4,16.6,22.7,0.0,7.3,69,0
Sialkot,2025-10-25,28.9,16.3,21.9,0.0,8.6,70,0
Sialkot,2025-10-26,28.3,15.1,21.5,0.0,7.2,74,0
Sialkot,2025-10-27,28.2,15.2,21.6,0.0,7.6,73,0
Sialkot,2025-10-28,28.1,16.5,21.9,0.0,7.9,72,0
Sialkot,2025-10-29,27.7,17.0,22.0,0.0,7.0,73,0
Sialkot,2025-10-30,28.6,16.3,21.9,0.0,7.6,72,0
Sialkot,2025-10-31,28.5,16.0,21.6,0.0,8.4,72,0
Sialkot,2025-11-01,28.6,16.1,21.8,0.0,11.2,71,0
Sialkot,2025-11-02,28.0,15.3,21.1,0.0,11.4,74,3
Sialkot,2025-11-03,27.4,15.2,20.6,0.0,10.1,74,0
Sialkot,2025-11-04,27.9,17.4,21.2,1.3,17.6,62,55
Sialkot,2025-11-05,25.5,15.2,19.6,0.0,14.9,56,1
Sialkot,2025-11-06,24.6,12.6,17.9,0.0,11.3,66,0
Sialkot,2025-11-07,24.9,11.7,17.4,0.0,7.5,69,0
Sialkot,2025-11-08,25.5,11.6,17.7,0.0,8.9,64,0
Sialkot,2025-11-09,24.6,10.8,16.9,0.0,8.7,63,0
Sialkot,2025-11-10,24.7,10.6,16.7,0.0,8.3,62,0
Sialkot,2025-11-11,24.8,10.4,16.9,0.0,9.6,60,0
Sialkot,2025-11-12,24.6,10.1,16.9,0.0,8.8,58,0
Sialkot,2025-11-13,24.1,8.9,16.3,0.0,8.3,60,0
Sialkot,2025-11-14,24.0,9.3,16.1,0.0,7.8,65,0
Sialkot,2025-11-15,24.0,9.1,16.1,0.0,6.7,66,0
Sialkot,2025-11-16,23.5,9.2,16.0,0.0,7.6,67,3
Sialkot,2025-11-17,23.1,9.6,15.9,0.0,7.6,68,3
Sialkot,2025-11-18,23.8,10.4,16.5,0.0,6.1,67,1
Sialkot,2025-11-19,23.9,10.3,16.8,0.0,7.3,68,1
Sialkot,2025-11-20,23.4,10.9,16.8,0.0,7.0,67,0
Sialkot,2025-11-21,23.5,11.6,16.8,0.0,7.6,67,0
Sialkot,2025-11-22,22.5,10.3,15.8,0.0,7.8,71,0
Sialkot,2025-11-23,22.2,9.4,15.3,0.0,6.4,73,0
Sialkot,2025-11-24,21.8,9.1,14.7,0.0,6.5,72,0
Sialkot,2025-11-25,21.3,8.2,14.1,0.0,8.3,72,0
Sialkot,2025-11-26,21.1,8.1,13.8,0.0,5.9,75,0
Sialkot,2025-11-27,20.8,7.7,13.7,0.0,4.7,69,0
Sialkot,2025-11-28,21.7,7.3,13.8,0.0,8.1,65,0
Sialkot,2025-11-29,21.3,7.6,13.8,0.0,8.3,63,0
Sialkot,2025-11-30,20.5,7.0,13.4,0.0,9.6,66,3
Sialkot,2025-12-01,20.6,7.2,13.2,0.0,6.7,70,3
Sialkot,2025-12-02,20.0,7.2,12.9,0.0,5.5,72,1
Sialkot,2025-12-03,20.4,6.7,13.0,0.0,9.4,70,0
Sialkot,2025-12-04,20.2,7.2,12.9,0.0,7.0,70,3
Sialkot,2025-12-05,20.5,7.1,13.2,0.0,9.2,71,3
Sialkot,2025-12-06,20.6,6.6,13.1,0.0,10.3,66,3
Sialkot,2025-12-07,21.1,7.2,13.3,0.0,6.2,73,2
Sialkot,2025-12-08,22.6,7.4,14.6,0.0,13.1,62,0
Sialkot,2025-12-09,20.9,6.0,13.7,0.0,10.7,62,3
Sialkot,2025-12-10,21.4,7.0,13.8,0.0,7.7,68,3
Sialkot,2025-12-11,21.2,7.1,13.6,0.0,7.8,73,0
Sialkot,2025-12-12,20.6,7.2,13.7,0.0,6.8,77,3
Sialkot,2025-12-13,18.5,8.9,13.7,0.0,8.4,83,3
Sialkot,2025-12-14,20.7,10.4,15.0,0.0,8.1,75,3
Sialkot,2025-12-15,21.7,9.3,14.9,0.0,10.8,72,3
Sialkot,2025-12-16,21.7,8.9,14.6,0.0,10.1,73,3
Sialkot,2025-12-17,21.5,8.6,14.2,0.0,7.4,79,3
Sialkot,2025-12-18,20.1,9.8,14.4,0.0,4.0,85,3
Sialkot,2025-12-19,18.9,8.9,13.0,0.0,5.8,89,3
Sialkot,2025-12-20,17.0,8.4,12.6,0.0,6.2,93,3
Sialkot,2025-12-21,19.2,11.3,14.1,0.4,9.8,86,51
Sialkot,2025-12-22,18.8,9.6,13.9,1.2,9.2,89,53
Sialkot,2025-12-23,20.9,10.8,15.1,0.5,13.5,72,53
Sialkot,2025-12-24,19.2,8.6,13.0,0.0,10.8,75,2
Sialkot,2025-12-25,18.0,7.1,11.6,0.0,5.7,88,3
Sialkot,2025-12-26,19.0,8.2,12.5,0.0,5.2,83,3
Sialkot,2025-12-27,17.5,6.6,11.4,0.0,7.2,85,3
Sialkot,2025-12-28,16.6,7.2,11.4,0.0,6.7,91,3
Sialkot,2025-12-29,16.8,8.2,11.6,0.0,9.8,90,3
Sialkot,2025-12-30,17.5,8.6,12.0,0.0,9.0,89,3
Sialkot,2025-12-31,15.4,8.4,11.2,0.7,7.2,90,51
Sialkot,2026-01-01,16.0,9.0,11.9,3.5,11.7,87,63
Sialkot,2026-01-02,16.2,8.2,11.3,0.0,7.7,90,3
Sialkot,2026-01-03,15.6,8.1,10.7,0.0,6.1,92,3
Sialkot,2026-01-04,14.6,7.9,10.4,0.0,6.1,92,3
Sialkot,2026-01-05,15.0,8.2,10.7,0.0,6.8,92,3
Sialkot,2026-01-06,15.0,7.7,10.4,0.0,5.6,91,3
Sialkot,2026-01-07,13.9,6.9,9.5,0.0,4.9,94,3
Sialkot,2026-01-08,12.7,5.4,8.7,0.0,6.0,92,3
Sialkot,2026-01-09,13.1,5.9,8.7,0.0,7.6,87,3
Sialkot,2026-01-10,13.6,4.7,7.8,0.0,8.8,90,3
Sialkot,2026-01-11,13.1,4.7,7.3,0.0,8.1,91,3
Sialkot,2026-01-12,12.4,3.9,7.1,0.0,5.8,92,3
Sialkot,2026-01-13,12.4,3.8,7.2,0.0,4.9,94,3
Sialkot,2026-01-14,12.8,5.7,7.7,0.0,5.1,93,3
Sialkot,2026-01-15,13.8,4.0,7.8,0.0,5.6,93,3
Sialkot,2026-01-16,13.8,4.8,8.1,0.0,5.5,93,3
Sialkot,2026-01-17,16.0,5.4,9.3,0.0,5.0,89,3
Sialkot,2026-01-18,17.0,4.2,9.7,0.0,4.9,88,3
Sialkot,2026-01-19,18.4,5.6,11.4,0.0,5.5,84,3
Sialkot,2026-01-20,19.7,6.1,12.0,0.0,9.6,78,3
Sialkot,2026-01-21,18.9,5.1,11.6,0.0,9.0,79,3
Sialkot,2026-01-22,18.5,5.6,12.1,5.4,29.0,74,63
Sialkot,2026-01-23,12.8,6.8,10.9,38.9,24.1,89,65
Sialkot,2026-01-24,14.2,5.7,8.9,0.3,13.8,76,51
Sialkot,2026-01-25,18.3,6.0,11.0,0.0,8.1,77,3
Sialkot,2026-01-26,15.2,7.2,10.9,0.3,10.4,86,51
Sialkot,2026-01-27,14.9,8.9,11.6,4.7,16.6,84,61
Sialkot,2026-01-28,17.0,6.4,11.1,0.0,7.1,84,3
Sialkot,2026-01-29,18.0,5.9,11.5,0.0,9.2,80,3
Sialkot,2026-01-30,19.2,7.9,12.9,0.0,7.1,77,3
Sialkot,2026-01-31,18.6,8.4,13.3,0.0,8.1,81,3
Sialkot,2026-02-01,18.0,9.1,13.3,0.0,10.8,84,3
Sialkot,2026-02-02,19.5,8.6,13.4,0.0,9.2,78,3
Sialkot,2026-02-03,18.5,7.6,12.9,0.2,9.7,80,51
Sialkot,2026-02-04,21.0,8.2,13.8,0.0,13.1,64,3
Sialkot,2026-02-05,19.0,5.6,12.4,0.0,10.1,74,3
Sialkot,2026-02-06,20.5,7.1,13.2,0.0,10.0,75,1
Sialkot,2026-02-07,20.5,9.8,14.3,0.0,12.2,64,0
Sialkot,2026-02-08,20.8,6.9,13.4,0.0,6.8,74,3
Sialkot,2026-02-09,20.7,8.5,14.5,0.0,11.0,77,3
Sialkot,2026-02-10,18.7,9.7,14.0,0.1,14.8,77,51
Sialkot,2026-02-11,23.3,9.8,15.8,0.0,13.2,59,3
Sialkot,2026-02-12,22.1,7.7,14.7,0.0,11.9,73,3
Sialkot,2026-02-13,23.0,9.3,15.4,0.0,7.3,76,3
Sialkot,2026-02-14,25.0,9.0,16.6,0.0,12.0,69,3
Sialkot,2026-02-15,24.4,9.7,16.5,0.0,8.0,71,3
Sialkot,2026-02-16,24.3,9.8,16.7,0.0,7.0,75,3
Sialkot,2026-02-17,24.0,11.5,17.7,0.0,7.1,69,3
Sialkot,2026-02-18,22.1,12.5,17.0,0.0,8.5,80,3
Sialkot,2026-02-19,25.5,10.8,17.8,0.0,10.0,72,1
Sialkot,2026-02-20,25.8,11.9,18.7,0.0,11.9,68,1
Sialkot,2026-02-21,24.0,10.6,17.6,0.0,8.9,69,2
Sialkot,2026-02-22,25.0,11.6,18.0,0.0,7.5,75,0
Sialkot,2026-02-23,25.0,11.9,18.1,0.0,6.8,76,0
Sialkot,2026-02-24,25.2,12.0,18.2,0.0,9.4,75,3
Sialkot,2026-02-25,25.7,12.2,18.6,0.0,13.8,72,2
Sialkot,2026-02-26,26.0,11.9,18.6,0.0,14.8,72,3
Sialkot,2026-02-27,25.9,12.0,18.5,0.0,8.3,74,2
Sialkot,2026-02-28,27.0,13.9,19.9,0.0,13.9,57,1
Sialkot,2026-03-01,27.4,10.9,18.7,0.0,12.3,59,0
Sialkot,2026-03-02,28.1,11.6,19.2,0.0,13.7,56,2
Sialkot,2026-03-03,28.3,11.1,19.6,0.0,14.2,54,2
Sialkot,2026-03-04,28.5,13.0,20.7,0.0,15.0,64,1
Sialkot,2026-03-05,30.8,15.6,22.4,0.0,13.3,59,3
Sialkot,2026-03-06,29.8,15.4,22.4,0.0,11.1,78,3
Sialkot,2026-03-07,29.1,19.0,23.4,0.0,10.2,77,3
Sialkot,2026-03-08,30.8,17.9,23.7,0.0,9.9,63,2
Sialkot,2026-03-09,30.1,17.0,23.4,0.0,9.8,63,3
Sialkot,2026-03-10,29.4,19.5,24.0,0.0,30.6,71,3
Sialkot,2026-03-11,29.1,19.5,24.1,0.3,12.8,68,51
Sialkot,2026-03-12,26.4,17.5,21.9,4.3,25.1,64,61
Sialkot,2026-03-13,29.4,15.2,21.6,0.0,14.3,51,3
Sialkot,2026-03-14,27.2,14.4,20.2,0.0,12.7,65,3
Sialkot,2026-03-15,21.6,13.7,17.6,11.9,17.1,79,65
Sialkot,2026-03-16,20.4,12.4,15.9,1.4,17.4,74,55
Sialkot,2026-03-17,24.7,12.0,17.9,0.0,11.5,64,3
Sialkot,2026-03-18,18.9,15.4,17.1,5.3,14.7,74,61
Sialkot,2026-03-19,22.2,14.2,16.9,6.6,12.4,82,61
Sialkot,2026-03-20,21.6,13.4,16.8,3.5,12.2,83,61
Sialkot,2026-03-21,22.5,12.1,17.1,0.6,9.3,81,53
Sialkot,2026-03-22,26.2,12.6,19.4,0.0,15.5,70,3
Sialkot,2026-03-23,26.0,15.4,20.4,0.0,13.0,70,3
Sialkot,2026-03-24,28.1,14.9,21.0,0.0,14.1,59,3
Sialkot,2026-03-25,28.5,14.8,21.8,0.2,13.8,59,51
Sialkot,2026-03-26,28.0,17.8,22.5,0.5,16.1,61,53
Sialkot,2026-03-27,27.2,18.1,22.3,0.0,11.9,66,3
Sialkot,2026-03-28,28.1,16.5,22.5,0.0,8.8,70,3
Sialkot,2026-03-29,27.2,18.9,22.6,13.3,15.3,70,63
Sialkot,2026-03-30,27.9,16.8,20.9,30.7,28.8,76,65
Sialkot,2026-03-31,28.8,16.5,21.7,6.4,24.0,63,63
Sialkot,2026-04-01,28.5,17.4,22.5,0.0,13.6,62,3
Sialkot,2026-04-02,30.6,19.1,24.2,0.0,11.0,58,3
Sialkot,2026-04-03,25.0,17.1,21.2,12.0,23.4,73,63
Sialkot,2026-04-04,23.0,14.6,18.1,13.8,14.6,81,63
Sialkot,2026-04-05,25.9,15.0,20.0,0.0,8.9,69,3
Sialkot,2026-04-06,26.7,15.2,21.1,0.0,8.5,65,3
Sialkot,2026-04-07,21.8,15.0,18.2,20.3,16.9,77,63
Sialkot,2026-04-08,21.9,13.6,17.2,0.9,13.8,74,53
Sialkot,2026-04-09,23.3,13.1,17.7,0.1,12.1,74,51
Sialkot,2026-04-10,27.1,13.6,20.7,0.0,18.2,58,3
Sialkot,2026-04-11,27.4,17.9,21.2,3.5,18.0,65,63
Sialkot,2026-04-12,29.0,15.7,22.1,0.0,13.8,55,2
Sialkot,2026-04-13,31.0,15.9,23.4,0.0,13.5,51,3
Sialkot,2026-04-14,33.2,16.4,24.7,0.0,11.2,48,0
Sialkot,2026-04-15,34.6,17.3,25.8,0.0,12.4,43,3
Sialkot,2026-04-16,34.6,19.2,26.4,0.4,13.4,48,51
Sialkot,2026-04-17,29.5,22.8,25.7,0.5,21.7,42,51
Sialkot,2026-04-18,34.0,19.8,26.3,0.0,20.6,46,3
Sialkot,2026-04-19,33.5,22.3,26.8,0.1,18.8,44,51
Sialkot,2026-04-20,35.6,19.2,27.3,0.0,13.4,38,3
Sialkot,2026-04-21,35.6,18.6,27.5,0.0,11.7,38,3
Sialkot,2026-04-22,37.2,20.1,28.8,0.0,13.6,39,3
