country,year,region,internet_users_pct,internet_users_count,population,social_media_pct_2023,source_internet,source_social
Afghanistan,2001,Other,0.0,958.0,20284307,,World Bank (IT.NET.USER.ZS),
Afghanistan,2002,Other,0.0,975.0,21378117,,World Bank (IT.NET.USER.ZS),
Afghanistan,2003,Other,0.09,19980.0,22733049,,World Bank (IT.NET.USER.ZS),
Afghanistan,2004,Other,0.11,24929.0,23560654,,World Bank (IT.NET.USER.ZS),
Afghanistan,2005,Other,1.22,298748.0,24404567,,World Bank (IT.NET.USER.ZS),
Afghanistan,2006,Other,2.11,535717.0,25424094,,World Bank (IT.NET.USER.ZS),
Afghanistan,2007,Other,1.9,492287.0,25909852,,World Bank (IT.NET.USER.ZS),
Afghanistan,2008,Other,1.84,487280.0,26482622,,World Bank (IT.NET.USER.ZS),
Afghanistan,2009,Other,3.55,975047.0,27466101,,World Bank (IT.NET.USER.ZS),
Afghanistan,2010,Other,4.0,1131364.0,28284089,,World Bank (IT.NET.USER.ZS),
Afghanistan,2011,Other,5.0,1467385.0,29347708,,World Bank (IT.NET.USER.ZS),
Afghanistan,2012,Other,5.45,1666897.0,30560034,,World Bank (IT.NET.USER.ZS),
Afghanistan,2013,Other,5.9,1865740.0,31622704,,World Bank (IT.NET.USER.ZS),
Afghanistan,2014,Other,7.0,2295477.0,32792523,,World Bank (IT.NET.USER.ZS),
Afghanistan,2015,Other,8.26,2794504.0,33831764,,World Bank (IT.NET.USER.ZS),
Afghanistan,2016,Other,11.0,3817067.0,34700612,,World Bank (IT.NET.USER.ZS),
Afghanistan,2017,Other,13.5,4818006.0,35688935,,World Bank (IT.NET.USER.ZS),
Afghanistan,2018,Other,16.8,6172830.0,36743039,,World Bank (IT.NET.USER.ZS),
Afghanistan,2019,Other,17.6,6662677.0,37856121,,World Bank (IT.NET.USER.ZS),
Afghanistan,2020,Other,17.05,6660675.0,39068979,,World Bank (IT.NET.USER.ZS),
Afghanistan,2021,Other,16.51,6605788.0,40000412,,World Bank (IT.NET.USER.ZS),
Afghanistan,2022,Other,15.87,6438361.0,40578842,,World Bank (IT.NET.USER.ZS),
Afghanistan,2023,Other,15.93,6603080.0,41454761,,World Bank (IT.NET.USER.ZS),
Africa Eastern and Southern,2005,Other,1.8,8335379.0,463076637,,World Bank (IT.NET.USER.ZS),
Africa Eastern and Southern,2006,Other,1.9,9036518.0,475606210,,World Bank (IT.NET.USER.ZS),
Africa Eastern and Southern,2007,Other,2.7,13191679.0,488580707,,World Bank (IT.NET.USER.ZS),
Africa Eastern and Southern,2008,Other,3.0,15062123.0,502070763,,World Bank (IT.NET.USER.ZS),
Africa Eastern and Southern,2009,Other,3.5,18060121.0,516003448,,World Bank (IT.NET.USER.ZS),
Africa Eastern and Southern,2010,Other,5.3,28106345.0,530308387,,World Bank (IT.NET.USER.ZS),
Africa Eastern and Southern,2011,Other,6.8,37042183.0,544737983,,World Bank (IT.NET.USER.ZS),
Africa Eastern and Southern,2012,Other,8.4,47007237.0,559609961,,World Bank (IT.NET.USER.ZS),
Africa Eastern and Southern,2013,Other,10.0,57520270.0,575202699,,World Bank (IT.NET.USER.ZS),
Africa Eastern and Southern,2014,Other,12.1,71507248.0,590968990,,World Bank (IT.NET.USER.ZS),
Africa Eastern and Southern,2015,Other,14.3,86818627.0,607123269,,World Bank (IT.NET.USER.ZS),
Africa Eastern and Southern,2016,Other,16.3,101609212.0,623369401,,World Bank (IT.NET.USER.ZS),
Africa Eastern and Southern,2017,Other,17.3,110730162.0,640058741,,World Bank (IT.NET.USER.ZS),
Africa Eastern and Southern,2018,Other,19.6,128929013.0,657801085,,World Bank (IT.NET.USER.ZS),
Africa Eastern and Southern,2019,Other,21.6,146005241.0,675950189,,World Bank (IT.NET.USER.ZS),
Africa Eastern and Southern,2020,Other,23.5,163194834.0,694446100,,World Bank (IT.NET.USER.ZS),
Africa Eastern and Southern,2021,Other,25.0,178272732.0,713090928,,World Bank (IT.NET.USER.ZS),
Africa Eastern and Southern,2022,Other,26.8,196128133.0,731821393,,World Bank (IT.NET.USER.ZS),
Africa Eastern and Southern,2023,Other,27.8,208636601.0,750491370,,World Bank (IT.NET.USER.ZS),
Africa Western and Central,2005,Other,2.3,7281535.0,316588476,,World Bank (IT.NET.USER.ZS),
Africa Western and Central,2006,Other,3.4,11072547.0,325663158,,World Bank (IT.NET.USER.ZS),
Africa Western and Central,2007,Other,4.3,14404320.0,334984176,,World Bank (IT.NET.USER.ZS),
Africa Western and Central,2008,Other,5.0,17229305.0,344586109,,World Bank (IT.NET.USER.ZS),
Africa Western and Central,2009,Other,5.8,20551943.0,354343844,,World Bank (IT.NET.USER.ZS),
Africa Western and Central,2010,Other,7.3,26598154.0,364358270,,World Bank (IT.NET.USER.ZS),
Africa Western and Central,2011,Other,8.7,32606742.0,374790143,,World Bank (IT.NET.USER.ZS),
Africa Western and Central,2012,Other,10.3,39692116.0,385360349,,World Bank (IT.NET.USER.ZS),
Africa Western and Central,2013,Other,12.6,49899806.0,396030207,,World Bank (IT.NET.USER.ZS),
Africa Western and Central,2014,Other,15.0,61048807.0,406992047,,World Bank (IT.NET.USER.ZS),
Africa Western and Central,2015,Other,18.6,77771779.0,418127845,,World Bank (IT.NET.USER.ZS),
Africa Western and Central,2016,Other,20.9,89756041.0,429454743,,World Bank (IT.NET.USER.ZS),
Africa Western and Central,2017,Other,23.8,104930132.0,440882906,,World Bank (IT.NET.USER.ZS),
Africa Western and Central,2018,Other,25.7,116214350.0,452195915,,World Bank (IT.NET.USER.ZS),
Africa Western and Central,2019,Other,28.5,132059147.0,463365429,,World Bank (IT.NET.USER.ZS),
Africa Western and Central,2020,Other,31.5,149489346.0,474569351,,World Bank (IT.NET.USER.ZS),
Africa Western and Central,2021,Other,34.7,168614586.0,485920997,,World Bank (IT.NET.USER.ZS),
Africa Western and Central,2022,Other,37.5,186520192.0,497387180,,World Bank (IT.NET.USER.ZS),
Africa Western and Central,2023,Other,38.5,196118457.0,509398589,,World Bank (IT.NET.USER.ZS),
Albania,2000,Other,0.11,3524.0,3089027,,World Bank (IT.NET.USER.ZS),
Albania,2001,Other,0.33,9970.0,3060173,,World Bank (IT.NET.USER.ZS),
Albania,2002,Other,0.39,11901.0,3051010,,World Bank (IT.NET.USER.ZS),
Albania,2003,Other,0.97,29542.0,3039616,,World Bank (IT.NET.USER.ZS),
Albania,2004,Other,2.42,73264.0,3026939,,World Bank (IT.NET.USER.ZS),
Albania,2005,Other,6.04,182011.0,3011487,,World Bank (IT.NET.USER.ZS),
Albania,2006,Other,9.61,287584.0,2992547,,World Bank (IT.NET.USER.ZS),
Albania,2007,Other,15.04,446575.0,2970017,,World Bank (IT.NET.USER.ZS),
Albania,2008,Other,23.86,703229.0,2947314,,World Bank (IT.NET.USER.ZS),
Albania,2009,Other,41.2,1206138.0,2927519,,World Bank (IT.NET.USER.ZS),
Albania,2010,Other,45.0,1310859.0,2913021,,World Bank (IT.NET.USER.ZS),
Albania,2011,Other,47.0,1365442.0,2905195,,World Bank (IT.NET.USER.ZS),
Albania,2012,Other,49.4,1413190.0,2860708,,World Bank (IT.NET.USER.ZS),
Albania,2013,Other,51.8,1459155.0,2816902,,World Bank (IT.NET.USER.ZS),
Albania,2014,Other,54.3,1506155.0,2773767,,World Bank (IT.NET.USER.ZS),
Albania,2015,Other,56.9,1554106.0,2731293,,World Bank (IT.NET.USER.ZS),
Albania,2016,Other,59.6,1602923.0,2689469,,World Bank (IT.NET.USER.ZS),
Albania,2017,Other,62.4,1652530.0,2648285,,World Bank (IT.NET.USER.ZS),
Albania,2018,Other,65.4,1705457.0,2607733,,World Bank (IT.NET.USER.ZS),
Albania,2019,Other,68.55,1760238.0,2567801,,World Bank (IT.NET.USER.ZS),
Albania,2020,Other,72.24,1826515.0,2528480,,World Bank (IT.NET.USER.ZS),
Albania,2021,Other,79.32,1974972.0,2489762,,World Bank (IT.NET.USER.ZS),
Albania,2022,Other,82.61,2025387.0,2451636,,World Bank (IT.NET.USER.ZS),
Albania,2023,Other,83.14,2006972.0,2414095,,World Bank (IT.NET.USER.ZS),
Algeria,2000,Africa,0.49,151956.0,30903893,,World Bank (IT.NET.USER.ZS),
Algeria,2001,Africa,0.65,202435.0,31331221,,World Bank (IT.NET.USER.ZS),
Algeria,2002,Africa,1.59,505359.0,31750835,,World Bank (IT.NET.USER.ZS),
Algeria,2003,Africa,2.2,706375.0,32175818,,World Bank (IT.NET.USER.ZS),
Algeria,2004,Africa,4.63,1512150.0,32628286,,World Bank (IT.NET.USER.ZS),
Algeria,2005,Africa,5.84,1934871.0,33109249,,World Bank (IT.NET.USER.ZS),
Algeria,2006,Africa,7.38,2480065.0,33623506,,World Bank (IT.NET.USER.ZS),
Algeria,2007,Africa,9.45,3231307.0,34189416,,World Bank (IT.NET.USER.ZS),
Algeria,2008,Africa,10.18,3544367.0,34816961,,World Bank (IT.NET.USER.ZS),
Algeria,2009,Africa,11.23,3985577.0,35490445,,World Bank (IT.NET.USER.ZS),
Algeria,2010,Africa,12.5,4523530.0,36188236,,World Bank (IT.NET.USER.ZS),
Algeria,2011,Africa,14.9,5498603.0,36903376,,World Bank (IT.NET.USER.ZS),
Algeria,2012,Africa,18.2,6851602.0,37646166,,World Bank (IT.NET.USER.ZS),
Algeria,2013,Africa,22.5,8643188.0,38414171,,World Bank (IT.NET.USER.ZS),
Algeria,2014,Africa,29.5,11565484.0,39205031,,World Bank (IT.NET.USER.ZS),
Algeria,2015,Africa,38.2,15287460.0,40019529,,World Bank (IT.NET.USER.ZS),
Algeria,2016,Africa,42.95,17543546.0,40850721,,World Bank (IT.NET.USER.ZS),
Algeria,2017,Africa,47.69,19882086.0,41689299,,World Bank (IT.NET.USER.ZS),
Algeria,2018,Africa,49.04,20843818.0,42505035,,World Bank (IT.NET.USER.ZS),
Algeria,2019,Africa,55.79,24154330.0,43294546,,World Bank (IT.NET.USER.ZS),
Algeria,2020,Africa,63.47,27954704.0,44042091,,World Bank (IT.NET.USER.ZS),
Algeria,2021,Africa,72.21,32323065.0,44761099,,World Bank (IT.NET.USER.ZS),
Algeria,2022,Africa,74.78,34008674.0,45477389,,World Bank (IT.NET.USER.ZS),
Algeria,2023,Africa,76.2,35176028.0,46164219,45.1,World Bank (IT.NET.USER.ZS),DataReportal 2023
Andorra,2000,Other,10.54,6922.0,65685,,World Bank (IT.NET.USER.ZS),
Andorra,2002,Other,11.26,7489.0,66506,,World Bank (IT.NET.USER.ZS),
Andorra,2003,Other,13.55,9413.0,69486,,World Bank (IT.NET.USER.ZS),
Andorra,2004,Other,26.84,19947.0,74325,,World Bank (IT.NET.USER.ZS),
Andorra,2005,Other,37.61,29115.0,77421,,World Bank (IT.NET.USER.ZS),
Andorra,2006,Other,48.94,38946.0,79585,,World Bank (IT.NET.USER.ZS),
Andorra,2007,Other,70.87,58026.0,81877,,World Bank (IT.NET.USER.ZS),
Andorra,2008,Other,70.04,58480.0,83495,,World Bank (IT.NET.USER.ZS),
Andorra,2009,Other,78.53,65877.0,83888,,World Bank (IT.NET.USER.ZS),
Andorra,2010,Other,81.0,65372.0,80706,,World Bank (IT.NET.USER.ZS),
Andorra,2011,Other,81.0,63004.0,77783,,World Bank (IT.NET.USER.ZS),
Andorra,2012,Other,82.7,63542.0,76834,,World Bank (IT.NET.USER.ZS),
Andorra,2013,Other,84.4,63464.0,75194,,World Bank (IT.NET.USER.ZS),
Andorra,2014,Other,86.1,63488.0,73737,,World Bank (IT.NET.USER.ZS),
Andorra,2015,Other,87.9,63441.0,72174,,World Bank (IT.NET.USER.ZS),
Andorra,2016,Other,89.7,64746.0,72181,,World Bank (IT.NET.USER.ZS),
Andorra,2017,Other,91.57,67543.0,73763,,World Bank (IT.NET.USER.ZS),
Andorra,2018,Other,93.5,70276.0,75162,,World Bank (IT.NET.USER.ZS),
Andorra,2019,Other,90.72,69376.0,76474,,World Bank (IT.NET.USER.ZS),
Andorra,2020,Other,93.21,72123.0,77380,,World Bank (IT.NET.USER.ZS),
Andorra,2021,Other,93.9,73582.0,78364,,World Bank (IT.NET.USER.ZS),
Andorra,2022,Other,94.05,74964.0,79705,,World Bank (IT.NET.USER.ZS),
Andorra,2023,Other,94.21,76178.0,80856,,World Bank (IT.NET.USER.ZS),
Angola,2000,Other,0.11,17012.0,16194869,,World Bank (IT.NET.USER.ZS),
Angola,2001,Other,0.14,22779.0,16747208,,World Bank (IT.NET.USER.ZS),
Angola,2002,Other,0.27,46850.0,17327699,,World Bank (IT.NET.USER.ZS),
Angola,2003,Other,0.37,66514.0,17943712,,World Bank (IT.NET.USER.ZS),
Angola,2004,Other,0.46,86457.0,18600423,,World Bank (IT.NET.USER.ZS),
Angola,2005,Other,1.14,220575.0,19291161,,World Bank (IT.NET.USER.ZS),
Angola,2006,Other,1.5,300229.0,20015279,,World Bank (IT.NET.USER.ZS),
Angola,2007,Other,1.7,353236.0,20778561,,World Bank (IT.NET.USER.ZS),
Angola,2008,Other,1.9,409994.0,21578655,,World Bank (IT.NET.USER.ZS),
Angola,2009,Other,2.3,515540.0,22414773,,World Bank (IT.NET.USER.ZS),
Angola,2010,Other,2.8,652255.0,23294825,,World Bank (IT.NET.USER.ZS),
Angola,2011,Other,4.7,1138262.0,24218352,,World Bank (IT.NET.USER.ZS),
Angola,2012,Other,7.7,1938659.0,25177394,,World Bank (IT.NET.USER.ZS),
Angola,2013,Other,13.0,3401531.0,26165620,,World Bank (IT.NET.USER.ZS),
Angola,2014,Other,21.36,5802176.0,27160769,,World Bank (IT.NET.USER.ZS),
Angola,2015,Other,22.0,6194716.0,28157798,,World Bank (IT.NET.USER.ZS),
Angola,2016,Other,23.2,6770472.0,29183070,,World Bank (IT.NET.USER.ZS),
Angola,2017,Other,26.0,7861058.0,30234839,,World Bank (IT.NET.USER.ZS),
Angola,2018,Other,29.0,9076175.0,31297155,,World Bank (IT.NET.USER.ZS),
Angola,2019,Other,32.13,10402096.0,32375632,,World Bank (IT.NET.USER.ZS),
Angola,2020,Other,33.32,11146218.0,33451132,,World Bank (IT.NET.USER.ZS),
Angola,2021,Other,34.56,11933199.0,34532429,,World Bank (IT.NET.USER.ZS),
Angola,2022,Other,35.84,12770882.0,35635029,,World Bank (IT.NET.USER.ZS),
Angola,2023,Other,37.89,13923032.0,36749906,,World Bank (IT.NET.USER.ZS),
Antigua and Barbuda,2000,Other,6.48,4856.0,74912,,World Bank (IT.NET.USER.ZS),
Antigua and Barbuda,2001,Other,8.9,6770.0,76069,,World Bank (IT.NET.USER.ZS),
Antigua and Barbuda,2002,Other,12.5,9629.0,77032,,World Bank (IT.NET.USER.ZS),
Antigua and Barbuda,2003,Other,17.23,13418.0,77884,,World Bank (IT.NET.USER.ZS),
Antigua and Barbuda,2004,Other,24.27,19102.0,78719,,World Bank (IT.NET.USER.ZS),
Antigua and Barbuda,2005,Other,27.0,21495.0,79611,,World Bank (IT.NET.USER.ZS),
Antigua and Barbuda,2006,Other,30.0,24181.0,80604,,World Bank (IT.NET.USER.ZS),
Antigua and Barbuda,2007,Other,34.0,27779.0,81704,,World Bank (IT.NET.USER.ZS),
Antigua and Barbuda,2008,Other,38.0,31507.0,82912,,World Bank (IT.NET.USER.ZS),
Antigua and Barbuda,2009,Other,42.0,35353.0,84173,,World Bank (IT.NET.USER.ZS),
Antigua and Barbuda,2010,Other,47.0,40100.0,85320,,World Bank (IT.NET.USER.ZS),
Antigua and Barbuda,2011,Other,52.0,44893.0,86332,,World Bank (IT.NET.USER.ZS),
Antigua and Barbuda,2012,Other,58.0,50611.0,87260,,World Bank (IT.NET.USER.ZS),
Antigua and Barbuda,2013,Other,63.4,55833.0,88064,,World Bank (IT.NET.USER.ZS),
Antigua and Barbuda,2014,Other,67.78,60165.0,88765,,World Bank (IT.NET.USER.ZS),
Antigua and Barbuda,2015,Other,70.0,62586.0,89409,,World Bank (IT.NET.USER.ZS),
Antigua and Barbuda,2016,Other,70.27,63223.0,89969,,World Bank (IT.NET.USER.ZS),
Antigua and Barbuda,2017,Other,70.54,63820.0,90468,,World Bank (IT.NET.USER.ZS),
Antigua and Barbuda,2018,Other,70.82,64392.0,90926,,World Bank (IT.NET.USER.ZS),
Antigua and Barbuda,2019,Other,71.09,64953.0,91364,,World Bank (IT.NET.USER.ZS),
Antigua and Barbuda,2020,Other,71.37,65549.0,91846,,World Bank (IT.NET.USER.ZS),
Antigua and Barbuda,2021,Other,71.65,66164.0,92349,,World Bank (IT.NET.USER.ZS),
Antigua and Barbuda,2022,Other,71.92,66774.0,92840,,World Bank (IT.NET.USER.ZS),
Antigua and Barbuda,2023,Other,72.12,67303.0,93316,,World Bank (IT.NET.USER.ZS),
Argentina,2000,South America,7.04,2619374.0,37213984,,World Bank (IT.NET.USER.ZS),
Argentina,2001,South America,9.78,3680012.0,37624825,,World Bank (IT.NET.USER.ZS),
Argentina,2002,South America,10.88,4138401.0,38029349,,World Bank (IT.NET.USER.ZS),
Argentina,2003,South America,11.91,4577752.0,38424282,,World Bank (IT.NET.USER.ZS),
Argentina,2004,South America,16.04,6224786.0,38815916,,World Bank (IT.NET.USER.ZS),
Argentina,2005,South America,17.72,6949444.0,39216789,,World Bank (IT.NET.USER.ZS),
Argentina,2006,South America,20.93,8291800.0,39622115,,World Bank (IT.NET.USER.ZS),
Argentina,2007,South America,25.95,10383003.0,40016763,,World Bank (IT.NET.USER.ZS),
Argentina,2008,South America,28.11,11364289.0,40424148,,World Bank (IT.NET.USER.ZS),
Argentina,2009,South America,34.0,13890643.0,40854831,,World Bank (IT.NET.USER.ZS),
Argentina,2010,South America,45.0,18579912.0,41288694,,World Bank (IT.NET.USER.ZS),
Argentina,2011,South America,51.0,21282637.0,41730660,,World Bank (IT.NET.USER.ZS),
Argentina,2012,South America,55.8,23526240.0,42161721,,World Bank (IT.NET.USER.ZS),
Argentina,2013,South America,59.9,25506891.0,42582455,,World Bank (IT.NET.USER.ZS),
Argentina,2014,South America,64.7,27836573.0,43024071,,World Bank (IT.NET.USER.ZS),
Argentina,2015,South America,68.04,29583091.0,43477012,,World Bank (IT.NET.USER.ZS),
Argentina,2016,South America,70.97,31155605.0,43900313,,World Bank (IT.NET.USER.ZS),
Argentina,2017,South America,74.29,32904393.0,44288894,,World Bank (IT.NET.USER.ZS),
Argentina,2018,South America,77.7,34696843.0,44654882,,World Bank (IT.NET.USER.ZS),
Argentina,2019,South America,79.95,35954914.0,44973465,,World Bank (IT.NET.USER.ZS),
Argentina,2020,South America,85.51,38645632.0,45191965,,World Bank (IT.NET.USER.ZS),
Argentina,2021,South America,87.15,39489973.0,45312281,,World Bank (IT.NET.USER.ZS),
Argentina,2022,South America,88.38,40129397.0,45407904,,World Bank (IT.NET.USER.ZS),
Argentina,2023,South America,89.23,40633447.0,45538401,79.0,World Bank (IT.NET.USER.ZS),DataReportal 2023
Armenia,2000,Other,1.3,41889.0,3221100,,World Bank (IT.NET.USER.ZS),
Armenia,2001,Other,1.63,52387.0,3211800,,World Bank (IT.NET.USER.ZS),
Armenia,2002,Other,1.96,62729.0,3199800,,World Bank (IT.NET.USER.ZS),
Armenia,2003,Other,4.58,145606.0,3182500,,World Bank (IT.NET.USER.ZS),
Armenia,2004,Other,4.9,155049.0,3164900,,World Bank (IT.NET.USER.ZS),
Armenia,2005,Other,5.25,165280.0,3146400,,World Bank (IT.NET.USER.ZS),
Armenia,2006,Other,5.63,176112.0,3127100,,World Bank (IT.NET.USER.ZS),
Armenia,2007,Other,6.02,187106.0,3107400,,World Bank (IT.NET.USER.ZS),
Armenia,2008,Other,6.21,191709.0,3087100,,World Bank (IT.NET.USER.ZS),
Armenia,2009,Other,15.3,469098.0,3066000,,World Bank (IT.NET.USER.ZS),
Armenia,2010,Other,25.0,761200.0,3044800,,World Bank (IT.NET.USER.ZS),
Armenia,2011,Other,32.0,968928.0,3027900,,World Bank (IT.NET.USER.ZS),
Armenia,2012,Other,37.5,1134038.0,3024100,,World Bank (IT.NET.USER.ZS),
Armenia,2013,Other,41.9,1266218.0,3022000,,World Bank (IT.NET.USER.ZS),
Armenia,2014,Other,54.62,1646222.0,3013800,,World Bank (IT.NET.USER.ZS),
Armenia,2015,Other,59.1,1775744.0,3004600,,World Bank (IT.NET.USER.ZS),
Armenia,2016,Other,64.35,1925426.0,2992300,,World Bank (IT.NET.USER.ZS),
Armenia,2017,Other,64.74,1929009.0,2979400,,World Bank (IT.NET.USER.ZS),
Armenia,2018,Other,68.25,2026196.0,2969000,,World Bank (IT.NET.USER.ZS),
Armenia,2019,Other,66.54,1971365.0,2962500,,World Bank (IT.NET.USER.ZS),
Armenia,2020,Other,76.51,2265776.0,2961500,,World Bank (IT.NET.USER.ZS),
Armenia,2021,Other,78.61,2328731.0,2962300,,World Bank (IT.NET.USER.ZS),
Armenia,2022,Other,77.03,2287106.0,2969200,,World Bank (IT.NET.USER.ZS),
Armenia,2023,Other,80.0,2371340.0,2964300,,World Bank (IT.NET.USER.ZS),
Aruba,2000,Other,15.44,13989.0,90588,,World Bank (IT.NET.USER.ZS),
Aruba,2001,Other,17.1,15636.0,91439,,World Bank (IT.NET.USER.ZS),
Aruba,2002,Other,18.8,17310.0,92074,,World Bank (IT.NET.USER.ZS),
Aruba,2003,Other,20.8,19371.0,93128,,World Bank (IT.NET.USER.ZS),
Aruba,2004,Other,23.0,21882.0,95138,,World Bank (IT.NET.USER.ZS),
Aruba,2005,Other,25.4,24799.0,97635,,World Bank (IT.NET.USER.ZS),
Aruba,2006,Other,28.0,27833.0,99405,,World Bank (IT.NET.USER.ZS),
Aruba,2007,Other,30.9,30946.0,100150,,World Bank (IT.NET.USER.ZS),
Aruba,2008,Other,52.0,52477.0,100917,,World Bank (IT.NET.USER.ZS),
Aruba,2009,Other,58.0,58930.0,101604,,World Bank (IT.NET.USER.ZS),
Aruba,2010,Other,62.0,63140.0,101838,,World Bank (IT.NET.USER.ZS),
Aruba,2011,Other,69.0,70788.0,102591,,World Bank (IT.NET.USER.ZS),
Aruba,2012,Other,74.0,77041.0,104110,,World Bank (IT.NET.USER.ZS),
Aruba,2013,Other,78.9,83378.0,105675,,World Bank (IT.NET.USER.ZS),
Aruba,2014,Other,83.78,89483.0,106807,,World Bank (IT.NET.USER.ZS),
Aruba,2015,Other,88.66,95671.0,107906,,World Bank (IT.NET.USER.ZS),
Aruba,2016,Other,93.54,101706.0,108727,,World Bank (IT.NET.USER.ZS),
Aruba,2017,Other,97.17,105658.0,108735,,World Bank (IT.NET.USER.ZS),
Australia,2000,Oceania,46.76,8897129.0,19028802,,World Bank (IT.NET.USER.ZS),
Australia,2001,Oceania,52.69,10155699.0,19274701,,World Bank (IT.NET.USER.ZS),
Australia,2005,Oceania,63.0,12711412.0,20176844,,World Bank (IT.NET.USER.ZS),
Australia,2006,Oceania,66.0,13497638.0,20450966,,World Bank (IT.NET.USER.ZS),
Australia,2007,Oceania,69.45,14464783.0,20827622,,World Bank (IT.NET.USER.ZS),
Australia,2008,Oceania,71.67,15229301.0,21249199,,World Bank (IT.NET.USER.ZS),
Australia,2009,Oceania,74.25,16106052.0,21691653,,World Bank (IT.NET.USER.ZS),
Australia,2010,Oceania,76.0,16744130.0,22031750,,World Bank (IT.NET.USER.ZS),
Australia,2011,Oceania,79.49,17757571.0,22340024,,World Bank (IT.NET.USER.ZS),
Australia,2012,Oceania,79.0,17959437.0,22733465,,World Bank (IT.NET.USER.ZS),
Australia,2013,Oceania,83.45,19301232.0,23128129,,World Bank (IT.NET.USER.ZS),
Australia,2014,Oceania,84.0,19719576.0,23475686,,World Bank (IT.NET.USER.ZS),
Australia,2015,Oceania,84.56,20138928.0,23815995,,World Bank (IT.NET.USER.ZS),
Australia,2016,Oceania,86.54,20934811.0,24190907,,World Bank (IT.NET.USER.ZS),
Australia,2017,Oceania,86.55,21283667.0,24592588,,World Bank (IT.NET.USER.ZS),
Australia,2018,Oceania,90.01,22468980.0,24963258,,World Bank (IT.NET.USER.ZS),
Australia,2019,Oceania,93.61,23715906.0,25334826,,World Bank (IT.NET.USER.ZS),
Australia,2020,Oceania,94.69,24288170.0,25649248,,World Bank (IT.NET.USER.ZS),
Australia,2021,Oceania,96.97,24907709.0,25685412,,World Bank (IT.NET.USER.ZS),
Australia,2022,Oceania,96.12,25009039.0,26018721,,World Bank (IT.NET.USER.ZS),
Australia,2023,Oceania,96.12,25624476.0,26659922,82.7,World Bank (IT.NET.USER.ZS),DataReportal 2023
Austria,2000,Other,33.73,2702312.0,8011566,,World Bank (IT.NET.USER.ZS),
Austria,2001,Other,39.19,3151409.0,8042293,,World Bank (IT.NET.USER.ZS),
Austria,2002,Other,36.56,2954763.0,8081957,,World Bank (IT.NET.USER.ZS),
Austria,2003,Other,42.7,3467848.0,8121423,,World Bank (IT.NET.USER.ZS),
Austria,2004,Other,54.28,4435743.0,8171966,,World Bank (IT.NET.USER.ZS),
Austria,2005,Other,58.0,4772141.0,8227829,,World Bank (IT.NET.USER.ZS),
Austria,2006,Other,63.6,5258856.0,8268641,,World Bank (IT.NET.USER.ZS),
Austria,2007,Other,69.37,5754579.0,8295487,,World Bank (IT.NET.USER.ZS),
Austria,2008,Other,72.87,6063874.0,8321496,,World Bank (IT.NET.USER.ZS),
Austria,2009,Other,73.45,6128171.0,8343323,,World Bank (IT.NET.USER.ZS),
Austria,2010,Other,75.17,6286771.0,8363404,,World Bank (IT.NET.USER.ZS),
Austria,2011,Other,78.74,6607579.0,8391643,,World Bank (IT.NET.USER.ZS),
Austria,2012,Other,80.03,6746521.0,8429991,,World Bank (IT.NET.USER.ZS),
Austria,2013,Other,80.62,6836332.0,8479823,,World Bank (IT.NET.USER.ZS),
Austria,2014,Other,81.0,6922192.0,8546356,,World Bank (IT.NET.USER.ZS),
Austria,2015,Other,83.94,7254694.0,8642699,,World Bank (IT.NET.USER.ZS),
Austria,2016,Other,84.32,7367085.0,8736668,,World Bank (IT.NET.USER.ZS),
Austria,2017,Other,87.94,7736191.0,8797566,,World Bank (IT.NET.USER.ZS),
Austria,2018,Other,87.48,7733611.0,8840521,,World Bank (IT.NET.USER.ZS),
Austria,2019,Other,87.75,7792326.0,8879920,,World Bank (IT.NET.USER.ZS),
Austria,2020,Other,87.53,7804880.0,8916864,,World Bank (IT.NET.USER.ZS),
Austria,2021,Other,92.53,8286723.0,8955797,,World Bank (IT.NET.USER.ZS),
Austria,2022,Other,93.61,8464447.0,9041851,,World Bank (IT.NET.USER.ZS),
Austria,2023,Other,95.33,8705734.0,9131761,,World Bank (IT.NET.USER.ZS),
Azerbaijan,2000,Other,0.15,11892.0,8048600,,World Bank (IT.NET.USER.ZS),
Azerbaijan,2001,Other,0.31,24785.0,8111200,,World Bank (IT.NET.USER.ZS),
Azerbaijan,2002,Other,5.0,408574.0,8171950,,World Bank (IT.NET.USER.ZS),
Azerbaijan,2005,Other,8.03,673899.0,8391850,,World Bank (IT.NET.USER.ZS),
Azerbaijan,2006,Other,11.99,1017484.0,8484550,,World Bank (IT.NET.USER.ZS),
Azerbaijan,2007,Other,14.54,1247721.0,8581300,,World Bank (IT.NET.USER.ZS),
Azerbaijan,2008,Other,17.08,1496789.0,8763400,,World Bank (IT.NET.USER.ZS),
Azerbaijan,2009,Other,27.4,2451545.0,8947243,,World Bank (IT.NET.USER.ZS),
Azerbaijan,2010,Other,46.0,4164993.0,9054332,,World Bank (IT.NET.USER.ZS),
Azerbaijan,2011,Other,50.0,4586541.0,9173082,,World Bank (IT.NET.USER.ZS),
Azerbaijan,2012,Other,54.2,5038315.0,9295784,,World Bank (IT.NET.USER.ZS),
Azerbaijan,2013,Other,73.0,6874265.0,9416801,,World Bank (IT.NET.USER.ZS),
Azerbaijan,2014,Other,75.0,7151311.0,9535079,,World Bank (IT.NET.USER.ZS),
Azerbaijan,2015,Other,77.0,7429993.0,9649341,,World Bank (IT.NET.USER.ZS),
Azerbaijan,2016,Other,78.2,7630609.0,9757812,,World Bank (IT.NET.USER.ZS),
Azerbaijan,2017,Other,79.0,7784686.0,9854033,,World Bank (IT.NET.USER.ZS),
Azerbaijan,2018,Other,79.8,7931937.0,9939771,,World Bank (IT.NET.USER.ZS),
Azerbaijan,2019,Other,81.1,8129693.0,10024283,,World Bank (IT.NET.USER.ZS),
Azerbaijan,2020,Other,84.6,8538780.0,10093121,,World Bank (IT.NET.USER.ZS),
Azerbaijan,2021,Other,86.0,8718464.0,10137750,,World Bank (IT.NET.USER.ZS),
Azerbaijan,2022,Other,88.0,8924745.0,10141756,,World Bank (IT.NET.USER.ZS),
Azerbaijan,2023,Other,89.0,9037023.0,10153958,,World Bank (IT.NET.USER.ZS),
"Bahamas, The",2000,Other,8.0,25907.0,323835,,World Bank (IT.NET.USER.ZS),
"Bahamas, The",2001,Other,11.8,38685.0,327836,,World Bank (IT.NET.USER.ZS),
"Bahamas, The",2002,Other,18.0,59691.0,331614,,World Bank (IT.NET.USER.ZS),
"Bahamas, The",2003,Other,20.0,67124.0,335618,,World Bank (IT.NET.USER.ZS),
"Bahamas, The",2004,Other,22.0,74752.0,339782,,World Bank (IT.NET.USER.ZS),
"Bahamas, The",2005,Other,25.0,85974.0,343894,,World Bank (IT.NET.USER.ZS),
"Bahamas, The",2006,Other,26.0,90578.0,348375,,World Bank (IT.NET.USER.ZS),
"Bahamas, The",2007,Other,27.0,95400.0,353334,,World Bank (IT.NET.USER.ZS),
"Bahamas, The",2008,Other,31.54,112951.0,358120,,World Bank (IT.NET.USER.ZS),
"Bahamas, The",2009,Other,33.88,122920.0,362810,,World Bank (IT.NET.USER.ZS),
"Bahamas, The",2010,Other,43.0,158016.0,367478,,World Bank (IT.NET.USER.ZS),
"Bahamas, The",2011,Other,65.0,241624.0,371729,,World Bank (IT.NET.USER.ZS),
"Bahamas, The",2012,Other,71.75,269392.0,375469,,World Bank (IT.NET.USER.ZS),
"Bahamas, The",2013,Other,72.0,272846.0,378953,,World Bank (IT.NET.USER.ZS),
"Bahamas, The",2014,Other,76.92,294064.0,382298,,World Bank (IT.NET.USER.ZS),
"Bahamas, The",2015,Other,78.0,300570.0,385346,,World Bank (IT.NET.USER.ZS),
"Bahamas, The",2016,Other,80.0,310444.0,388055,,World Bank (IT.NET.USER.ZS),
"Bahamas, The",2017,Other,80.6,314731.0,390485,,World Bank (IT.NET.USER.ZS),
"Bahamas, The",2018,Other,83.0,325955.0,392717,,World Bank (IT.NET.USER.ZS),
"Bahamas, The",2019,Other,90.69,357944.0,394675,,World Bank (IT.NET.USER.ZS),
"Bahamas, The",2020,Other,92.44,365950.0,395863,,World Bank (IT.NET.USER.ZS),
"Bahamas, The",2021,Other,92.35,366050.0,396373,,World Bank (IT.NET.USER.ZS),
"Bahamas, The",2022,Other,92.26,366753.0,397538,,World Bank (IT.NET.USER.ZS),
"Bahamas, The",2023,Other,92.39,369032.0,399440,,World Bank (IT.NET.USER.ZS),
Bahrain,2000,Other,6.15,39235.0,637582,,World Bank (IT.NET.USER.ZS),
Bahrain,2001,Other,15.04,99453.0,661316,,World Bank (IT.NET.USER.ZS),
Bahrain,2002,Other,18.05,128260.0,710553,,World Bank (IT.NET.USER.ZS),
Bahrain,2003,Other,21.55,164791.0,764517,,World Bank (IT.NET.USER.ZS),
Bahrain,2004,Other,21.46,176764.0,823741,,World Bank (IT.NET.USER.ZS),
Bahrain,2005,Other,21.3,189352.0,888822,,World Bank (IT.NET.USER.ZS),
Bahrain,2006,Other,28.24,271262.0,960424,,World Bank (IT.NET.USER.ZS),
Bahrain,2007,Other,32.91,342032.0,1039295,,World Bank (IT.NET.USER.ZS),
Bahrain,2008,Other,51.95,573266.0,1103496,,World Bank (IT.NET.USER.ZS),
Bahrain,2009,Other,53.0,624560.0,1178415,,World Bank (IT.NET.USER.ZS),
Bahrain,2010,Other,55.0,675699.0,1228543,,World Bank (IT.NET.USER.ZS),
Bahrain,2011,Other,77.0,920165.0,1195020,,World Bank (IT.NET.USER.ZS),
Bahrain,2012,Other,88.0,1063888.0,1208964,,World Bank (IT.NET.USER.ZS),
Bahrain,2013,Other,90.0,1127872.0,1253191,,World Bank (IT.NET.USER.ZS),
Bahrain,2014,Other,90.5,1189720.0,1314562,,World Bank (IT.NET.USER.ZS),
Bahrain,2015,Other,93.48,1280954.0,1370322,,World Bank (IT.NET.USER.ZS),
Bahrain,2016,Other,98.0,1395251.0,1423726,,World Bank (IT.NET.USER.ZS),
Bahrain,2017,Other,95.88,1439242.0,1501116,,World Bank (IT.NET.USER.ZS),
Bahrain,2018,Other,98.64,1482719.0,1503091,,World Bank (IT.NET.USER.ZS),
Bahrain,2019,Other,99.7,1479327.0,1483756,,World Bank (IT.NET.USER.ZS),
Bahrain,2020,Other,99.67,1467361.0,1472204,,World Bank (IT.NET.USER.ZS),
Bahrain,2021,Other,100.0,1504365.0,1504365,,World Bank (IT.NET.USER.ZS),
Bahrain,2022,Other,100.0,1524693.0,1524693,,World Bank (IT.NET.USER.ZS),
Bahrain,2023,Other,100.0,1577059.0,1577059,,World Bank (IT.NET.USER.ZS),
Bangladesh,2000,Asia,0.07,95579.0,134544304,,World Bank (IT.NET.USER.ZS),
Bangladesh,2001,Asia,0.13,177585.0,136805810,,World Bank (IT.NET.USER.ZS),
Bangladesh,2002,Asia,0.14,194396.0,138933658,,World Bank (IT.NET.USER.ZS),
Bangladesh,2003,Asia,0.16,231019.0,140970351,,World Bank (IT.NET.USER.ZS),
Bangladesh,2004,Asia,0.2,284429.0,142902856,,World Bank (IT.NET.USER.ZS),
Bangladesh,2005,Asia,0.24,349633.0,144715786,,World Bank (IT.NET.USER.ZS),
Bangladesh,2006,Asia,1.0,1464060.0,146405973,,World Bank (IT.NET.USER.ZS),
Bangladesh,2007,Asia,1.8,2663807.0,147989278,,World Bank (IT.NET.USER.ZS),
Bangladesh,2008,Asia,2.5,3736857.0,149474264,,World Bank (IT.NET.USER.ZS),
Bangladesh,2009,Asia,3.1,4677085.0,150873714,,World Bank (IT.NET.USER.ZS),
Bangladesh,2010,Asia,3.7,5631473.0,152201981,,World Bank (IT.NET.USER.ZS),
Bangladesh,2011,Asia,4.5,6911598.0,153591076,,World Bank (IT.NET.USER.ZS),
Bangladesh,2012,Asia,5.0,7753505.0,155070101,,World Bank (IT.NET.USER.ZS),
Bangladesh,2013,Asia,6.63,10378081.0,156532141,,World Bank (IT.NET.USER.ZS),
Bangladesh,2014,Asia,9.05,14300408.0,157964929,,World Bank (IT.NET.USER.ZS),
Bangladesh,2015,Asia,12.37,19713787.0,159383179,,World Bank (IT.NET.USER.ZS),
Bangladesh,2016,Asia,16.9,27175768.0,160811932,,World Bank (IT.NET.USER.ZS),
Bangladesh,2017,Asia,21.5,34870022.0,162186147,,World Bank (IT.NET.USER.ZS),
Bangladesh,2018,Asia,25.57,41804844.0,163523103,,World Bank (IT.NET.USER.ZS),
Bangladesh,2019,Asia,30.38,50105699.0,164913055,,World Bank (IT.NET.USER.ZS),
Bangladesh,2020,Asia,36.11,60048720.0,166298024,,World Bank (IT.NET.USER.ZS),
Bangladesh,2021,Asia,38.92,65248542.0,167658854,,World Bank (IT.NET.USER.ZS),
Bangladesh,2022,Asia,41.62,70492067.0,169384897,,World Bank (IT.NET.USER.ZS),
Bangladesh,2023,Asia,44.5,76307512.0,171466990,17.5,World Bank (IT.NET.USER.ZS),DataReportal 2023
Barbados,2000,Other,3.97,10414.0,262063,,World Bank (IT.NET.USER.ZS),
Barbados,2001,Other,11.94,31324.0,262425,,World Bank (IT.NET.USER.ZS),
Barbados,2002,Other,27.84,73529.0,264148,,World Bank (IT.NET.USER.ZS),
Barbados,2003,Other,39.69,105486.0,265776,,World Bank (IT.NET.USER.ZS),
Barbados,2004,Other,49.8,133114.0,267298,,World Bank (IT.NET.USER.ZS),
Barbados,2005,Other,52.5,141071.0,268706,,World Bank (IT.NET.USER.ZS),
Barbados,2006,Other,55.3,149311.0,270002,,World Bank (IT.NET.USER.ZS),
Barbados,2007,Other,58.2,157890.0,271288,,World Bank (IT.NET.USER.ZS),
Barbados,2008,Other,61.4,167446.0,272714,,World Bank (IT.NET.USER.ZS),
Barbados,2009,Other,64.7,177358.0,274123,,World Bank (IT.NET.USER.ZS),
Barbados,2010,Other,65.1,179183.0,275243,,World Bank (IT.NET.USER.ZS),
Barbados,2011,Other,66.5,183632.0,276139,,World Bank (IT.NET.USER.ZS),
Barbados,2012,Other,71.2,197180.0,276938,,World Bank (IT.NET.USER.ZS),
Barbados,2013,Other,71.8,199363.0,277665,,World Bank (IT.NET.USER.ZS),
Barbados,2014,Other,71.92,200201.0,278348,,World Bank (IT.NET.USER.ZS),
Barbados,2015,Other,72.05,201011.0,278990,,World Bank (IT.NET.USER.ZS),
Barbados,2016,Other,71.57,200117.0,279598,,World Bank (IT.NET.USER.ZS),
Barbados,2017,Other,71.15,199337.0,280171,,World Bank (IT.NET.USER.ZS),
Barbados,2018,Other,70.73,198537.0,280711,,World Bank (IT.NET.USER.ZS),
Barbados,2019,Other,70.31,197708.0,281207,,World Bank (IT.NET.USER.ZS),
Barbados,2020,Other,69.89,196879.0,281698,,World Bank (IT.NET.USER.ZS),
Barbados,2021,Other,69.48,196023.0,282147,,World Bank (IT.NET.USER.ZS),
Barbados,2022,Other,69.06,194979.0,282318,,World Bank (IT.NET.USER.ZS),
Barbados,2023,Other,69.68,196718.0,282336,,World Bank (IT.NET.USER.ZS),
Belarus,2000,Other,1.86,185660.0,9979610,,World Bank (IT.NET.USER.ZS),
Belarus,2001,Other,4.3,426989.0,9928549,,World Bank (IT.NET.USER.ZS),
Belarus,2002,Other,8.95,883062.0,9865548,,World Bank (IT.NET.USER.ZS),
Belarus,2006,Other,16.2,1555998.0,9604924,,World Bank (IT.NET.USER.ZS),
Belarus,2007,Other,19.7,1883508.0,9560953,,World Bank (IT.NET.USER.ZS),
Belarus,2008,Other,23.0,2191437.0,9527985,,World Bank (IT.NET.USER.ZS),
Belarus,2009,Other,27.43,2607107.0,9504583,,World Bank (IT.NET.USER.ZS),
Belarus,2010,Other,31.8,3015860.0,9483836,,World Bank (IT.NET.USER.ZS),
Belarus,2011,Other,39.65,3751437.0,9461643,,World Bank (IT.NET.USER.ZS),
Belarus,2012,Other,46.91,4431511.0,9446836,,World Bank (IT.NET.USER.ZS),
Belarus,2013,Other,54.17,5115387.0,9443211,,World Bank (IT.NET.USER.ZS),
Belarus,2014,Other,59.02,5576166.0,9448515,,World Bank (IT.NET.USER.ZS),
Belarus,2015,Other,62.23,5887662.0,9461076,,World Bank (IT.NET.USER.ZS),
Belarus,2016,Other,71.11,6733964.0,9469379,,World Bank (IT.NET.USER.ZS),
Belarus,2017,Other,74.44,7040935.0,9458989,,World Bank (IT.NET.USER.ZS),
Belarus,2018,Other,79.13,7468900.0,9438785,,World Bank (IT.NET.USER.ZS),
Belarus,2019,Other,82.79,7798538.0,9419758,,World Bank (IT.NET.USER.ZS),
Belarus,2020,Other,85.09,7981205.0,9379952,,World Bank (IT.NET.USER.ZS),
Belarus,2021,Other,86.89,8082868.0,9302585,,World Bank (IT.NET.USER.ZS),
Belarus,2022,Other,89.51,8259800.0,9228071,,World Bank (IT.NET.USER.ZS),
Belarus,2023,Other,91.51,8399290.0,9178298,,World Bank (IT.NET.USER.ZS),
Belgium,2000,Other,29.43,3017116.0,10251250,,World Bank (IT.NET.USER.ZS),
Belgium,2001,Other,31.29,3218503.0,10286570,,World Bank (IT.NET.USER.ZS),
Belgium,2002,Other,46.33,4787179.0,10332785,,World Bank (IT.NET.USER.ZS),
Belgium,2003,Other,49.97,5184954.0,10376133,,World Bank (IT.NET.USER.ZS),
Belgium,2004,Other,53.86,5612824.0,10421137,,World Bank (IT.NET.USER.ZS),
Belgium,2005,Other,55.82,5849164.0,10478617,,World Bank (IT.NET.USER.ZS),
Belgium,2006,Other,61.98,6537822.0,10547958,,World Bank (IT.NET.USER.ZS),
Belgium,2007,Other,66.76,7093762.0,10625700,,World Bank (IT.NET.USER.ZS),
Belgium,2008,Other,68.86,7374601.0,10709973,,World Bank (IT.NET.USER.ZS),
Belgium,2009,Other,74.54,8048153.0,10796493,,World Bank (IT.NET.USER.ZS),
Belgium,2010,Other,77.64,8459310.0,10895586,,World Bank (IT.NET.USER.ZS),
Belgium,2011,Other,81.61,9008327.0,11038264,,World Bank (IT.NET.USER.ZS),
Belgium,2012,Other,80.72,8965514.0,11106932,,World Bank (IT.NET.USER.ZS),
Belgium,2013,Other,82.17,9169707.0,11159407,,World Bank (IT.NET.USER.ZS),
Belgium,2014,Other,85.0,9527837.0,11209057,,World Bank (IT.NET.USER.ZS),
Belgium,2015,Other,85.05,9589035.0,11274196,,World Bank (IT.NET.USER.ZS),
Belgium,2016,Other,86.52,9803547.0,11331422,,World Bank (IT.NET.USER.ZS),
Belgium,2017,Other,87.68,9973702.0,11375158,,World Bank (IT.NET.USER.ZS),
Belgium,2018,Other,88.65,10129780.0,11427054,,World Bank (IT.NET.USER.ZS),
Belgium,2019,Other,90.28,10371726.0,11488980,,World Bank (IT.NET.USER.ZS),
Belgium,2020,Other,91.53,10560871.0,11538604,,World Bank (IT.NET.USER.ZS),
Belgium,2021,Other,92.79,10750677.0,11586195,,World Bank (IT.NET.USER.ZS),
Belgium,2022,Other,94.01,10980312.0,11680210,,World Bank (IT.NET.USER.ZS),
Belgium,2023,Other,94.63,11146921.0,11779946,,World Bank (IT.NET.USER.ZS),
Belize,2000,Other,5.96,14361.0,240799,,World Bank (IT.NET.USER.ZS),
Belize,2002,Other,5.68,14552.0,256009,,World Bank (IT.NET.USER.ZS),
Belize,2004,Other,9.8,26625.0,271688,,World Bank (IT.NET.USER.ZS),
Belize,2005,Other,17.0,47554.0,279731,,World Bank (IT.NET.USER.ZS),
Belize,2006,Other,24.0,69091.0,287878,,World Bank (IT.NET.USER.ZS),
Belize,2007,Other,24.6,72841.0,296100,,World Bank (IT.NET.USER.ZS),
Belize,2008,Other,26.3,80047.0,304361,,World Bank (IT.NET.USER.ZS),
Belize,2009,Other,27.2,85031.0,312614,,World Bank (IT.NET.USER.ZS),
Belize,2010,Other,28.2,90309.0,320245,,World Bank (IT.NET.USER.ZS),
Belize,2011,Other,30.7,100480.0,327298,,World Bank (IT.NET.USER.ZS),
Belize,2012,Other,31.0,103668.0,334414,,World Bank (IT.NET.USER.ZS),
Belize,2013,Other,33.6,114787.0,341627,,World Bank (IT.NET.USER.ZS),
Belize,2014,Other,38.7,135033.0,348923,,World Bank (IT.NET.USER.ZS),
Belize,2015,Other,41.59,148199.0,356333,,World Bank (IT.NET.USER.ZS),
Belize,2016,Other,44.58,162570.0,364705,,World Bank (IT.NET.USER.ZS),
Belize,2017,Other,48.88,182410.0,373202,,World Bank (IT.NET.USER.ZS),
Belize,2018,Other,53.59,203777.0,380226,,World Bank (IT.NET.USER.ZS),
Belize,2019,Other,58.77,226733.0,385829,,World Bank (IT.NET.USER.ZS),
Belize,2020,Other,64.44,251823.0,390812,,World Bank (IT.NET.USER.ZS),
Belize,2021,Other,70.65,279327.0,395346,,World Bank (IT.NET.USER.ZS),
Belize,2022,Other,69.98,281846.0,402733,,World Bank (IT.NET.USER.ZS),
Belize,2023,Other,70.19,288544.0,411106,,World Bank (IT.NET.USER.ZS),
Benin,2000,Other,0.23,16267.0,7221619,,World Bank (IT.NET.USER.ZS),
Benin,2001,Other,0.36,27059.0,7445596,,World Bank (IT.NET.USER.ZS),
Benin,2002,Other,0.7,53954.0,7675426,,World Bank (IT.NET.USER.ZS),
Benin,2003,Other,0.95,75279.0,7913070,,World Bank (IT.NET.USER.ZS),
Benin,2004,Other,1.18,96485.0,8159094,,World Bank (IT.NET.USER.ZS),
Benin,2005,Other,1.27,107096.0,8426144,,World Bank (IT.NET.USER.ZS),
Benin,2006,Other,1.54,133693.0,8693242,,World Bank (IT.NET.USER.ZS),
Benin,2007,Other,1.79,160276.0,8953969,,World Bank (IT.NET.USER.ZS),
Benin,2008,Other,1.85,170727.0,9228466,,World Bank (IT.NET.USER.ZS),
Benin,2009,Other,2.24,213011.0,9509423,,World Bank (IT.NET.USER.ZS),
Benin,2010,Other,3.13,306661.0,9797484,,World Bank (IT.NET.USER.ZS),
Benin,2011,Other,4.15,418716.0,10093623,,World Bank (IT.NET.USER.ZS),
Benin,2012,Other,4.5,467895.0,10397657,,World Bank (IT.NET.USER.ZS),
Benin,2013,Other,4.9,524733.0,10708834,,World Bank (IT.NET.USER.ZS),
Benin,2014,Other,6.0,661800.0,11030004,,World Bank (IT.NET.USER.ZS),
Benin,2015,Other,11.26,1278645.0,11360681,,World Bank (IT.NET.USER.ZS),
Benin,2016,Other,14.5,1696187.0,11697842,,World Bank (IT.NET.USER.ZS),
Benin,2017,Other,18.7,2251439.0,12039780,,World Bank (IT.NET.USER.ZS),
Benin,2018,Other,19.0,2352836.0,12383347,,World Bank (IT.NET.USER.ZS),
Benin,2019,Other,20.5,2609112.0,12726755,,World Bank (IT.NET.USER.ZS),
Benin,2020,Other,22.12,2891200.0,13070169,,World Bank (IT.NET.USER.ZS),
Benin,2021,Other,28.2,3783214.0,13413417,,World Bank (IT.NET.USER.ZS),
Benin,2022,Other,30.54,4201780.0,13759501,,World Bank (IT.NET.USER.ZS),
Benin,2023,Other,32.39,4571128.0,14111034,,World Bank (IT.NET.USER.ZS),
Bermuda,2000,Other,42.95,26436.0,61550,,World Bank (IT.NET.USER.ZS),
Bermuda,2001,Other,47.51,29393.0,61867,,World Bank (IT.NET.USER.ZS),
Bermuda,2002,Other,52.03,32333.0,62142,,World Bank (IT.NET.USER.ZS),
Bermuda,2003,Other,56.52,35262.0,62386,,World Bank (IT.NET.USER.ZS),
Bermuda,2004,Other,60.99,38153.0,62555,,World Bank (IT.NET.USER.ZS),
Bermuda,2005,Other,65.45,41043.0,62711,,World Bank (IT.NET.USER.ZS),
Bermuda,2006,Other,69.9,43921.0,62834,,World Bank (IT.NET.USER.ZS),
Bermuda,2007,Other,74.35,46848.0,63010,,World Bank (IT.NET.USER.ZS),
Bermuda,2008,Other,82.3,52096.0,63300,,World Bank (IT.NET.USER.ZS),
Bermuda,2009,Other,83.25,52918.0,63565,,World Bank (IT.NET.USER.ZS),
Bermuda,2010,Other,84.21,53663.0,63725,,World Bank (IT.NET.USER.ZS),
Bermuda,2011,Other,88.34,56299.0,63733,,World Bank (IT.NET.USER.ZS),
Bermuda,2012,Other,91.3,58108.0,63646,,World Bank (IT.NET.USER.ZS),
Bermuda,2013,Other,95.3,60586.0,63574,,World Bank (IT.NET.USER.ZS),
Bermuda,2014,Other,96.8,61496.0,63529,,World Bank (IT.NET.USER.ZS),
Bermuda,2015,Other,98.32,62400.0,63464,,World Bank (IT.NET.USER.ZS),
Bermuda,2016,Other,98.0,62180.0,63449,,World Bank (IT.NET.USER.ZS),
Bermuda,2017,Other,98.37,62542.0,63578,,World Bank (IT.NET.USER.ZS),
Bhutan,2000,Other,0.4,2393.0,596863,,World Bank (IT.NET.USER.ZS),
Bhutan,2001,Other,0.86,5281.0,610794,,World Bank (IT.NET.USER.ZS),
Bhutan,2002,Other,1.68,10464.0,624409,,World Bank (IT.NET.USER.ZS),
Bhutan,2003,Other,2.44,15539.0,637663,,World Bank (IT.NET.USER.ZS),
Bhutan,2004,Other,3.16,20538.0,650544,,World Bank (IT.NET.USER.ZS),
Bhutan,2005,Other,3.85,25463.0,661865,,World Bank (IT.NET.USER.ZS),
Bhutan,2006,Other,4.52,30309.0,670799,,World Bank (IT.NET.USER.ZS),
Bhutan,2007,Other,5.92,40176.0,678641,,World Bank (IT.NET.USER.ZS),
Bhutan,2008,Other,6.55,44956.0,686351,,World Bank (IT.NET.USER.ZS),
Bhutan,2009,Other,7.17,49759.0,693988,,World Bank (IT.NET.USER.ZS),
Bhutan,2010,Other,13.6,95422.0,701632,,World Bank (IT.NET.USER.ZS),
Bhutan,2011,Other,14.4,102150.0,709377,,World Bank (IT.NET.USER.ZS),
Bhutan,2012,Other,15.6,111896.0,717279,,World Bank (IT.NET.USER.ZS),
Bhutan,2013,Other,22.4,162461.0,725273,,World Bank (IT.NET.USER.ZS),
Bhutan,2014,Other,30.3,222141.0,733139,,World Bank (IT.NET.USER.ZS),
Bhutan,2015,Other,39.8,294766.0,740618,,World Bank (IT.NET.USER.ZS),
Bhutan,2016,Other,46.5,347782.0,747866,,World Bank (IT.NET.USER.ZS),
Bhutan,2017,Other,54.34,409872.0,754335,,World Bank (IT.NET.USER.ZS),
Bhutan,2018,Other,63.49,482347.0,759759,,World Bank (IT.NET.USER.ZS),
Bhutan,2019,Other,74.18,567342.0,764824,,World Bank (IT.NET.USER.ZS),
Bhutan,2020,Other,76.85,591756.0,770006,,World Bank (IT.NET.USER.ZS),
Bhutan,2021,Other,85.64,664064.0,775442,,World Bank (IT.NET.USER.ZS),
Bhutan,2022,Other,88.36,689986.0,780914,,World Bank (IT.NET.USER.ZS),
Bhutan,2023,Other,90.02,707915.0,786385,,World Bank (IT.NET.USER.ZS),
Bolivia,2000,Other,1.44,124169.0,8606326,,World Bank (IT.NET.USER.ZS),
Bolivia,2001,Other,2.12,185598.0,8752736,,World Bank (IT.NET.USER.ZS),
Bolivia,2002,Other,3.12,277441.0,8900355,,World Bank (IT.NET.USER.ZS),
Bolivia,2003,Other,3.51,317553.0,9050700,,World Bank (IT.NET.USER.ZS),
Bolivia,2004,Other,4.44,408663.0,9204287,,World Bank (IT.NET.USER.ZS),
Bolivia,2005,Other,5.23,489341.0,9360754,,World Bank (IT.NET.USER.ZS),
Bolivia,2006,Other,6.2,590409.0,9521689,,World Bank (IT.NET.USER.ZS),
Bolivia,2007,Other,10.5,1016948.0,9685960,,World Bank (IT.NET.USER.ZS),
Bolivia,2008,Other,12.5,1231357.0,9850858,,World Bank (IT.NET.USER.ZS),
Bolivia,2009,Other,16.8,1682734.0,10016275,,World Bank (IT.NET.USER.ZS),
Bolivia,2010,Other,22.4,2280845.0,10182345,,World Bank (IT.NET.USER.ZS),
Bolivia,2011,Other,30.0,3104679.0,10348929,,World Bank (IT.NET.USER.ZS),
Bolivia,2012,Other,35.34,3716286.0,10515807,,World Bank (IT.NET.USER.ZS),
Bolivia,2013,Other,36.99,3951497.0,10682608,,World Bank (IT.NET.USER.ZS),
Bolivia,2014,Other,34.6,3753891.0,10848888,,World Bank (IT.NET.USER.ZS),
Bolivia,2015,Other,37.49,4129062.0,11014705,,World Bank (IT.NET.USER.ZS),
Bolivia,2016,Other,39.7,4438188.0,11180020,,World Bank (IT.NET.USER.ZS),
Bolivia,2017,Other,43.83,4972593.0,11344587,,World Bank (IT.NET.USER.ZS),
Bolivia,2018,Other,44.29,5096612.0,11508368,,World Bank (IT.NET.USER.ZS),
Bolivia,2019,Other,47.47,5540969.0,11671386,,World Bank (IT.NET.USER.ZS),
Bolivia,2020,Other,59.94,7082702.0,11816299,,World Bank (IT.NET.USER.ZS),
Bolivia,2021,Other,65.98,7875957.0,11937360,,World Bank (IT.NET.USER.ZS),
Bolivia,2022,Other,72.62,8770756.0,12077154,,World Bank (IT.NET.USER.ZS),
Bolivia,2023,Other,77.3,9464784.0,12244159,,World Bank (IT.NET.USER.ZS),
Bosnia and Herzegovina,2000,Other,1.08,45049.0,4159771,,World Bank (IT.NET.USER.ZS),
Bosnia and Herzegovina,2001,Other,1.2,50175.0,4179438,,World Bank (IT.NET.USER.ZS),
Bosnia and Herzegovina,2002,Other,2.65,110910.0,4188002,,World Bank (IT.NET.USER.ZS),
Bosnia and Herzegovina,2003,Other,3.97,165680.0,4178523,,World Bank (IT.NET.USER.ZS),
Bosnia and Herzegovina,2004,Other,15.47,640568.0,4140987,,World Bank (IT.NET.USER.ZS),
Bosnia and Herzegovina,2005,Other,21.33,873647.0,4096493,,World Bank (IT.NET.USER.ZS),
Bosnia and Herzegovina,2006,Other,25.12,1020791.0,4063272,,World Bank (IT.NET.USER.ZS),
Bosnia and Herzegovina,2007,Other,27.92,1120548.0,4013424,,World Bank (IT.NET.USER.ZS),
Bosnia and Herzegovina,2008,Other,34.66,1368219.0,3947544,,World Bank (IT.NET.USER.ZS),
Bosnia and Herzegovina,2009,Other,37.74,1464234.0,3879794,,World Bank (IT.NET.USER.ZS),
Bosnia and Herzegovina,2010,Other,42.75,1629404.0,3811472,,World Bank (IT.NET.USER.ZS),
Bosnia and Herzegovina,2011,Other,43.89,1642189.0,3741798,,World Bank (IT.NET.USER.ZS),
Bosnia and Herzegovina,2012,Other,45.06,1653918.0,3670113,,World Bank (IT.NET.USER.ZS),
Bosnia and Herzegovina,2013,Other,48.52,1752036.0,3610859,,World Bank (IT.NET.USER.ZS),
Bosnia and Herzegovina,2014,Other,49.92,1779481.0,3564829,,World Bank (IT.NET.USER.ZS),
Bosnia and Herzegovina,2015,Other,52.6,1850753.0,3518541,,World Bank (IT.NET.USER.ZS),
Bosnia and Herzegovina,2016,Other,60.26,2092711.0,3473003,,World Bank (IT.NET.USER.ZS),
Bosnia and Herzegovina,2017,Other,64.89,2224941.0,3428682,,World Bank (IT.NET.USER.ZS),
Bosnia and Herzegovina,2018,Other,70.12,2374969.0,3387000,,World Bank (IT.NET.USER.ZS),
Bosnia and Herzegovina,2019,Other,69.95,2340078.0,3345533,,World Bank (IT.NET.USER.ZS),
Bosnia and Herzegovina,2020,Other,73.21,2415511.0,3299349,,World Bank (IT.NET.USER.ZS),
Bosnia and Herzegovina,2021,Other,75.68,2455622.0,3244907,,World Bank (IT.NET.USER.ZS),
Bosnia and Herzegovina,2022,Other,78.85,2526843.0,3204802,,World Bank (IT.NET.USER.ZS),
Bosnia and Herzegovina,2023,Other,83.38,2655623.0,3185073,,World Bank (IT.NET.USER.ZS),
Botswana,2000,Other,2.9,48689.0,1677382,,World Bank (IT.NET.USER.ZS),
Botswana,2001,Other,3.43,58745.0,1712254,,World Bank (IT.NET.USER.ZS),
Botswana,2002,Other,3.39,59076.0,1744763,,World Bank (IT.NET.USER.ZS),
Botswana,2003,Other,3.35,59402.0,1775736,,World Bank (IT.NET.USER.ZS),
Botswana,2004,Other,3.3,59724.0,1807146,,World Bank (IT.NET.USER.ZS),
Botswana,2005,Other,3.26,60028.0,1839877,,World Bank (IT.NET.USER.ZS),
Botswana,2006,Other,4.29,80415.0,1874516,,World Bank (IT.NET.USER.ZS),
Botswana,2007,Other,5.28,100911.0,1911201,,World Bank (IT.NET.USER.ZS),
Botswana,2008,Other,6.25,121873.0,1949970,,World Bank (IT.NET.USER.ZS),
Botswana,2009,Other,6.15,122426.0,1990673,,World Bank (IT.NET.USER.ZS),
Botswana,2010,Other,6.0,121987.0,2033111,,World Bank (IT.NET.USER.ZS),
Botswana,2011,Other,9.0,186618.0,2073535,,World Bank (IT.NET.USER.ZS),
Botswana,2012,Other,16.0,337379.0,2108617,,World Bank (IT.NET.USER.ZS),
Botswana,2013,Other,30.0,642205.0,2140682,,World Bank (IT.NET.USER.ZS),
Botswana,2014,Other,36.74,798112.0,2172044,,World Bank (IT.NET.USER.ZS),
Botswana,2015,Other,38.89,856937.0,2203273,,World Bank (IT.NET.USER.ZS),
Botswana,2016,Other,41.17,920026.0,2234776,,World Bank (IT.NET.USER.ZS),
Botswana,2017,Other,43.58,987767.0,2266747,,World Bank (IT.NET.USER.ZS),
Botswana,2018,Other,46.13,1060481.0,2299141,,World Bank (IT.NET.USER.ZS),
Botswana,2019,Other,48.82,1138588.0,2332083,,World Bank (IT.NET.USER.ZS),
Botswana,2020,Other,51.68,1222651.0,2365894,,World Bank (IT.NET.USER.ZS),
Botswana,2021,Other,54.7,1313605.0,2401441,,World Bank (IT.NET.USER.ZS),
Botswana,2022,Other,57.9,1412697.0,2439892,,World Bank (IT.NET.USER.ZS),
Brazil,2000,South America,2.87,4995517.0,174018282,,World Bank (IT.NET.USER.ZS),
Brazil,2001,South America,4.53,7983791.0,176301203,,World Bank (IT.NET.USER.ZS),
Brazil,2002,South America,9.15,16332043.0,178503484,,World Bank (IT.NET.USER.ZS),
Brazil,2003,South America,13.21,23855897.0,180622688,,World Bank (IT.NET.USER.ZS),
Brazil,2004,South America,19.07,34842858.0,182675143,,World Bank (IT.NET.USER.ZS),
Brazil,2005,South America,21.02,38826513.0,184688101,,World Bank (IT.NET.USER.ZS),
Brazil,2006,South America,28.18,52595859.0,186653106,,World Bank (IT.NET.USER.ZS),
Brazil,2007,South America,30.88,58224955.0,188552320,,World Bank (IT.NET.USER.ZS),
Brazil,2008,South America,33.83,64401258.0,190367302,,World Bank (IT.NET.USER.ZS),
Brazil,2009,South America,39.22,75333757.0,192079951,,World Bank (IT.NET.USER.ZS),
Brazil,2010,South America,40.65,78739834.0,193701929,,World Bank (IT.NET.USER.ZS),
Brazil,2011,South America,45.69,89225595.0,195284734,,World Bank (IT.NET.USER.ZS),
Brazil,2012,South America,48.56,95603040.0,196876111,,World Bank (IT.NET.USER.ZS),
Brazil,2013,South America,51.04,101303324.0,198478299,,World Bank (IT.NET.USER.ZS),
Brazil,2014,South America,54.55,109148441.0,200085127,,World Bank (IT.NET.USER.ZS),
Brazil,2015,South America,58.33,117633207.0,201675532,,World Bank (IT.NET.USER.ZS),
Brazil,2016,South America,60.87,123704028.0,203218114,,World Bank (IT.NET.USER.ZS),
Brazil,2017,South America,67.47,138116044.0,204703445,,World Bank (IT.NET.USER.ZS),
Brazil,2018,South America,70.43,145170171.0,206107261,,World Bank (IT.NET.USER.ZS),
Brazil,2019,South America,73.91,153335391.0,207455459,,World Bank (IT.NET.USER.ZS),
Brazil,2020,South America,81.34,169730349.0,208660842,,World Bank (IT.NET.USER.ZS),
Brazil,2021,South America,80.69,169085908.0,209550294,,World Bank (IT.NET.USER.ZS),
Brazil,2022,South America,80.53,169355026.0,210306415,,World Bank (IT.NET.USER.ZS),
Brazil,2023,South America,84.15,177676195.0,211140729,84.9,World Bank (IT.NET.USER.ZS),DataReportal 2023
British Virgin Islands,2002,Other,18.89,4047.0,21430,,World Bank (IT.NET.USER.ZS),
British Virgin Islands,2009,Other,36.0,9798.0,27218,,World Bank (IT.NET.USER.ZS),
British Virgin Islands,2010,Other,37.0,10240.0,27675,,World Bank (IT.NET.USER.ZS),
British Virgin Islands,2011,Other,37.4,10738.0,28710,,World Bank (IT.NET.USER.ZS),
British Virgin Islands,2012,Other,37.6,11410.0,30345,,World Bank (IT.NET.USER.ZS),
British Virgin Islands,2016,Other,77.7,26324.0,33878,,World Bank (IT.NET.USER.ZS),
British Virgin Islands,2017,Other,77.7,25409.0,32699,,World Bank (IT.NET.USER.ZS),
Brunei Darussalam,2000,Other,9.0,29366.0,326424,,World Bank (IT.NET.USER.ZS),
Brunei Darussalam,2001,Other,12.92,43061.0,333345,,World Bank (IT.NET.USER.ZS),
Brunei Darussalam,2002,Other,15.33,52137.0,340099,,World Bank (IT.NET.USER.ZS),
Brunei Darussalam,2003,Other,19.6,67924.0,346637,,World Bank (IT.NET.USER.ZS),
Brunei Darussalam,2004,Other,29.72,104870.0,352911,,World Bank (IT.NET.USER.ZS),
Brunei Darussalam,2005,Other,36.47,130884.0,358916,,World Bank (IT.NET.USER.ZS),
Brunei Darussalam,2006,Other,42.19,153838.0,364663,,World Bank (IT.NET.USER.ZS),
Brunei Darussalam,2007,Other,44.68,165706.0,370873,,World Bank (IT.NET.USER.ZS),
Brunei Darussalam,2008,Other,46.0,173785.0,377793,,World Bank (IT.NET.USER.ZS),
Brunei Darussalam,2009,Other,49.0,188626.0,384952,,World Bank (IT.NET.USER.ZS),
Brunei Darussalam,2010,Other,53.0,207936.0,392332,,World Bank (IT.NET.USER.ZS),
Brunei Darussalam,2011,Other,56.0,223658.0,399389,,World Bank (IT.NET.USER.ZS),
Brunei Darussalam,2012,Other,60.27,244442.0,405557,,World Bank (IT.NET.USER.ZS),
Brunei Darussalam,2013,Other,64.5,265225.0,411202,,World Bank (IT.NET.USER.ZS),
Brunei Darussalam,2014,Other,68.77,286599.0,416750,,World Bank (IT.NET.USER.ZS),
Brunei Darussalam,2015,Other,71.2,300615.0,422212,,World Bank (IT.NET.USER.ZS),
Brunei Darussalam,2016,Other,90.0,384808.0,427564,,World Bank (IT.NET.USER.ZS),
Brunei Darussalam,2017,Other,94.87,410557.0,432772,,World Bank (IT.NET.USER.ZS),
Brunei Darussalam,2018,Other,95.0,415920.0,437810,,World Bank (IT.NET.USER.ZS),
Brunei Darussalam,2019,Other,95.0,420546.0,442680,,World Bank (IT.NET.USER.ZS),
Brunei Darussalam,2020,Other,96.31,430875.0,447404,,World Bank (IT.NET.USER.ZS),
Brunei Darussalam,2021,Other,97.63,441010.0,451721,,World Bank (IT.NET.USER.ZS),
Brunei Darussalam,2022,Other,98.97,450682.0,455370,,World Bank (IT.NET.USER.ZS),
Brunei Darussalam,2023,Other,98.97,454224.0,458949,,World Bank (IT.NET.USER.ZS),
Bulgaria,2000,Other,5.37,438814.0,8170172,,World Bank (IT.NET.USER.ZS),
Bulgaria,2001,Other,7.61,609680.0,8009142,,World Bank (IT.NET.USER.ZS),
Bulgaria,2002,Other,9.08,711614.0,7837161,,World Bank (IT.NET.USER.ZS),
Bulgaria,2003,Other,12.04,936149.0,7775327,,World Bank (IT.NET.USER.ZS),
Bulgaria,2004,Other,18.13,1399067.0,7716860,,World Bank (IT.NET.USER.ZS),
Bulgaria,2005,Other,19.97,1529497.0,7658972,,World Bank (IT.NET.USER.ZS),
Bulgaria,2006,Other,27.09,2059117.0,7601022,,World Bank (IT.NET.USER.ZS),
Bulgaria,2007,Other,33.64,2538252.0,7545338,,World Bank (IT.NET.USER.ZS),
Bulgaria,2008,Other,39.67,2972299.0,7492561,,World Bank (IT.NET.USER.ZS),
Bulgaria,2009,Other,45.0,3349999.0,7444443,,World Bank (IT.NET.USER.ZS),
Bulgaria,2010,Other,46.23,3418985.0,7395599,,World Bank (IT.NET.USER.ZS),
Bulgaria,2011,Other,47.98,3525727.0,7348328,,World Bank (IT.NET.USER.ZS),
Bulgaria,2012,Other,51.9,3791755.0,7305888,,World Bank (IT.NET.USER.ZS),
Bulgaria,2013,Other,53.06,3799206.0,7160005,,World Bank (IT.NET.USER.ZS),
Bulgaria,2014,Other,55.49,3925152.0,7073572,,World Bank (IT.NET.USER.ZS),
Bulgaria,2015,Other,56.66,3957000.0,6984225,,World Bank (IT.NET.USER.ZS),
Bulgaria,2016,Other,59.83,4124456.0,6894139,,World Bank (IT.NET.USER.ZS),
Bulgaria,2017,Other,63.41,4314086.0,6803468,,World Bank (IT.NET.USER.ZS),
Bulgaria,2018,Other,64.78,4347390.0,6710798,,World Bank (IT.NET.USER.ZS),
Bulgaria,2019,Other,67.95,4495866.0,6616726,,World Bank (IT.NET.USER.ZS),
Bulgaria,2020,Other,70.16,4596131.0,6550696,,World Bank (IT.NET.USER.ZS),
Bulgaria,2021,Other,75.27,4898140.0,6507301,,World Bank (IT.NET.USER.ZS),
Bulgaria,2022,Other,79.13,5115628.0,6465097,,World Bank (IT.NET.USER.ZS),
Bulgaria,2023,Other,80.39,5182390.0,6446596,,World Bank (IT.NET.USER.ZS),
Burkina Faso,2000,Other,0.08,9192.0,11925546,,World Bank (IT.NET.USER.ZS),
Burkina Faso,2001,Other,0.16,19393.0,12295001,,World Bank (IT.NET.USER.ZS),
Burkina Faso,2002,Other,0.2,25488.0,12680897,,World Bank (IT.NET.USER.ZS),
Burkina Faso,2003,Other,0.37,48855.0,13082532,,World Bank (IT.NET.USER.ZS),
Burkina Faso,2004,Other,0.4,54042.0,13500533,,World Bank (IT.NET.USER.ZS),
Burkina Faso,2005,Other,0.47,65467.0,13932123,,World Bank (IT.NET.USER.ZS),
Burkina Faso,2006,Other,0.63,90942.0,14373707,,World Bank (IT.NET.USER.ZS),
Burkina Faso,2007,Other,0.75,111122.0,14816307,,World Bank (IT.NET.USER.ZS),
Burkina Faso,2008,Other,0.92,140374.0,15258093,,World Bank (IT.NET.USER.ZS),
Burkina Faso,2009,Other,1.13,177524.0,15710066,,World Bank (IT.NET.USER.ZS),
Burkina Faso,2010,Other,2.4,388236.0,16176498,,World Bank (IT.NET.USER.ZS),
Burkina Faso,2011,Other,3.0,499857.0,16661908,,World Bank (IT.NET.USER.ZS),
Burkina Faso,2012,Other,3.72,639668.0,17172287,,World Bank (IT.NET.USER.ZS),
Burkina Faso,2013,Other,5.0,884770.0,17695409,,World Bank (IT.NET.USER.ZS),
Burkina Faso,2014,Other,6.0,1093768.0,18229461,,World Bank (IT.NET.USER.ZS),
Burkina Faso,2015,Other,6.55,1229118.0,18777487,,World Bank (IT.NET.USER.ZS),
Burkina Faso,2016,Other,7.14,1380702.0,19334856,,World Bank (IT.NET.USER.ZS),
Burkina Faso,2017,Other,7.79,1549854.0,19894407,,World Bank (IT.NET.USER.ZS),
Burkina Faso,2018,Other,8.5,1737030.0,20438288,,World Bank (IT.NET.USER.ZS),
Burkina Faso,2019,Other,9.27,1943552.0,20961952,,World Bank (IT.NET.USER.ZS),
Burkina Faso,2020,Other,12.97,2786473.0,21478690,,World Bank (IT.NET.USER.ZS),
Burkina Faso,2021,Other,18.15,3992621.0,21995243,,World Bank (IT.NET.USER.ZS),
Burkina Faso,2022,Other,25.4,5717026.0,22509038,,World Bank (IT.NET.USER.ZS),
Burkina Faso,2023,Other,25.36,5839613.0,23025776,,World Bank (IT.NET.USER.ZS),
Burundi,2000,Other,0.08,4998.0,6470194,,World Bank (IT.NET.USER.ZS),
Burundi,2001,Other,0.11,7033.0,6634365,,World Bank (IT.NET.USER.ZS),
Burundi,2002,Other,0.12,8068.0,6824132,,World Bank (IT.NET.USER.ZS),
Burundi,2003,Other,0.2,14176.0,7043154,,World Bank (IT.NET.USER.ZS),
Burundi,2004,Other,0.35,25519.0,7310656,,World Bank (IT.NET.USER.ZS),
Burundi,2005,Other,0.54,41131.0,7587299,,World Bank (IT.NET.USER.ZS),
Burundi,2006,Other,0.66,51724.0,7865547,,World Bank (IT.NET.USER.ZS),
Burundi,2007,Other,0.7,57133.0,8161874,,World Bank (IT.NET.USER.ZS),
Burundi,2008,Other,0.81,68896.0,8505637,,World Bank (IT.NET.USER.ZS),
Burundi,2009,Other,0.9,80529.0,8947646,,World Bank (IT.NET.USER.ZS),
Burundi,2010,Other,1.0,93764.0,9376444,,World Bank (IT.NET.USER.ZS),
Burundi,2011,Other,1.11,107870.0,9717978,,World Bank (IT.NET.USER.ZS),
Burundi,2012,Other,1.22,122867.0,10071028,,World Bank (IT.NET.USER.ZS),
Burundi,2013,Other,1.26,131976.0,10439341,,World Bank (IT.NET.USER.ZS),
Burundi,2014,Other,1.04,112576.0,10799785,,World Bank (IT.NET.USER.ZS),
Burundi,2015,Other,2.0,220952.0,11047580,,World Bank (IT.NET.USER.ZS),
Burundi,2016,Other,2.2,247268.0,11239451,,World Bank (IT.NET.USER.ZS),
Burundi,2017,Other,2.66,306166.0,11506762,,World Bank (IT.NET.USER.ZS),
Burundi,2018,Other,4.02,476690.0,11859446,,World Bank (IT.NET.USER.ZS),
Burundi,2019,Other,6.07,744168.0,12255336,,World Bank (IT.NET.USER.ZS),
Burundi,2020,Other,6.43,811288.0,12617036,,World Bank (IT.NET.USER.ZS),
Burundi,2021,Other,6.78,878800.0,12965481,,World Bank (IT.NET.USER.ZS),
Burundi,2022,Other,7.14,951766.0,13321097,,World Bank (IT.NET.USER.ZS),
Burundi,2023,Other,7.17,981848.0,13689450,,World Bank (IT.NET.USER.ZS),
Cabo Verde,2000,Other,1.82,8261.0,453317,,World Bank (IT.NET.USER.ZS),
Cabo Verde,2001,Other,2.69,12360.0,460293,,World Bank (IT.NET.USER.ZS),
Cabo Verde,2002,Other,3.52,16434.0,467046,,World Bank (IT.NET.USER.ZS),
Cabo Verde,2003,Other,4.32,20473.0,473383,,World Bank (IT.NET.USER.ZS),
Cabo Verde,2004,Other,5.32,25497.0,479370,,World Bank (IT.NET.USER.ZS),
Cabo Verde,2005,Other,6.07,29466.0,485115,,World Bank (IT.NET.USER.ZS),
Cabo Verde,2006,Other,6.81,33413.0,490728,,World Bank (IT.NET.USER.ZS),
Cabo Verde,2007,Other,8.28,41101.0,496190,,World Bank (IT.NET.USER.ZS),
Cabo Verde,2008,Other,14.0,70190.0,501355,,World Bank (IT.NET.USER.ZS),
Cabo Verde,2009,Other,21.0,106290.0,506141,,World Bank (IT.NET.USER.ZS),
Cabo Verde,2010,Other,30.0,152935.0,509784,,World Bank (IT.NET.USER.ZS),
Cabo Verde,2011,Other,32.0,163663.0,511447,,World Bank (IT.NET.USER.ZS),
Cabo Verde,2012,Other,34.74,177853.0,511955,,World Bank (IT.NET.USER.ZS),
Cabo Verde,2013,Other,37.5,192084.0,512225,,World Bank (IT.NET.USER.ZS),
Cabo Verde,2014,Other,40.26,206262.0,512326,,World Bank (IT.NET.USER.ZS),
Cabo Verde,2015,Other,42.68,218705.0,512394,,World Bank (IT.NET.USER.ZS),
Cabo Verde,2016,Other,50.32,257932.0,512554,,World Bank (IT.NET.USER.ZS),
Cabo Verde,2017,Other,57.16,293181.0,512893,,World Bank (IT.NET.USER.ZS),
Cabo Verde,2018,Other,59.5,305482.0,513415,,World Bank (IT.NET.USER.ZS),
Cabo Verde,2019,Other,61.94,318453.0,514104,,World Bank (IT.NET.USER.ZS),
Cabo Verde,2020,Other,69.37,357050.0,514679,,World Bank (IT.NET.USER.ZS),
Cabo Verde,2021,Other,70.28,363114.0,516649,,World Bank (IT.NET.USER.ZS),
Cabo Verde,2022,Other,73.33,381113.0,519741,,World Bank (IT.NET.USER.ZS),
Cabo Verde,2023,Other,74.6,389655.0,522331,,World Bank (IT.NET.USER.ZS),
Cambodia,2000,Other,0.05,5860.0,12462336,,World Bank (IT.NET.USER.ZS),
Cambodia,2001,Other,0.08,9741.0,12658484,,World Bank (IT.NET.USER.ZS),
Cambodia,2002,Other,0.23,29179.0,12855241,,World Bank (IT.NET.USER.ZS),
Cambodia,2003,Other,0.26,34007.0,13050968,,World Bank (IT.NET.USER.ZS),
Cambodia,2004,Other,0.3,39792.0,13244731,,World Bank (IT.NET.USER.ZS),
Cambodia,2005,Other,0.32,42646.0,13439202,,World Bank (IT.NET.USER.ZS),
Cambodia,2006,Other,0.47,63885.0,13639028,,World Bank (IT.NET.USER.ZS),
Cambodia,2007,Other,0.49,67825.0,13841770,,World Bank (IT.NET.USER.ZS),
Cambodia,2008,Other,0.51,71673.0,14053479,,World Bank (IT.NET.USER.ZS),
Cambodia,2009,Other,0.53,75667.0,14276810,,World Bank (IT.NET.USER.ZS),
Cambodia,2010,Other,1.26,182709.0,14500726,,World Bank (IT.NET.USER.ZS),
Cambodia,2011,Other,3.1,456400.0,14722584,,World Bank (IT.NET.USER.ZS),
Cambodia,2012,Other,4.94,738287.0,14945085,,World Bank (IT.NET.USER.ZS),
Cambodia,2013,Other,6.0,910212.0,15170208,,World Bank (IT.NET.USER.ZS),
Cambodia,2014,Other,14.0,2155548.0,15396772,,World Bank (IT.NET.USER.ZS),
Cambodia,2015,Other,6.43,1005074.0,15623251,,World Bank (IT.NET.USER.ZS),
Cambodia,2016,Other,32.4,5136063.0,15852803,,World Bank (IT.NET.USER.ZS),
Cambodia,2017,Other,32.9,5288184.0,16073372,,World Bank (IT.NET.USER.ZS),
Cambodia,2018,Other,65.0,10578439.0,16274522,,World Bank (IT.NET.USER.ZS),
Cambodia,2019,Other,52.31,8620691.0,16481304,,World Bank (IT.NET.USER.ZS),
Cambodia,2020,Other,56.38,9429137.0,16725474,,World Bank (IT.NET.USER.ZS),
Cambodia,2021,Other,60.76,10314046.0,16974305,,World Bank (IT.NET.USER.ZS),
Cambodia,2022,Other,65.49,11265546.0,17201724,,World Bank (IT.NET.USER.ZS),
Cambodia,2023,Other,68.93,12009496.0,17423880,,World Bank (IT.NET.USER.ZS),
Cameroon,2000,Africa,0.25,37598.0,14912631,,World Bank (IT.NET.USER.ZS),
Cameroon,2001,Africa,0.28,42415.0,15309490,,World Bank (IT.NET.USER.ZS),
Cameroon,2002,Africa,0.36,56749.0,15725528,,World Bank (IT.NET.USER.ZS),
Cameroon,2003,Africa,0.59,94962.0,16160340,,World Bank (IT.NET.USER.ZS),
Cameroon,2004,Africa,0.98,162131.0,16610487,,World Bank (IT.NET.USER.ZS),
Cameroon,2005,Africa,1.4,239505.0,17074594,,World Bank (IT.NET.USER.ZS),
Cameroon,2006,Africa,2.03,356045.0,17550407,,World Bank (IT.NET.USER.ZS),
Cameroon,2007,Africa,2.93,528862.0,18049896,,World Bank (IT.NET.USER.ZS),
Cameroon,2008,Africa,3.4,631518.0,18574056,,World Bank (IT.NET.USER.ZS),
Cameroon,2009,Africa,3.84,733977.0,19113974,,World Bank (IT.NET.USER.ZS),
Cameroon,2010,Africa,4.3,845727.0,19668066,,World Bank (IT.NET.USER.ZS),
Cameroon,2011,Africa,5.0,1011615.0,20232304,,World Bank (IT.NET.USER.ZS),
Cameroon,2012,Africa,7.5,1560715.0,20809529,,World Bank (IT.NET.USER.ZS),
Cameroon,2013,Africa,10.0,2140238.0,21402376,,World Bank (IT.NET.USER.ZS),
Cameroon,2014,Africa,16.21,3576983.0,22059893,,World Bank (IT.NET.USER.ZS),
Cameroon,2015,Africa,18.3,4165705.0,22763414,,World Bank (IT.NET.USER.ZS),
Cameroon,2016,Africa,20.6,4831557.0,23454161,,World Bank (IT.NET.USER.ZS),
Cameroon,2017,Africa,23.2,5598553.0,24128601,,World Bank (IT.NET.USER.ZS),
Cameroon,2018,Africa,29.7,7367496.0,24806383,,World Bank (IT.NET.USER.ZS),
Cameroon,2019,Africa,36.54,9319723.0,25506095,,World Bank (IT.NET.USER.ZS),
Cameroon,2020,Africa,37.7,9880725.0,26210558,,World Bank (IT.NET.USER.ZS),
Cameroon,2021,Africa,38.89,10468238.0,26915758,,World Bank (IT.NET.USER.ZS),
Cameroon,2022,Africa,40.13,11087815.0,27632771,,World Bank (IT.NET.USER.ZS),
Cameroon,2023,Africa,42.24,11985701.0,28372687,,World Bank (IT.NET.USER.ZS),
Canada,2000,North America,51.3,15741779.0,30685730,,World Bank (IT.NET.USER.ZS),
Canada,2001,North America,60.2,18674555.0,31020855,,World Bank (IT.NET.USER.ZS),
Canada,2002,North America,61.59,19315165.0,31359199,,World Bank (IT.NET.USER.ZS),
Canada,2003,North America,64.2,20314460.0,31642461,,World Bank (IT.NET.USER.ZS),
Canada,2004,North America,65.96,21065548.0,31938807,,World Bank (IT.NET.USER.ZS),
Canada,2005,North America,71.66,23105142.0,32242732,,World Bank (IT.NET.USER.ZS),
Canada,2006,North America,72.4,23581544.0,32571193,,World Bank (IT.NET.USER.ZS),
Canada,2007,North America,73.2,24074665.0,32888886,,World Bank (IT.NET.USER.ZS),
Canada,2008,North America,76.7,25500677.0,33247298,,World Bank (IT.NET.USER.ZS),
Canada,2009,North America,80.3,27004945.0,33630069,,World Bank (IT.NET.USER.ZS),
Canada,2010,North America,80.3,27306739.0,34005902,,World Bank (IT.NET.USER.ZS),
Canada,2011,North America,83.0,28501553.0,34339221,,World Bank (IT.NET.USER.ZS),
Canada,2012,North America,83.0,28812118.0,34713395,,World Bank (IT.NET.USER.ZS),
Canada,2013,North America,85.8,30099492.0,35080992,,World Bank (IT.NET.USER.ZS),
Canada,2014,North America,87.12,30870159.0,35434066,,World Bank (IT.NET.USER.ZS),
Canada,2015,North America,90.0,32134048.0,35704498,,World Bank (IT.NET.USER.ZS),
Canada,2016,North America,91.16,32918609.0,36110803,,World Bank (IT.NET.USER.ZS),
Canada,2017,North America,92.7,33877796.0,36545075,,World Bank (IT.NET.USER.ZS),
Canada,2018,North America,94.64,35085528.0,37072620,,World Bank (IT.NET.USER.ZS),
Canada,2019,North America,91.91,34576251.0,37618495,,World Bank (IT.NET.USER.ZS),
Canada,2020,North America,92.3,35100433.0,38028638,,World Bank (IT.NET.USER.ZS),
Canada,2021,North America,93.94,35921421.0,38239864,,World Bank (IT.NET.USER.ZS),
Canada,2022,North America,94.0,36599778.0,38935934,,World Bank (IT.NET.USER.ZS),
Canada,2023,North America,94.15,37736717.0,40083484,84.6,World Bank (IT.NET.USER.ZS),DataReportal 2023
Cayman Islands,2005,Other,38.03,17796.0,46788,,World Bank (IT.NET.USER.ZS),
Cayman Islands,2006,Other,44.5,21463.0,48232,,World Bank (IT.NET.USER.ZS),
Cayman Islands,2007,Other,52.0,25837.0,49687,,World Bank (IT.NET.USER.ZS),
Cayman Islands,2008,Other,61.0,31202.0,51151,,World Bank (IT.NET.USER.ZS),
Cayman Islands,2009,Other,64.5,33939.0,52618,,World Bank (IT.NET.USER.ZS),
Cayman Islands,2010,Other,66.0,35705.0,54099,,World Bank (IT.NET.USER.ZS),
Cayman Islands,2011,Other,69.47,38627.0,55606,,World Bank (IT.NET.USER.ZS),
Cayman Islands,2012,Other,69.7,39824.0,57136,,World Bank (IT.NET.USER.ZS),
Cayman Islands,2013,Other,71.4,41880.0,58655,,World Bank (IT.NET.USER.ZS),
Cayman Islands,2014,Other,74.1,44579.0,60160,,World Bank (IT.NET.USER.ZS),
Cayman Islands,2015,Other,77.0,47464.0,61642,,World Bank (IT.NET.USER.ZS),
Cayman Islands,2016,Other,79.0,49849.0,63100,,World Bank (IT.NET.USER.ZS),
Cayman Islands,2017,Other,81.07,52317.0,64535,,World Bank (IT.NET.USER.ZS),
Central African Republic,2000,Other,0.05,2047.0,3833416,,World Bank (IT.NET.USER.ZS),
Central African Republic,2001,Other,0.08,3078.0,3919487,,World Bank (IT.NET.USER.ZS),
Central African Republic,2002,Other,0.13,5149.0,4006077,,World Bank (IT.NET.USER.ZS),
Central African Republic,2003,Other,0.15,6219.0,4103086,,World Bank (IT.NET.USER.ZS),
Central African Republic,2004,Other,0.22,9367.0,4192826,,World Bank (IT.NET.USER.ZS),
Central African Republic,2005,Other,0.27,11503.0,4288810,,World Bank (IT.NET.USER.ZS),
Central African Republic,2006,Other,0.31,13623.0,4377579,,World Bank (IT.NET.USER.ZS),
Central African Republic,2007,Other,0.38,16772.0,4462770,,World Bank (IT.NET.USER.ZS),
Central African Republic,2008,Other,1.0,45590.0,4558984,,World Bank (IT.NET.USER.ZS),
Central African Republic,2009,Other,1.8,81523.0,4529047,,World Bank (IT.NET.USER.ZS),
Central African Republic,2010,Other,2.0,89860.0,4492995,,World Bank (IT.NET.USER.ZS),
Central African Republic,2011,Other,2.2,100430.0,4565021,,World Bank (IT.NET.USER.ZS),
Central African Republic,2012,Other,2.4,110660.0,4610848,,World Bank (IT.NET.USER.ZS),
Central African Republic,2013,Other,2.5,116060.0,4642419,,World Bank (IT.NET.USER.ZS),
Central African Republic,2014,Other,2.7,124826.0,4623182,,World Bank (IT.NET.USER.ZS),
Central African Republic,2015,Other,2.9,134250.0,4629320,,World Bank (IT.NET.USER.ZS),
Central African Republic,2016,Other,3.1,146124.0,4713663,,World Bank (IT.NET.USER.ZS),
Central African Republic,2017,Other,4.0,191740.0,4793511,,World Bank (IT.NET.USER.ZS),
Central African Republic,2018,Other,5.1,248812.0,4878657,,World Bank (IT.NET.USER.ZS),
Central African Republic,2019,Other,7.51,371308.0,4944703,,World Bank (IT.NET.USER.ZS),
Central African Republic,2022,Other,13.75,701164.0,5098039,,World Bank (IT.NET.USER.ZS),
Central African Republic,2023,Other,13.84,713183.0,5152421,,World Bank (IT.NET.USER.ZS),
Chad,2000,Other,0.04,3039.0,8512093,,World Bank (IT.NET.USER.ZS),
Chad,2001,Other,0.05,4044.0,8804124,,World Bank (IT.NET.USER.ZS),
Chad,2002,Other,0.17,15139.0,9116192,,World Bank (IT.NET.USER.ZS),
Chad,2003,Other,0.32,30390.0,9487833,,World Bank (IT.NET.USER.ZS),
Chad,2004,Other,0.36,35803.0,9920036,,World Bank (IT.NET.USER.ZS),
Chad,2005,Other,0.4,41236.0,10328092,,World Bank (IT.NET.USER.ZS),
Chad,2006,Other,0.58,62209.0,10706424,,World Bank (IT.NET.USER.ZS),
Chad,2007,Other,0.85,93887.0,11081660,,World Bank (IT.NET.USER.ZS),
Chad,2008,Other,1.19,136568.0,11476296,,World Bank (IT.NET.USER.ZS),
Chad,2009,Other,1.5,178406.0,11893754,,World Bank (IT.NET.USER.ZS),
Chad,2010,Other,1.7,209314.0,12312575,,World Bank (IT.NET.USER.ZS),
Chad,2011,Other,1.9,242345.0,12754997,,World Bank (IT.NET.USER.ZS),
Chad,2012,Other,2.1,277431.0,13210998,,World Bank (IT.NET.USER.ZS),
Chad,2013,Other,2.5,342277.0,13691079,,World Bank (IT.NET.USER.ZS),
Chad,2014,Other,2.9,411472.0,14188678,,World Bank (IT.NET.USER.ZS),
Chad,2015,Other,3.5,512667.0,14647621,,World Bank (IT.NET.USER.ZS),
Chad,2016,Other,5.8,876650.0,15114655,,World Bank (IT.NET.USER.ZS),
Chad,2017,Other,6.35,992342.0,15622759,,World Bank (IT.NET.USER.ZS),
Chad,2018,Other,6.96,1123897.0,16156531,,World Bank (IT.NET.USER.ZS),
Chad,2019,Other,7.62,1271114.0,16685223,,World Bank (IT.NET.USER.ZS),
Chad,2020,Other,8.34,1437072.0,17224679,,World Bank (IT.NET.USER.ZS),
Chad,2021,Other,9.65,1721088.0,17828273,,World Bank (IT.NET.USER.ZS),
Chad,2022,Other,11.17,2061514.0,18455316,,World Bank (IT.NET.USER.ZS),
Chad,2023,Other,12.04,2325223.0,19319064,,World Bank (IT.NET.USER.ZS),
Chile,2000,South America,16.6,2573603.0,15503635,,World Bank (IT.NET.USER.ZS),
Chile,2001,South America,19.1,2995615.0,15683849,,World Bank (IT.NET.USER.ZS),
Chile,2002,South America,22.1,3504601.0,15857925,,World Bank (IT.NET.USER.ZS),
Chile,2003,South America,25.47,4082110.0,16024752,,World Bank (IT.NET.USER.ZS),
Chile,2004,South America,28.18,4561249.0,16187322,,World Bank (IT.NET.USER.ZS),
Chile,2005,South America,31.18,5096781.0,16348778,,World Bank (IT.NET.USER.ZS),
Chile,2006,South America,34.5,5695301.0,16509195,,World Bank (IT.NET.USER.ZS),
Chile,2007,South America,35.9,5985098.0,16671581,,World Bank (IT.NET.USER.ZS),
Chile,2008,South America,37.3,6280942.0,16838988,,World Bank (IT.NET.USER.ZS),
Chile,2009,South America,41.56,7069244.0,17009731,,World Bank (IT.NET.USER.ZS),
Chile,2010,South America,45.0,7731659.0,17181464,,World Bank (IT.NET.USER.ZS),
Chile,2011,South America,52.25,9066256.0,17351816,,World Bank (IT.NET.USER.ZS),
Chile,2012,South America,55.05,9644275.0,17519119,,World Bank (IT.NET.USER.ZS),
Chile,2013,South America,58.0,10258463.0,17687006,,World Bank (IT.NET.USER.ZS),
Chile,2014,South America,61.11,10916810.0,17864195,,World Bank (IT.NET.USER.ZS),
Chile,2015,South America,76.63,13829821.0,18047625,,World Bank (IT.NET.USER.ZS),
Chile,2016,South America,83.56,15263832.0,18267221,,World Bank (IT.NET.USER.ZS),
Chile,2017,South America,82.33,15279050.0,18558868,,World Bank (IT.NET.USER.ZS),
Chile,2018,South America,84.9,16040319.0,18893191,,World Bank (IT.NET.USER.ZS),
Chile,2019,South America,85.02,16321461.0,19197744,,World Bank (IT.NET.USER.ZS),
Chile,2020,South America,87.46,16941412.0,19370624,,World Bank (IT.NET.USER.ZS),
Chile,2021,South America,90.23,17555996.0,19456334,,World Bank (IT.NET.USER.ZS),
Chile,2022,South America,92.32,18051011.0,19553036,,World Bank (IT.NET.USER.ZS),
Chile,2023,South America,94.46,18569229.0,19658835,74.3,World Bank (IT.NET.USER.ZS),DataReportal 2023
China,2000,Asia,1.78,22423479.0,1262645000,,World Bank (IT.NET.USER.ZS),
China,2001,Asia,2.64,33572391.0,1271850000,,World Bank (IT.NET.USER.ZS),
China,2002,Asia,4.6,58843398.0,1280400000,,World Bank (IT.NET.USER.ZS),
China,2003,Asia,6.2,79880800.0,1288400000,,World Bank (IT.NET.USER.ZS),
China,2004,Asia,7.3,94613475.0,1296075000,,World Bank (IT.NET.USER.ZS),
China,2005,Asia,8.52,111119406.0,1303720000,,World Bank (IT.NET.USER.ZS),
China,2006,Asia,10.52,137960635.0,1311020000,,World Bank (IT.NET.USER.ZS),
China,2007,Asia,16.0,210861600.0,1317885000,,World Bank (IT.NET.USER.ZS),
China,2008,Asia,22.6,299372030.0,1324655000,,World Bank (IT.NET.USER.ZS),
China,2009,Asia,28.9,384734140.0,1331260000,,World Bank (IT.NET.USER.ZS),
China,2010,Asia,34.3,458832815.0,1337705000,,World Bank (IT.NET.USER.ZS),
China,2011,Asia,38.3,515148405.0,1345035000,,World Bank (IT.NET.USER.ZS),
China,2012,Asia,42.3,572823703.0,1354190000,,World Bank (IT.NET.USER.ZS),
China,2013,Asia,45.8,624363910.0,1363240000,,World Bank (IT.NET.USER.ZS),
China,2014,Asia,47.9,657120961.0,1371860000,,World Bank (IT.NET.USER.ZS),
China,2015,Asia,50.3,694069570.0,1379860000,,World Bank (IT.NET.USER.ZS),
China,2016,Asia,53.2,738304280.0,1387790000,,World Bank (IT.NET.USER.ZS),
China,2017,Asia,54.3,758144745.0,1396215000,,World Bank (IT.NET.USER.ZS),
China,2018,Asia,65.36,916821470.0,1402760000,,World Bank (IT.NET.USER.ZS),
China,2019,Asia,64.08,902095402.0,1407745000,,World Bank (IT.NET.USER.ZS),
China,2020,Asia,70.05,988514496.0,1411100000,,World Bank (IT.NET.USER.ZS),
China,2021,Asia,73.05,1031774672.0,1412360000,,World Bank (IT.NET.USER.ZS),
China,2022,Asia,75.61,1067764102.0,1412175000,,World Bank (IT.NET.USER.ZS),
China,2023,Asia,90.6,1278103260.0,1410710000,73.7,World Bank (IT.NET.USER.ZS),DataReportal 2023
Colombia,2000,South America,2.21,862923.0,39089934,,World Bank (IT.NET.USER.ZS),
Colombia,2001,South America,2.85,1133382.0,39709262,,World Bank (IT.NET.USER.ZS),
Colombia,2002,South America,4.6,1854935.0,40324680,,World Bank (IT.NET.USER.ZS),
Colombia,2003,South America,7.39,3024835.0,40937429,,World Bank (IT.NET.USER.ZS),
Colombia,2004,South America,9.12,3788193.0,41543171,,World Bank (IT.NET.USER.ZS),
Colombia,2005,South America,11.01,4637248.0,42128977,,World Bank (IT.NET.USER.ZS),
Colombia,2006,South America,15.34,6549527.0,42691084,,World Bank (IT.NET.USER.ZS),
Colombia,2007,South America,21.8,9425311.0,43235374,,World Bank (IT.NET.USER.ZS),
Colombia,2008,South America,25.6,11202255.0,43758808,,World Bank (IT.NET.USER.ZS),
Colombia,2009,South America,30.0,13281462.0,44271541,,World Bank (IT.NET.USER.ZS),
Colombia,2010,South America,36.5,16343721.0,44777319,,World Bank (IT.NET.USER.ZS),
Colombia,2011,South America,40.35,18262669.0,45259614,,World Bank (IT.NET.USER.ZS),
Colombia,2012,South America,48.98,22391604.0,45715810,,World Bank (IT.NET.USER.ZS),
Colombia,2013,South America,51.7,23860369.0,46151584,,World Bank (IT.NET.USER.ZS),
Colombia,2014,South America,52.57,24478578.0,46565429,,World Bank (IT.NET.USER.ZS),
Colombia,2015,South America,55.9,26258532.0,46969940,,World Bank (IT.NET.USER.ZS),
Colombia,2016,South America,58.14,27578506.0,47437512,,World Bank (IT.NET.USER.ZS),
Colombia,2017,South America,62.26,29966352.0,48131078,,World Bank (IT.NET.USER.ZS),
Colombia,2018,South America,64.13,31437613.0,49024465,,World Bank (IT.NET.USER.ZS),
Colombia,2019,South America,65.01,32443634.0,49907985,,World Bank (IT.NET.USER.ZS),
Colombia,2020,South America,69.8,35337376.0,50629997,,World Bank (IT.NET.USER.ZS),
Colombia,2021,South America,73.03,37381891.0,51188173,,World Bank (IT.NET.USER.ZS),
Colombia,2022,South America,72.8,37663350.0,51737944,,World Bank (IT.NET.USER.ZS),
Colombia,2023,South America,77.34,40463538.0,52321152,80.1,World Bank (IT.NET.USER.ZS),DataReportal 2023
Comoros,2000,Other,0.27,1457.0,536080,,World Bank (IT.NET.USER.ZS),
Comoros,2001,Other,0.44,2425.0,547220,,World Bank (IT.NET.USER.ZS),
Comoros,2002,Other,0.55,3101.0,558923,,World Bank (IT.NET.USER.ZS),
Comoros,2003,Other,0.85,4833.0,569798,,World Bank (IT.NET.USER.ZS),
Comoros,2004,Other,1.33,7708.0,580704,,World Bank (IT.NET.USER.ZS),
Comoros,2005,Other,2.0,11854.0,592677,,World Bank (IT.NET.USER.ZS),
Comoros,2006,Other,2.2,13305.0,604753,,World Bank (IT.NET.USER.ZS),
Comoros,2007,Other,2.5,15423.0,616927,,World Bank (IT.NET.USER.ZS),
Comoros,2008,Other,3.0,18879.0,629307,,World Bank (IT.NET.USER.ZS),
Comoros,2009,Other,3.5,22468.0,641947,,World Bank (IT.NET.USER.ZS),
Comoros,2010,Other,5.1,33397.0,654836,,World Bank (IT.NET.USER.ZS),
Comoros,2011,Other,5.5,36743.0,668056,,World Bank (IT.NET.USER.ZS),
Comoros,2012,Other,5.98,40729.0,681630,,World Bank (IT.NET.USER.ZS),
Comoros,2013,Other,6.5,45252.0,696192,,World Bank (IT.NET.USER.ZS),
Comoros,2014,Other,6.98,49663.0,711503,,World Bank (IT.NET.USER.ZS),
Comoros,2015,Other,7.46,54205.0,726682,,World Bank (IT.NET.USER.ZS),
Comoros,2016,Other,7.94,58882.0,741741,,World Bank (IT.NET.USER.ZS),
Comoros,2017,Other,8.48,64152.0,756669,,World Bank (IT.NET.USER.ZS),
Comoros,2019,Other,16.38,128871.0,786578,,World Bank (IT.NET.USER.ZS),
Comoros,2020,Other,22.42,179848.0,802163,,World Bank (IT.NET.USER.ZS),
Comoros,2021,Other,30.68,251026.0,818174,,World Bank (IT.NET.USER.ZS),
Comoros,2022,Other,31.37,261719.0,834188,,World Bank (IT.NET.USER.ZS),
Comoros,2023,Other,31.93,271507.0,850387,,World Bank (IT.NET.USER.ZS),
"Congo, Dem. Rep.",2000,Other,0.01,2981.0,50507442,,World Bank (IT.NET.USER.ZS),
"Congo, Dem. Rep.",2001,Other,0.01,5983.0,52132646,,World Bank (IT.NET.USER.ZS),
"Congo, Dem. Rep.",2002,Other,0.09,49875.0,53750524,,World Bank (IT.NET.USER.ZS),
"Congo, Dem. Rep.",2003,Other,0.13,74667.0,55343867,,World Bank (IT.NET.USER.ZS),
"Congo, Dem. Rep.",2004,Other,0.2,111834.0,56997741,,World Bank (IT.NET.USER.ZS),
"Congo, Dem. Rep.",2005,Other,0.24,139886.0,58775724,,World Bank (IT.NET.USER.ZS),
"Congo, Dem. Rep.",2006,Other,0.3,179484.0,60615908,,World Bank (IT.NET.USER.ZS),
"Congo, Dem. Rep.",2007,Other,0.37,231168.0,62477752,,World Bank (IT.NET.USER.ZS),
"Congo, Dem. Rep.",2008,Other,0.44,283319.0,64390664,,World Bank (IT.NET.USER.ZS),
"Congo, Dem. Rep.",2009,Other,0.56,371907.0,66412044,,World Bank (IT.NET.USER.ZS),
"Congo, Dem. Rep.",2010,Other,0.72,493654.0,68563038,,World Bank (IT.NET.USER.ZS),
"Congo, Dem. Rep.",2011,Other,1.2,850192.0,70849311,,World Bank (IT.NET.USER.ZS),
"Congo, Dem. Rep.",2012,Other,1.68,1230678.0,73254618,,World Bank (IT.NET.USER.ZS),
"Congo, Dem. Rep.",2013,Other,2.2,1667367.0,75789395,,World Bank (IT.NET.USER.ZS),
"Congo, Dem. Rep.",2014,Other,3.0,2352097.0,78403242,,World Bank (IT.NET.USER.ZS),
"Congo, Dem. Rep.",2015,Other,3.8,3079350.0,81035531,,World Bank (IT.NET.USER.ZS),
"Congo, Dem. Rep.",2016,Other,10.1,8479598.0,83956415,,World Bank (IT.NET.USER.ZS),
"Congo, Dem. Rep.",2018,Other,11.7,10535574.0,90047644,,World Bank (IT.NET.USER.ZS),
"Congo, Dem. Rep.",2019,Other,13.03,12110773.0,92947442,,World Bank (IT.NET.USER.ZS),
"Congo, Dem. Rep.",2020,Other,14.51,13928629.0,95989998,,World Bank (IT.NET.USER.ZS),
"Congo, Dem. Rep.",2021,Other,16.16,16022070.0,99148932,,World Bank (IT.NET.USER.ZS),
"Congo, Dem. Rep.",2022,Other,18.0,18427564.0,102396968,,World Bank (IT.NET.USER.ZS),
"Congo, Dem. Rep.",2023,Other,18.97,20066090.0,105789731,,World Bank (IT.NET.USER.ZS),
"Congo, Rep.",2000,Other,0.03,831.0,3151345,,World Bank (IT.NET.USER.ZS),
"Congo, Rep.",2001,Other,0.03,1055.0,3272537,,World Bank (IT.NET.USER.ZS),
"Congo, Rep.",2002,Other,0.16,5269.0,3350771,,World Bank (IT.NET.USER.ZS),
"Congo, Rep.",2003,Other,0.46,15851.0,3445753,,World Bank (IT.NET.USER.ZS),
"Congo, Rep.",2004,Other,1.08,38419.0,3565554,,World Bank (IT.NET.USER.ZS),
"Congo, Rep.",2005,Other,1.46,54093.0,3696393,,World Bank (IT.NET.USER.ZS),
"Congo, Rep.",2006,Other,2.01,77055.0,3837409,,World Bank (IT.NET.USER.ZS),
"Congo, Rep.",2007,Other,2.76,109848.0,3980430,,World Bank (IT.NET.USER.ZS),
"Congo, Rep.",2008,Other,4.29,176367.0,4113517,,World Bank (IT.NET.USER.ZS),
"Congo, Rep.",2009,Other,4.5,192655.0,4281219,,World Bank (IT.NET.USER.ZS),
"Congo, Rep.",2010,Other,5.0,223114.0,4462290,,World Bank (IT.NET.USER.ZS),
"Congo, Rep.",2011,Other,5.6,258145.0,4609724,,World Bank (IT.NET.USER.ZS),
"Congo, Rep.",2012,Other,6.11,289485.0,4740450,,World Bank (IT.NET.USER.ZS),
"Congo, Rep.",2013,Other,6.6,320569.0,4857099,,World Bank (IT.NET.USER.ZS),
"Congo, Rep.",2014,Other,7.11,353785.0,4975880,,World Bank (IT.NET.USER.ZS),
"Congo, Rep.",2015,Other,7.62,388232.0,5097581,,World Bank (IT.NET.USER.ZS),
"Congo, Rep.",2016,Other,8.12,424169.0,5222536,,World Bank (IT.NET.USER.ZS),
"Congo, Rep.",2017,Other,8.65,462862.0,5351011,,World Bank (IT.NET.USER.ZS),
"Congo, Rep.",2018,Other,11.81,647397.0,5483118,,World Bank (IT.NET.USER.ZS),
"Congo, Rep.",2019,Other,16.12,905204.0,5616661,,World Bank (IT.NET.USER.ZS),
"Congo, Rep.",2020,Other,22.0,1265528.0,5752791,,World Bank (IT.NET.USER.ZS),
"Congo, Rep.",2021,Other,30.03,1769269.0,5892183,,World Bank (IT.NET.USER.ZS),
"Congo, Rep.",2022,Other,40.99,2473590.0,6035104,,World Bank (IT.NET.USER.ZS),
"Congo, Rep.",2023,Other,43.15,2667940.0,6182885,,World Bank (IT.NET.USER.ZS),
Costa Rica,2000,Other,5.8,228399.0,3937739,,World Bank (IT.NET.USER.ZS),
Costa Rica,2001,Other,9.56,383235.0,4008947,,World Bank (IT.NET.USER.ZS),
Costa Rica,2002,Other,19.89,810855.0,4075705,,World Bank (IT.NET.USER.ZS),
Costa Rica,2003,Other,20.33,841564.0,4138784,,World Bank (IT.NET.USER.ZS),
Costa Rica,2004,Other,20.79,873293.0,4200078,,World Bank (IT.NET.USER.ZS),
Costa Rica,2005,Other,22.07,940456.0,4261240,,World Bank (IT.NET.USER.ZS),
Costa Rica,2006,Other,25.1,1084656.0,4321340,,World Bank (IT.NET.USER.ZS),
Costa Rica,2007,Other,28.4,1243990.0,4380248,,World Bank (IT.NET.USER.ZS),
Costa Rica,2008,Other,32.29,1433694.0,4440056,,World Bank (IT.NET.USER.ZS),
Costa Rica,2009,Other,34.33,1544778.0,4499791,,World Bank (IT.NET.USER.ZS),
Costa Rica,2010,Other,36.5,1662926.0,4555962,,World Bank (IT.NET.USER.ZS),
Costa Rica,2011,Other,39.21,1807617.0,4609833,,World Bank (IT.NET.USER.ZS),
Costa Rica,2012,Other,47.5,2215369.0,4663934,,World Bank (IT.NET.USER.ZS),
Costa Rica,2013,Other,45.96,2167541.0,4716147,,World Bank (IT.NET.USER.ZS),
Costa Rica,2014,Other,53.0,2526573.0,4767119,,World Bank (IT.NET.USER.ZS),
Costa Rica,2015,Other,59.76,2879402.0,4818038,,World Bank (IT.NET.USER.ZS),
Costa Rica,2016,Other,65.88,3206400.0,4866998,,World Bank (IT.NET.USER.ZS),
Costa Rica,2017,Other,71.58,3516934.0,4913177,,World Bank (IT.NET.USER.ZS),
Costa Rica,2018,Other,73.48,3642991.0,4957818,,World Bank (IT.NET.USER.ZS),
Costa Rica,2019,Other,81.2,4059767.0,4999553,,World Bank (IT.NET.USER.ZS),
Costa Rica,2020,Other,80.53,4054147.0,5034320,,World Bank (IT.NET.USER.ZS),
Costa Rica,2021,Other,82.75,4187090.0,5059988,,World Bank (IT.NET.USER.ZS),
Costa Rica,2022,Other,82.6,4197437.0,5081765,,World Bank (IT.NET.USER.ZS),
Costa Rica,2023,Other,85.4,4359871.0,5105525,,World Bank (IT.NET.USER.ZS),
Cote d'Ivoire,2000,Other,0.23,40966.0,17699004,,World Bank (IT.NET.USER.ZS),
Cote d'Ivoire,2001,Other,0.4,71943.0,18178913,,World Bank (IT.NET.USER.ZS),
Cote d'Ivoire,2002,Other,0.5,92888.0,18654771,,World Bank (IT.NET.USER.ZS),
Cote d'Ivoire,2003,Other,0.76,145100.0,19125542,,World Bank (IT.NET.USER.ZS),
Cote d'Ivoire,2004,Other,0.85,166417.0,19595000,,World Bank (IT.NET.USER.ZS),
Cote d'Ivoire,2005,Other,1.04,208551.0,20068458,,World Bank (IT.NET.USER.ZS),
Cote d'Ivoire,2006,Other,1.52,313318.0,20546802,,World Bank (IT.NET.USER.ZS),
Cote d'Ivoire,2007,Other,1.8,378550.0,21030558,,World Bank (IT.NET.USER.ZS),
Cote d'Ivoire,2008,Other,1.9,408774.0,21514439,,World Bank (IT.NET.USER.ZS),
Cote d'Ivoire,2009,Other,2.0,439959.0,21997940,,World Bank (IT.NET.USER.ZS),
Cote d'Ivoire,2010,Other,2.7,607178.0,22488065,,World Bank (IT.NET.USER.ZS),
Cote d'Ivoire,2011,Other,2.9,666478.0,22982000,,World Bank (IT.NET.USER.ZS),
Cote d'Ivoire,2012,Other,4.4,1032551.0,23467078,,World Bank (IT.NET.USER.ZS),
Cote d'Ivoire,2013,Other,6.6,1580025.0,23939775,,World Bank (IT.NET.USER.ZS),
Cote d'Ivoire,2014,Other,10.0,2452740.0,24527395,,World Bank (IT.NET.USER.ZS),
Cote d'Ivoire,2015,Other,38.44,9704694.0,25246342,,World Bank (IT.NET.USER.ZS),
Cote d'Ivoire,2016,Other,41.21,10709666.0,25989405,,World Bank (IT.NET.USER.ZS),
Cote d'Ivoire,2017,Other,43.84,11719889.0,26733372,,World Bank (IT.NET.USER.ZS),
Cote d'Ivoire,2018,Other,37.55,10311846.0,27464173,,World Bank (IT.NET.USER.ZS),
Cote d'Ivoire,2019,Other,36.29,10230948.0,28193009,,World Bank (IT.NET.USER.ZS),
Cote d'Ivoire,2020,Other,36.02,10414362.0,28915449,,World Bank (IT.NET.USER.ZS),
Cote d'Ivoire,2021,Other,35.95,10655692.0,29639736,,World Bank (IT.NET.USER.ZS),
Cote d'Ivoire,2022,Other,38.41,11675718.0,30395002,,World Bank (IT.NET.USER.ZS),
Cote d'Ivoire,2023,Other,40.65,12669727.0,31165654,,World Bank (IT.NET.USER.ZS),
Croatia,2000,Other,6.64,296913.0,4468302,,World Bank (IT.NET.USER.ZS),
Croatia,2001,Other,11.56,496977.0,4299642,,World Bank (IT.NET.USER.ZS),
Croatia,2002,Other,17.76,764066.0,4302174,,World Bank (IT.NET.USER.ZS),
Croatia,2003,Other,22.75,979023.0,4303399,,World Bank (IT.NET.USER.ZS),
Croatia,2004,Other,30.91,1330552.0,4304600,,World Bank (IT.NET.USER.ZS),
Croatia,2005,Other,33.14,1428382.0,4310145,,World Bank (IT.NET.USER.ZS),
Croatia,2006,Other,37.98,1637378.0,4311159,,World Bank (IT.NET.USER.ZS),
Croatia,2007,Other,41.44,1786154.0,4310217,,World Bank (IT.NET.USER.ZS),
Croatia,2008,Other,44.24,1906613.0,4309705,,World Bank (IT.NET.USER.ZS),
Croatia,2009,Other,50.58,2177561.0,4305181,,World Bank (IT.NET.USER.ZS),
Croatia,2010,Other,56.55,2429064.0,4295427,,World Bank (IT.NET.USER.ZS),
Croatia,2011,Other,57.79,2473771.0,4280622,,World Bank (IT.NET.USER.ZS),
Croatia,2012,Other,61.94,2638871.0,4260368,,World Bank (IT.NET.USER.ZS),
Croatia,2013,Other,66.75,2826041.0,4233922,,World Bank (IT.NET.USER.ZS),
Croatia,2014,Other,68.57,2880947.0,4201598,,World Bank (IT.NET.USER.ZS),
Croatia,2015,Other,69.85,2899774.0,4151725,,World Bank (IT.NET.USER.ZS),
Croatia,2016,Other,72.7,2985580.0,4106867,,World Bank (IT.NET.USER.ZS),
Croatia,2017,Other,67.1,2711630.0,4041407,,World Bank (IT.NET.USER.ZS),
Croatia,2018,Other,75.29,3003333.0,3988775,,World Bank (IT.NET.USER.ZS),
Croatia,2019,Other,79.08,3123169.0,3949390,,World Bank (IT.NET.USER.ZS),
Croatia,2020,Other,78.32,3065641.0,3914206,,World Bank (IT.NET.USER.ZS),
Croatia,2021,Other,81.25,3151826.0,3878981,,World Bank (IT.NET.USER.ZS),
Croatia,2022,Other,82.07,3164385.0,3855641,,World Bank (IT.NET.USER.ZS),
Croatia,2023,Other,83.24,3212848.0,3859686,,World Bank (IT.NET.USER.ZS),
Cuba,2000,Other,0.54,60121.0,11109109,,World Bank (IT.NET.USER.ZS),
Cuba,2001,Other,1.08,120329.0,11144132,,World Bank (IT.NET.USER.ZS),
Cuba,2002,Other,3.77,421454.0,11177418,,World Bank (IT.NET.USER.ZS),
Cuba,2003,Other,5.24,587514.0,11209383,,World Bank (IT.NET.USER.ZS),
Cuba,2004,Other,8.41,944953.0,11238756,,World Bank (IT.NET.USER.ZS),
Cuba,2005,Other,9.74,1096755.0,11262554,,World Bank (IT.NET.USER.ZS),
Cuba,2006,Other,11.16,1258641.0,11278550,,World Bank (IT.NET.USER.ZS),
Cuba,2007,Other,11.69,1319482.0,11287272,,World Bank (IT.NET.USER.ZS),
Cuba,2008,Other,12.94,1461154.0,11291762,,World Bank (IT.NET.USER.ZS),
Cuba,2009,Other,14.33,1618533.0,11294719,,World Bank (IT.NET.USER.ZS),
Cuba,2010,Other,15.9,1796288.0,11297409,,World Bank (IT.NET.USER.ZS),
Cuba,2011,Other,16.02,1810205.0,11301571,,World Bank (IT.NET.USER.ZS),
Cuba,2012,Other,21.2,2396273.0,11303175,,World Bank (IT.NET.USER.ZS),
Cuba,2013,Other,27.93,3155578.0,11298167,,World Bank (IT.NET.USER.ZS),
Cuba,2014,Other,29.07,3280796.0,11285775,,World Bank (IT.NET.USER.ZS),
Cuba,2015,Other,37.31,4206174.0,11275065,,World Bank (IT.NET.USER.ZS),
Cuba,2016,Other,42.98,4841811.0,11265612,,World Bank (IT.NET.USER.ZS),
Cuba,2017,Other,57.15,6427955.0,11247829,,World Bank (IT.NET.USER.ZS),
Cuba,2018,Other,62.68,7037037.0,11227118,,World Bank (IT.NET.USER.ZS),
Cuba,2019,Other,67.97,7614665.0,11202846,,World Bank (IT.NET.USER.ZS),
Cuba,2020,Other,71.12,7948520.0,11176354,,World Bank (IT.NET.USER.ZS),
Cuba,2021,Other,67.64,7523429.0,11122168,,World Bank (IT.NET.USER.ZS),
Cuba,2022,Other,67.88,7507859.0,11059820,,World Bank (IT.NET.USER.ZS),
Cuba,2023,Other,69.56,7665001.0,11019931,,World Bank (IT.NET.USER.ZS),
Curacao,2016,Other,61.86,98761.0,159664,,World Bank (IT.NET.USER.ZS),
Curacao,2017,Other,68.13,109123.0,160175,,World Bank (IT.NET.USER.ZS),
Cyprus,2000,Other,15.26,144570.0,947667,,World Bank (IT.NET.USER.ZS),
Cyprus,2001,Other,18.82,181437.0,964127,,World Bank (IT.NET.USER.ZS),
Cyprus,2002,Other,28.32,277944.0,981440,,World Bank (IT.NET.USER.ZS),
Cyprus,2003,Other,30.09,300777.0,999590,,World Bank (IT.NET.USER.ZS),
Cyprus,2004,Other,33.83,344347.0,1017875,,World Bank (IT.NET.USER.ZS),
Cyprus,2005,Other,32.81,339961.0,1036151,,World Bank (IT.NET.USER.ZS),
Cyprus,2006,Other,35.83,377798.0,1054418,,World Bank (IT.NET.USER.ZS),
Cyprus,2007,Other,40.77,437345.0,1072714,,World Bank (IT.NET.USER.ZS),
Cyprus,2008,Other,42.31,461613.0,1091026,,World Bank (IT.NET.USER.ZS),
Cyprus,2009,Other,49.81,552578.0,1109371,,World Bank (IT.NET.USER.ZS),
Cyprus,2010,Other,52.99,597630.0,1127816,,World Bank (IT.NET.USER.ZS),
Cyprus,2011,Other,56.86,651895.0,1146493,,World Bank (IT.NET.USER.ZS),
Cyprus,2012,Other,60.69,707278.0,1165397,,World Bank (IT.NET.USER.ZS),
Cyprus,2013,Other,65.45,774916.0,1183895,,World Bank (IT.NET.USER.ZS),
Cyprus,2014,Other,69.33,833193.0,1201801,,World Bank (IT.NET.USER.ZS),
Cyprus,2015,Other,71.72,874575.0,1219502,,World Bank (IT.NET.USER.ZS),
Cyprus,2016,Other,75.9,938971.0,1237112,,World Bank (IT.NET.USER.ZS),
Cyprus,2017,Other,80.74,1012742.0,1254275,,World Bank (IT.NET.USER.ZS),
Cyprus,2018,Other,84.43,1072929.0,1270737,,World Bank (IT.NET.USER.ZS),
Cyprus,2019,Other,86.06,1107356.0,1286671,,World Bank (IT.NET.USER.ZS),
Cyprus,2020,Other,90.8,1182466.0,1302247,,World Bank (IT.NET.USER.ZS),
Cyprus,2021,Other,90.76,1195583.0,1317309,,World Bank (IT.NET.USER.ZS),
Cyprus,2022,Other,89.6,1192921.0,1331370,,World Bank (IT.NET.USER.ZS),
Cyprus,2023,Other,91.22,1226902.0,1344976,,World Bank (IT.NET.USER.ZS),
Czechia,2000,Other,9.78,1002999.0,10255063,,World Bank (IT.NET.USER.ZS),
Czechia,2001,Other,14.7,1501552.0,10216605,,World Bank (IT.NET.USER.ZS),
Czechia,2002,Other,23.93,2440122.0,10196916,,World Bank (IT.NET.USER.ZS),
Czechia,2003,Other,34.3,3496541.0,10193998,,World Bank (IT.NET.USER.ZS),
Czechia,2004,Other,35.5,3619971.0,10197101,,World Bank (IT.NET.USER.ZS),
Czechia,2005,Other,35.27,3601496.0,10211216,,World Bank (IT.NET.USER.ZS),
Czechia,2006,Other,47.93,4907507.0,10238905,,World Bank (IT.NET.USER.ZS),
Czechia,2007,Other,51.93,5348181.0,10298828,,World Bank (IT.NET.USER.ZS),
Czechia,2008,Other,62.97,6539185.0,10384603,,World Bank (IT.NET.USER.ZS),
Czechia,2009,Other,64.43,6729028.0,10443936,,World Bank (IT.NET.USER.ZS),
Czechia,2010,Other,68.82,7208489.0,10474410,,World Bank (IT.NET.USER.ZS),
Czechia,2011,Other,70.49,7398692.0,10496088,,World Bank (IT.NET.USER.ZS),
Czechia,2012,Other,73.43,7718070.0,10510785,,World Bank (IT.NET.USER.ZS),
Czechia,2013,Other,74.11,7792169.0,10514272,,World Bank (IT.NET.USER.ZS),
Czechia,2014,Other,74.23,7813145.0,10525347,,World Bank (IT.NET.USER.ZS),
Czechia,2015,Other,75.67,7980080.0,10546059,,World Bank (IT.NET.USER.ZS),
Czechia,2016,Other,76.48,8081257.0,10566332,,World Bank (IT.NET.USER.ZS),
Czechia,2017,Other,78.72,8339854.0,10594438,,World Bank (IT.NET.USER.ZS),
Czechia,2018,Other,80.69,8577094.0,10629928,,World Bank (IT.NET.USER.ZS),
Czechia,2019,Other,80.87,8630015.0,10671870,,World Bank (IT.NET.USER.ZS),
Czechia,2020,Other,81.34,8701520.0,10697858,,World Bank (IT.NET.USER.ZS),
Czechia,2021,Other,82.67,8685187.0,10505772,,World Bank (IT.NET.USER.ZS),
Czechia,2022,Other,84.54,9022219.0,10672118,,World Bank (IT.NET.USER.ZS),
Czechia,2023,Other,85.99,9342430.0,10864042,,World Bank (IT.NET.USER.ZS),
Denmark,2000,Europe,39.17,2091657.0,5339616,,World Bank (IT.NET.USER.ZS),
Denmark,2001,Europe,42.96,2302001.0,5358783,,World Bank (IT.NET.USER.ZS),
Denmark,2002,Europe,64.25,3454036.0,5375931,,World Bank (IT.NET.USER.ZS),
Denmark,2003,Europe,76.26,4110852.0,5390574,,World Bank (IT.NET.USER.ZS),
Denmark,2004,Europe,80.93,4373880.0,5404523,,World Bank (IT.NET.USER.ZS),
Denmark,2005,Europe,82.74,4484038.0,5419432,,World Bank (IT.NET.USER.ZS),
Denmark,2006,Europe,86.65,4711396.0,5437272,,World Bank (IT.NET.USER.ZS),
Denmark,2007,Europe,85.03,4643861.0,5461438,,World Bank (IT.NET.USER.ZS),
Denmark,2008,Europe,85.02,4670677.0,5493621,,World Bank (IT.NET.USER.ZS),
Denmark,2009,Europe,86.84,4796256.0,5523095,,World Bank (IT.NET.USER.ZS),
Denmark,2010,Europe,88.72,4921904.0,5547683,,World Bank (IT.NET.USER.ZS),
Denmark,2011,Europe,89.81,5002931.0,5570572,,World Bank (IT.NET.USER.ZS),
Denmark,2012,Europe,92.26,5158785.0,5591572,,World Bank (IT.NET.USER.ZS),
Denmark,2013,Europe,94.63,5313393.0,5614932,,World Bank (IT.NET.USER.ZS),
Denmark,2014,Europe,95.99,5417369.0,5643475,,World Bank (IT.NET.USER.ZS),
Denmark,2015,Europe,96.33,5474928.0,5683483,,World Bank (IT.NET.USER.ZS),
Denmark,2016,Europe,96.97,5554324.0,5728010,,World Bank (IT.NET.USER.ZS),
Denmark,2017,Europe,97.1,5597759.0,5764980,,World Bank (IT.NET.USER.ZS),
Denmark,2018,Europe,97.32,5638320.0,5793636,,World Bank (IT.NET.USER.ZS),
Denmark,2019,Europe,98.05,5700833.0,5814422,,World Bank (IT.NET.USER.ZS),
Denmark,2020,Europe,96.55,5630171.0,5831404,,World Bank (IT.NET.USER.ZS),
Denmark,2021,Europe,98.87,5790309.0,5856733,,World Bank (IT.NET.USER.ZS),
Denmark,2022,Europe,97.86,5776719.0,5903037,,World Bank (IT.NET.USER.ZS),
Denmark,2023,Europe,98.78,5874137.0,5946952,,World Bank (IT.NET.USER.ZS),
Djibouti,2000,Other,0.19,1454.0,747318,,World Bank (IT.NET.USER.ZS),
Djibouti,2001,Other,0.34,2650.0,771313,,World Bank (IT.NET.USER.ZS),
Djibouti,2002,Other,0.49,3874.0,795574,,World Bank (IT.NET.USER.ZS),
Djibouti,2003,Other,0.63,5092.0,813519,,World Bank (IT.NET.USER.ZS),
Djibouti,2004,Other,0.78,6455.0,826124,,World Bank (IT.NET.USER.ZS),
Djibouti,2005,Other,0.95,8002.0,839167,,World Bank (IT.NET.USER.ZS),
Djibouti,2006,Other,1.27,10868.0,855764,,World Bank (IT.NET.USER.ZS),
Djibouti,2007,Other,1.62,14167.0,874528,,World Bank (IT.NET.USER.ZS),
Djibouti,2008,Other,2.26,20176.0,892734,,World Bank (IT.NET.USER.ZS),
Djibouti,2009,Other,4.0,36461.0,911527,,World Bank (IT.NET.USER.ZS),
Djibouti,2010,Other,6.5,60466.0,930251,,World Bank (IT.NET.USER.ZS),
Djibouti,2011,Other,7.0,66399.0,948558,,World Bank (IT.NET.USER.ZS),
Djibouti,2012,Other,9.4,90874.0,966747,,World Bank (IT.NET.USER.ZS),
Djibouti,2013,Other,12.7,125073.0,984824,,World Bank (IT.NET.USER.ZS),
Djibouti,2014,Other,17.0,170462.0,1002717,,World Bank (IT.NET.USER.ZS),
Djibouti,2015,Other,22.9,233652.0,1020313,,World Bank (IT.NET.USER.ZS),
Djibouti,2016,Other,30.8,319597.0,1037653,,World Bank (IT.NET.USER.ZS),
Djibouti,2017,Other,55.68,587350.0,1054841,,World Bank (IT.NET.USER.ZS),
Djibouti,2018,Other,57.06,611634.0,1071882,,World Bank (IT.NET.USER.ZS),
Djibouti,2019,Other,58.48,636636.0,1088709,,World Bank (IT.NET.USER.ZS),
Djibouti,2020,Other,59.93,662292.0,1105188,,World Bank (IT.NET.USER.ZS),
Djibouti,2021,Other,61.41,688572.0,1121248,,World Bank (IT.NET.USER.ZS),
Djibouti,2022,Other,63.78,725194.0,1137096,,World Bank (IT.NET.USER.ZS),
Djibouti,2023,Other,64.76,746632.0,1152944,,World Bank (IT.NET.USER.ZS),
Dominica,2000,Other,8.81,6039.0,68511,,World Bank (IT.NET.USER.ZS),
Dominica,2001,Other,13.25,9045.0,68288,,World Bank (IT.NET.USER.ZS),
Dominica,2002,Other,18.42,12597.0,68367,,World Bank (IT.NET.USER.ZS),
Dominica,2003,Other,23.62,16187.0,68531,,World Bank (IT.NET.USER.ZS),
Dominica,2004,Other,30.32,20814.0,68649,,World Bank (IT.NET.USER.ZS),
Dominica,2005,Other,38.54,26493.0,68734,,World Bank (IT.NET.USER.ZS),
Dominica,2006,Other,39.4,27108.0,68806,,World Bank (IT.NET.USER.ZS),
Dominica,2007,Other,40.27,27728.0,68847,,World Bank (IT.NET.USER.ZS),
Dominica,2008,Other,41.16,28340.0,68854,,World Bank (IT.NET.USER.ZS),
Dominica,2009,Other,42.02,28937.0,68864,,World Bank (IT.NET.USER.ZS),
Dominica,2010,Other,47.45,32674.0,68859,,World Bank (IT.NET.USER.ZS),
Dominica,2011,Other,48.6,33560.0,69053,,World Bank (IT.NET.USER.ZS),
Dominica,2012,Other,49.8,34421.0,69118,,World Bank (IT.NET.USER.ZS),
Dominica,2013,Other,51.0,35555.0,69715,,World Bank (IT.NET.USER.ZS),
Dominica,2014,Other,57.5,40464.0,70373,,World Bank (IT.NET.USER.ZS),
Dominica,2015,Other,65.0,45766.0,70410,,World Bank (IT.NET.USER.ZS),
Dominica,2016,Other,67.03,46657.0,69606,,World Bank (IT.NET.USER.ZS),
Dominica,2017,Other,69.62,47687.0,68496,,World Bank (IT.NET.USER.ZS),
Dominica,2019,Other,73.38,49812.0,67880,,World Bank (IT.NET.USER.ZS),
Dominica,2020,Other,75.66,51124.0,67573,,World Bank (IT.NET.USER.ZS),
Dominica,2021,Other,78.08,52471.0,67202,,World Bank (IT.NET.USER.ZS),
Dominica,2022,Other,80.58,53848.0,66826,,World Bank (IT.NET.USER.ZS),
Dominica,2023,Other,81.34,54097.0,66510,,World Bank (IT.NET.USER.ZS),
Dominican Republic,2000,Other,3.7,318018.0,8584190,,World Bank (IT.NET.USER.ZS),
Dominican Republic,2001,Other,4.43,386255.0,8720283,,World Bank (IT.NET.USER.ZS),
Dominican Republic,2002,Other,6.82,604052.0,8852235,,World Bank (IT.NET.USER.ZS),
Dominican Republic,2003,Other,7.9,709325.0,8980620,,World Bank (IT.NET.USER.ZS),
Dominican Republic,2004,Other,8.87,807199.0,9104892,,World Bank (IT.NET.USER.ZS),
Dominican Republic,2005,Other,11.48,1059329.0,9225034,,World Bank (IT.NET.USER.ZS),
Dominican Republic,2006,Other,14.84,1386692.0,9341183,,World Bank (IT.NET.USER.ZS),
Dominican Republic,2007,Other,17.66,1669869.0,9455658,,World Bank (IT.NET.USER.ZS),
Dominican Republic,2008,Other,20.82,1993126.0,9573130,,World Bank (IT.NET.USER.ZS),
Dominican Republic,2009,Other,27.72,2687527.0,9695265,,World Bank (IT.NET.USER.ZS),
Dominican Republic,2010,Other,31.4,3083535.0,9820175,,World Bank (IT.NET.USER.ZS),
Dominican Republic,2011,Other,38.0,3779336.0,9945621,,World Bank (IT.NET.USER.ZS),
Dominican Republic,2012,Other,42.32,4261798.0,10070411,,World Bank (IT.NET.USER.ZS),
Dominican Republic,2013,Other,45.9,4678969.0,10193833,,World Bank (IT.NET.USER.ZS),
Dominican Republic,2014,Other,49.58,5114439.0,10315528,,World Bank (IT.NET.USER.ZS),
Dominican Republic,2015,Other,54.22,5657323.0,10434829,,World Bank (IT.NET.USER.ZS),
Dominican Republic,2016,Other,63.87,6739290.0,10551430,,World Bank (IT.NET.USER.ZS),
Dominican Republic,2017,Other,67.57,7207719.0,10666843,,World Bank (IT.NET.USER.ZS),
Dominican Republic,2018,Other,74.82,8067353.0,10782053,,World Bank (IT.NET.USER.ZS),
Dominican Republic,2019,Other,79.72,8684241.0,10894043,,World Bank (IT.NET.USER.ZS),
Dominican Republic,2020,Other,81.62,8984677.0,11008300,,World Bank (IT.NET.USER.ZS),
Dominican Republic,2021,Other,85.24,9481983.0,11123476,,World Bank (IT.NET.USER.ZS),
Dominican Republic,2022,Other,81.51,9154474.0,11230734,,World Bank (IT.NET.USER.ZS),
Dominican Republic,2023,Other,86.13,9759267.0,11331265,,World Bank (IT.NET.USER.ZS),
East Asia & Pacific,2005,Other,14.7,313782239.0,2134573057,,World Bank (IT.NET.USER.ZS),
East Asia & Pacific,2006,Other,16.6,357014364.0,2150688938,,World Bank (IT.NET.USER.ZS),
East Asia & Pacific,2007,Other,20.8,450745680.0,2167046538,,World Bank (IT.NET.USER.ZS),
East Asia & Pacific,2008,Other,25.2,550235054.0,2183472438,,World Bank (IT.NET.USER.ZS),
East Asia & Pacific,2009,Other,29.5,648748867.0,2199148703,,World Bank (IT.NET.USER.ZS),
East Asia & Pacific,2010,Other,34.2,757397925.0,2214613815,,World Bank (IT.NET.USER.ZS),
East Asia & Pacific,2011,Other,37.3,832098313.0,2230826576,,World Bank (IT.NET.USER.ZS),
East Asia & Pacific,2012,Other,40.4,908628883.0,2249081393,,World Bank (IT.NET.USER.ZS),
East Asia & Pacific,2013,Other,43.2,979375148.0,2267072102,,World Bank (IT.NET.USER.ZS),
East Asia & Pacific,2014,Other,45.5,1039395422.0,2284385542,,World Bank (IT.NET.USER.ZS),
East Asia & Pacific,2015,Other,48.3,1111307782.0,2300844269,,World Bank (IT.NET.USER.ZS),
East Asia & Pacific,2016,Other,53.9,1248903995.0,2317076058,,World Bank (IT.NET.USER.ZS),
East Asia & Pacific,2017,Other,57.8,1348748851.0,2333475520,,World Bank (IT.NET.USER.ZS),
East Asia & Pacific,2018,Other,62.5,1467235203.0,2347576325,,World Bank (IT.NET.USER.ZS),
East Asia & Pacific,2019,Other,67.1,1583400429.0,2359762190,,World Bank (IT.NET.USER.ZS),
East Asia & Pacific,2020,Other,73.9,1751002032.0,2369420882,,World Bank (IT.NET.USER.ZS),
East Asia & Pacific,2021,Other,78.8,1871592760.0,2375117716,,World Bank (IT.NET.USER.ZS),
East Asia & Pacific,2022,Other,82.4,1960804505.0,2379617118,,World Bank (IT.NET.USER.ZS),
East Asia & Pacific,2023,Other,84.9,2024390821.0,2384441485,,World Bank (IT.NET.USER.ZS),
East Asia & Pacific (IDA & IBRD countries),2005,Other,8.4,157456921.0,1874487158,,World Bank (IT.NET.USER.ZS),
East Asia & Pacific (IDA & IBRD countries),2006,Other,10.3,194619246.0,1889507244,,World Bank (IT.NET.USER.ZS),
East Asia & Pacific (IDA & IBRD countries),2007,Other,14.5,276162366.0,1904568042,,World Bank (IT.NET.USER.ZS),
East Asia & Pacific (IDA & IBRD countries),2008,Other,19.5,374316206.0,1919570287,,World Bank (IT.NET.USER.ZS),
East Asia & Pacific (IDA & IBRD countries),2009,Other,24.0,464200285.0,1934167856,,World Bank (IT.NET.USER.ZS),
East Asia & Pacific (IDA & IBRD countries),2010,Other,29.3,570952501.0,1948643347,,World Bank (IT.NET.USER.ZS),
East Asia & Pacific (IDA & IBRD countries),2011,Other,32.7,642240089.0,1964036970,,World Bank (IT.NET.USER.ZS),
East Asia & Pacific (IDA & IBRD countries),2012,Other,36.1,715279167.0,1981382735,,World Bank (IT.NET.USER.ZS),
East Asia & Pacific (IDA & IBRD countries),2013,Other,38.7,773438413.0,1998548872,,World Bank (IT.NET.USER.ZS),
East Asia & Pacific (IDA & IBRD countries),2014,Other,41.1,828148964.0,2014960984,,World Bank (IT.NET.USER.ZS),
East Asia & Pacific (IDA & IBRD countries),2015,Other,44.1,895452383.0,2030504270,,World Bank (IT.NET.USER.ZS),
East Asia & Pacific (IDA & IBRD countries),2016,Other,50.2,1027000014.0,2045816761,,World Bank (IT.NET.USER.ZS),
East Asia & Pacific (IDA & IBRD countries),2017,Other,54.6,1125551672.0,2061449949,,World Bank (IT.NET.USER.ZS),
East Asia & Pacific (IDA & IBRD countries),2018,Other,59.8,1240728595.0,2074796982,,World Bank (IT.NET.USER.ZS),
East Asia & Pacific (IDA & IBRD countries),2019,Other,64.3,1341479097.0,2086281644,,World Bank (IT.NET.USER.ZS),
East Asia & Pacific (IDA & IBRD countries),2020,Other,72.7,1523617096.0,2095759417,,World Bank (IT.NET.USER.ZS),
East Asia & Pacific (IDA & IBRD countries),2021,Other,78.3,1646140600.0,2102350702,,World Bank (IT.NET.USER.ZS),
East Asia & Pacific (IDA & IBRD countries),2022,Other,82.3,1734275904.0,2107261123,,World Bank (IT.NET.USER.ZS),
East Asia & Pacific (IDA & IBRD countries),2023,Other,85.0,1794468279.0,2111139152,,World Bank (IT.NET.USER.ZS),
East Asia & Pacific (excluding high income),2005,Other,8.3,157604859.0,1898853723,,World Bank (IT.NET.USER.ZS),
East Asia & Pacific (excluding high income),2006,Other,10.1,193314215.0,1914002124,,World Bank (IT.NET.USER.ZS),
East Asia & Pacific (excluding high income),2007,Other,14.3,275873470.0,1929185103,,World Bank (IT.NET.USER.ZS),
East Asia & Pacific (excluding high income),2008,Other,19.2,373306730.0,1944305887,,World Bank (IT.NET.USER.ZS),
East Asia & Pacific (excluding high income),2009,Other,23.7,464287139.0,1959017463,,World Bank (IT.NET.USER.ZS),
East Asia & Pacific (excluding high income),2010,Other,28.9,570371026.0,1973602166,,World Bank (IT.NET.USER.ZS),
East Asia & Pacific (excluding high income),2011,Other,32.3,642481454.0,1989106668,,World Bank (IT.NET.USER.ZS),
East Asia & Pacific (excluding high income),2012,Other,35.7,716344216.0,2006566431,,World Bank (IT.NET.USER.ZS),
East Asia & Pacific (excluding high income),2013,Other,38.2,773110760.0,2023850158,,World Bank (IT.NET.USER.ZS),
East Asia & Pacific (excluding high income),2014,Other,40.6,828395818.0,2040383789,,World Bank (IT.NET.USER.ZS),
East Asia & Pacific (excluding high income),2015,Other,43.5,894382140.0,2056050896,,World Bank (IT.NET.USER.ZS),
East Asia & Pacific (excluding high income),2016,Other,49.6,1027457125.0,2071486140,,World Bank (IT.NET.USER.ZS),
East Asia & Pacific (excluding high income),2017,Other,53.9,1125021563.0,2087238522,,World Bank (IT.NET.USER.ZS),
East Asia & Pacific (excluding high income),2018,Other,59.1,1241513013.0,2100698838,,World Bank (IT.NET.USER.ZS),
East Asia & Pacific (excluding high income),2019,Other,64.0,1351865530.0,2112289891,,World Bank (IT.NET.USER.ZS),
East Asia & Pacific (excluding high income),2020,Other,72.2,1531987464.0,2121866294,,World Bank (IT.NET.USER.ZS),
East Asia & Pacific (excluding high income),2021,Other,77.6,1651757705.0,2128553744,,World Bank (IT.NET.USER.ZS),
East Asia & Pacific (excluding high income),2022,Other,81.6,1740985293.0,2133560408,,World Bank (IT.NET.USER.ZS),
East Asia & Pacific (excluding high income),2023,Other,84.2,1799798369.0,2137527754,,World Bank (IT.NET.USER.ZS),
Ecuador,2000,Other,1.46,185540.0,12689206,,World Bank (IT.NET.USER.ZS),
Ecuador,2001,Other,2.67,344774.0,12910740,,World Bank (IT.NET.USER.ZS),
Ecuador,2002,Other,4.26,559804.0,13138472,,World Bank (IT.NET.USER.ZS),
Ecuador,2003,Other,4.46,596435.0,13372306,,World Bank (IT.NET.USER.ZS),
Ecuador,2004,Other,4.83,657905.0,13608701,,World Bank (IT.NET.USER.ZS),
Ecuador,2005,Other,5.99,829981.0,13846163,,World Bank (IT.NET.USER.ZS),
Ecuador,2006,Other,7.2,1014201.0,14086131,,World Bank (IT.NET.USER.ZS),
Ecuador,2007,Other,10.8,1547508.0,14328773,,World Bank (IT.NET.USER.ZS),
Ecuador,2008,Other,18.8,2740138.0,14575202,,World Bank (IT.NET.USER.ZS),
Ecuador,2009,Other,24.6,3647185.0,14825954,,World Bank (IT.NET.USER.ZS),
Ecuador,2010,Other,29.03,4376765.0,15076695,,World Bank (IT.NET.USER.ZS),
Ecuador,2011,Other,31.37,4807348.0,15326227,,World Bank (IT.NET.USER.ZS),
Ecuador,2012,Other,35.14,5471313.0,15572194,,World Bank (IT.NET.USER.ZS),
Ecuador,2013,Other,40.28,6366972.0,15807128,,World Bank (IT.NET.USER.ZS),
Ecuador,2014,Other,45.59,7310476.0,16035124,,World Bank (IT.NET.USER.ZS),
Ecuador,2015,Other,48.94,7960761.0,16266225,,World Bank (IT.NET.USER.ZS),
Ecuador,2016,Other,54.06,8923161.0,16505139,,World Bank (IT.NET.USER.ZS),
Ecuador,2017,Other,55.8,9351811.0,16759519,,World Bank (IT.NET.USER.ZS),
Ecuador,2018,Other,57.5,9803490.0,17049547,,World Bank (IT.NET.USER.ZS),
Ecuador,2019,Other,59.2,10265292.0,17340021,,World Bank (IT.NET.USER.ZS),
Ecuador,2020,Other,70.7,12405068.0,17546065,,World Bank (IT.NET.USER.ZS),
Ecuador,2021,Other,69.11,12221193.0,17682454,,World Bank (IT.NET.USER.ZS),
Ecuador,2022,Other,69.72,12426485.0,17823897,,World Bank (IT.NET.USER.ZS),
Ecuador,2023,Other,72.69,13070498.0,17980083,,World Bank (IT.NET.USER.ZS),
"Egypt, Arab Rep.",2000,Other,0.64,468658.0,73083284,,World Bank (IT.NET.USER.ZS),
"Egypt, Arab Rep.",2001,Other,0.84,626290.0,74652029,,World Bank (IT.NET.USER.ZS),
"Egypt, Arab Rep.",2002,Other,2.72,2073704.0,76239137,,World Bank (IT.NET.USER.ZS),
"Egypt, Arab Rep.",2003,Other,4.04,3143637.0,77853548,,World Bank (IT.NET.USER.ZS),
"Egypt, Arab Rep.",2004,Other,11.92,9473711.0,79477443,,World Bank (IT.NET.USER.ZS),
"Egypt, Arab Rep.",2005,Other,12.75,10340378.0,81101004,,World Bank (IT.NET.USER.ZS),
"Egypt, Arab Rep.",2006,Other,13.66,11296875.0,82700403,,World Bank (IT.NET.USER.ZS),
"Egypt, Arab Rep.",2007,Other,16.03,13509479.0,84276225,,World Bank (IT.NET.USER.ZS),
"Egypt, Arab Rep.",2008,Other,18.01,15464248.0,85864789,,World Bank (IT.NET.USER.ZS),
"Egypt, Arab Rep.",2009,Other,20.0,17500327.0,87501636,,World Bank (IT.NET.USER.ZS),
"Egypt, Arab Rep.",2010,Other,21.6,19266352.0,89196072,,World Bank (IT.NET.USER.ZS),
"Egypt, Arab Rep.",2011,Other,25.6,23319823.0,91093059,,World Bank (IT.NET.USER.ZS),
"Egypt, Arab Rep.",2012,Other,26.4,24594504.0,93161001,,World Bank (IT.NET.USER.ZS),
"Egypt, Arab Rep.",2013,Other,29.4,28028065.0,95333553,,World Bank (IT.NET.USER.ZS),
"Egypt, Arab Rep.",2014,Other,33.89,33056951.0,97528654,,World Bank (IT.NET.USER.ZS),
"Egypt, Arab Rep.",2015,Other,37.82,37667101.0,99597342,,World Bank (IT.NET.USER.ZS),
"Egypt, Arab Rep.",2016,Other,41.25,41926428.0,101644589,,World Bank (IT.NET.USER.ZS),
"Egypt, Arab Rep.",2017,Other,44.95,46611589.0,103696057,,World Bank (IT.NET.USER.ZS),
"Egypt, Arab Rep.",2018,Other,46.92,49590622.0,105682094,,World Bank (IT.NET.USER.ZS),
"Egypt, Arab Rep.",2019,Other,57.28,61609532.0,107553158,,World Bank (IT.NET.USER.ZS),
"Egypt, Arab Rep.",2020,Other,71.91,78613098.0,109315124,,World Bank (IT.NET.USER.ZS),
"Egypt, Arab Rep.",2021,Other,72.06,79951181.0,110957008,,World Bank (IT.NET.USER.ZS),
"Egypt, Arab Rep.",2022,Other,72.2,81308198.0,112618250,,World Bank (IT.NET.USER.ZS),
"Egypt, Arab Rep.",2023,Other,74.01,84770103.0,114535772,,World Bank (IT.NET.USER.ZS),
El Salvador,2000,Other,1.18,69977.0,5943366,,World Bank (IT.NET.USER.ZS),
El Salvador,2001,Other,1.5,89521.0,5968060,,World Bank (IT.NET.USER.ZS),
El Salvador,2002,Other,1.9,113746.0,5986631,,World Bank (IT.NET.USER.ZS),
El Salvador,2003,Other,2.5,149965.0,5998599,,World Bank (IT.NET.USER.ZS),
El Salvador,2004,Other,3.2,192149.0,6004671,,World Bank (IT.NET.USER.ZS),
El Salvador,2005,Other,4.2,252234.0,6005578,,World Bank (IT.NET.USER.ZS),
El Salvador,2006,Other,5.5,330128.0,6002319,,World Bank (IT.NET.USER.ZS),
El Salvador,2007,Other,6.11,367200.0,6009824,,World Bank (IT.NET.USER.ZS),
El Salvador,2008,Other,10.08,607753.0,6029297,,World Bank (IT.NET.USER.ZS),
El Salvador,2009,Other,12.11,732447.0,6048279,,World Bank (IT.NET.USER.ZS),
El Salvador,2010,Other,15.9,964852.0,6068249,,World Bank (IT.NET.USER.ZS),
El Salvador,2011,Other,18.9,1151034.0,6090127,,World Bank (IT.NET.USER.ZS),
El Salvador,2012,Other,20.32,1242445.0,6113975,,World Bank (IT.NET.USER.ZS),
El Salvador,2013,Other,23.11,1418643.0,6138839,,World Bank (IT.NET.USER.ZS),
El Salvador,2014,Other,24.76,1526053.0,6162955,,World Bank (IT.NET.USER.ZS),
El Salvador,2015,Other,26.8,1657386.0,6183676,,World Bank (IT.NET.USER.ZS),
El Salvador,2016,Other,29.0,1798052.0,6200800,,World Bank (IT.NET.USER.ZS),
El Salvador,2017,Other,33.82,2101462.0,6213533,,World Bank (IT.NET.USER.ZS),
El Salvador,2018,Other,43.8,2724275.0,6219807,,World Bank (IT.NET.USER.ZS),
El Salvador,2019,Other,50.49,3141723.0,6222318,,World Bank (IT.NET.USER.ZS),
El Salvador,2020,Other,54.6,3404217.0,6234673,,World Bank (IT.NET.USER.ZS),
El Salvador,2021,Other,57.26,3582299.0,6255782,,World Bank (IT.NET.USER.ZS),
El Salvador,2022,Other,60.06,3771715.0,6280319,,World Bank (IT.NET.USER.ZS),
El Salvador,2023,Other,62.62,3951080.0,6309624,,World Bank (IT.NET.USER.ZS),
Equatorial Guinea,2000,Other,0.13,931.0,703279,,World Bank (IT.NET.USER.ZS),
Equatorial Guinea,2001,Other,0.17,1239.0,749836,,World Bank (IT.NET.USER.ZS),
Equatorial Guinea,2002,Other,0.32,2563.0,797957,,World Bank (IT.NET.USER.ZS),
Equatorial Guinea,2003,Other,0.52,4413.0,847862,,World Bank (IT.NET.USER.ZS),
Equatorial Guinea,2004,Other,0.84,7595.0,899917,,World Bank (IT.NET.USER.ZS),
Equatorial Guinea,2005,Other,1.15,10893.0,947367,,World Bank (IT.NET.USER.ZS),
Equatorial Guinea,2006,Other,1.28,12668.0,990343,,World Bank (IT.NET.USER.ZS),
Equatorial Guinea,2007,Other,1.56,16132.0,1036044,,World Bank (IT.NET.USER.ZS),
Equatorial Guinea,2008,Other,1.82,19738.0,1084530,,World Bank (IT.NET.USER.ZS),
Equatorial Guinea,2009,Other,2.13,24190.0,1135673,,World Bank (IT.NET.USER.ZS),
Equatorial Guinea,2010,Other,6.0,71345.0,1189085,,World Bank (IT.NET.USER.ZS),
Equatorial Guinea,2011,Other,11.5,142811.0,1241835,,World Bank (IT.NET.USER.ZS),
Equatorial Guinea,2012,Other,13.94,180353.0,1293483,,World Bank (IT.NET.USER.ZS),
Equatorial Guinea,2013,Other,16.4,220780.0,1346218,,World Bank (IT.NET.USER.ZS),
Equatorial Guinea,2014,Other,18.86,264008.0,1399828,,World Bank (IT.NET.USER.ZS),
Equatorial Guinea,2015,Other,21.32,309976.0,1453923,,World Bank (IT.NET.USER.ZS),
Equatorial Guinea,2016,Other,23.78,358647.0,1508186,,World Bank (IT.NET.USER.ZS),
Equatorial Guinea,2017,Other,26.24,409973.0,1562396,,World Bank (IT.NET.USER.ZS),
Equatorial Guinea,2018,Other,29.4,475228.0,1616422,,World Bank (IT.NET.USER.ZS),
Equatorial Guinea,2019,Other,49.13,820620.0,1670177,,World Bank (IT.NET.USER.ZS),
Equatorial Guinea,2020,Other,55.0,944080.0,1716468,,World Bank (IT.NET.USER.ZS),
Equatorial Guinea,2021,Other,58.72,1032712.0,1758786,,World Bank (IT.NET.USER.ZS),
Equatorial Guinea,2022,Other,63.66,1148128.0,1803545,,World Bank (IT.NET.USER.ZS),
Equatorial Guinea,2023,Other,63.52,1173554.0,1847549,,World Bank (IT.NET.USER.ZS),
Eritrea,2000,Other,0.14,3072.0,2247031,,World Bank (IT.NET.USER.ZS),
Eritrea,2001,Other,0.16,3649.0,2312079,,World Bank (IT.NET.USER.ZS),
Eritrea,2002,Other,0.23,5434.0,2392978,,World Bank (IT.NET.USER.ZS),
Eritrea,2007,Other,0.41,11247.0,2743222,,World Bank (IT.NET.USER.ZS),
Eritrea,2008,Other,0.47,13237.0,2816327,,World Bank (IT.NET.USER.ZS),
Eritrea,2009,Other,0.54,15595.0,2887885,,World Bank (IT.NET.USER.ZS),
Eritrea,2010,Other,0.61,17966.0,2945186,,World Bank (IT.NET.USER.ZS),
Eritrea,2011,Other,0.7,20989.0,2998485,,World Bank (IT.NET.USER.ZS),
Eritrea,2012,Other,0.8,24296.0,3036988,,World Bank (IT.NET.USER.ZS),
Eritrea,2013,Other,0.9,27669.0,3074360,,World Bank (IT.NET.USER.ZS),
Eritrea,2014,Other,0.99,30642.0,3095173,,World Bank (IT.NET.USER.ZS),
Eritrea,2015,Other,1.08,33655.0,3105546,,World Bank (IT.NET.USER.ZS),
Eritrea,2016,Other,1.18,36781.0,3124698,,World Bank (IT.NET.USER.ZS),
Eritrea,2017,Other,2.5,78636.0,3150347,,World Bank (IT.NET.USER.ZS),
Eritrea,2018,Other,5.29,168993.0,3192760,,World Bank (IT.NET.USER.ZS),
Eritrea,2019,Other,11.22,363673.0,3240194,,World Bank (IT.NET.USER.ZS),
Eritrea,2020,Other,14.35,472278.0,3291271,,World Bank (IT.NET.USER.ZS),
Estonia,2000,Other,28.58,399216.0,1396985,,World Bank (IT.NET.USER.ZS),
Estonia,2001,Other,31.53,437638.0,1388115,,World Bank (IT.NET.USER.ZS),
Estonia,2002,Other,41.52,572706.0,1379350,,World Bank (IT.NET.USER.ZS),
Estonia,2003,Other,45.32,621210.0,1370720,,World Bank (IT.NET.USER.ZS),
Estonia,2004,Other,53.2,724877.0,1362550,,World Bank (IT.NET.USER.ZS),
Estonia,2005,Other,61.45,832509.0,1354775,,World Bank (IT.NET.USER.ZS),
Estonia,2006,Other,63.51,855359.0,1346810,,World Bank (IT.NET.USER.ZS),
Estonia,2007,Other,66.19,887396.0,1340680,,World Bank (IT.NET.USER.ZS),
Estonia,2008,Other,70.58,943718.0,1337090,,World Bank (IT.NET.USER.ZS),
Estonia,2009,Other,72.5,967523.0,1334515,,World Bank (IT.NET.USER.ZS),
Estonia,2010,Other,74.1,986623.0,1331475,,World Bank (IT.NET.USER.ZS),
Estonia,2011,Other,76.5,1015491.0,1327439,,World Bank (IT.NET.USER.ZS),
Estonia,2012,Other,78.39,1036860.0,1322696,,World Bank (IT.NET.USER.ZS),
Estonia,2013,Other,80.0,1054454.0,1317997,,World Bank (IT.NET.USER.ZS),
Estonia,2014,Other,84.24,1107393.0,1314545,,World Bank (IT.NET.USER.ZS),
Estonia,2015,Other,88.41,1162947.0,1315407,,World Bank (IT.NET.USER.ZS),
Estonia,2016,Other,87.24,1147898.0,1315790,,World Bank (IT.NET.USER.ZS),
Estonia,2017,Other,88.1,1160648.0,1317384,,World Bank (IT.NET.USER.ZS),
Estonia,2018,Other,89.36,1181279.0,1321977,,World Bank (IT.NET.USER.ZS),
Estonia,2019,Other,90.23,1197246.0,1326898,,World Bank (IT.NET.USER.ZS),
Estonia,2020,Other,89.06,1184050.0,1329522,,World Bank (IT.NET.USER.ZS),
Estonia,2021,Other,90.98,1210878.0,1330932,,World Bank (IT.NET.USER.ZS),
Estonia,2022,Other,91.52,1234461.0,1348840,,World Bank (IT.NET.USER.ZS),
Estonia,2023,Other,93.18,1276879.0,1370286,,World Bank (IT.NET.USER.ZS),
Eswatini,2000,Other,0.93,9645.0,1041414,,World Bank (IT.NET.USER.ZS),
Eswatini,2001,Other,1.28,13470.0,1051064,,World Bank (IT.NET.USER.ZS),
Eswatini,2002,Other,1.82,19242.0,1059441,,World Bank (IT.NET.USER.ZS),
Eswatini,2003,Other,2.44,25996.0,1066700,,World Bank (IT.NET.USER.ZS),
Eswatini,2004,Other,3.23,34649.0,1073159,,World Bank (IT.NET.USER.ZS),
Eswatini,2005,Other,3.7,39891.0,1079022,,World Bank (IT.NET.USER.ZS),
Eswatini,2006,Other,3.7,40087.0,1084436,,World Bank (IT.NET.USER.ZS),
Eswatini,2007,Other,4.1,44719.0,1090705,,World Bank (IT.NET.USER.ZS),
Eswatini,2008,Other,6.85,75219.0,1098091,,World Bank (IT.NET.USER.ZS),
Eswatini,2009,Other,8.94,98801.0,1105153,,World Bank (IT.NET.USER.ZS),
Eswatini,2010,Other,11.04,122726.0,1111650,,World Bank (IT.NET.USER.ZS),
Eswatini,2011,Other,18.13,202663.0,1117833,,World Bank (IT.NET.USER.ZS),
Eswatini,2012,Other,20.78,233559.0,1123863,,World Bank (IT.NET.USER.ZS),
Eswatini,2013,Other,24.7,279108.0,1129990,,World Bank (IT.NET.USER.ZS),
Eswatini,2014,Other,25.0,284075.0,1136299,,World Bank (IT.NET.USER.ZS),
Eswatini,2015,Other,25.64,293052.0,1142813,,World Bank (IT.NET.USER.ZS),
Eswatini,2016,Other,28.57,328414.0,1149507,,World Bank (IT.NET.USER.ZS),
Eswatini,2017,Other,35.33,409209.0,1158195,,World Bank (IT.NET.USER.ZS),
Eswatini,2018,Other,39.38,460336.0,1168929,,World Bank (IT.NET.USER.ZS),
Eswatini,2019,Other,43.93,518365.0,1179874,,World Bank (IT.NET.USER.ZS),
Eswatini,2020,Other,49.01,584592.0,1192729,,World Bank (IT.NET.USER.ZS),
Eswatini,2021,Other,54.0,651504.0,1206593,,World Bank (IT.NET.USER.ZS),
Eswatini,2022,Other,57.34,698972.0,1218917,,World Bank (IT.NET.USER.ZS),
Eswatini,2023,Other,61.33,754710.0,1230506,,World Bank (IT.NET.USER.ZS),
Ethiopia,2000,Africa,0.02,10290.0,67411494,,World Bank (IT.NET.USER.ZS),
Ethiopia,2001,Africa,0.04,25823.0,69487762,,World Bank (IT.NET.USER.ZS),
Ethiopia,2002,Africa,0.07,51866.0,71635517,,World Bank (IT.NET.USER.ZS),
Ethiopia,2003,Africa,0.11,78124.0,73832663,,World Bank (IT.NET.USER.ZS),
Ethiopia,2004,Africa,0.16,118174.0,76077206,,World Bank (IT.NET.USER.ZS),
Ethiopia,2005,Africa,0.22,172142.0,78367470,,World Bank (IT.NET.USER.ZS),
Ethiopia,2006,Africa,0.31,250659.0,80703490,,World Bank (IT.NET.USER.ZS),
Ethiopia,2007,Africa,0.37,307482.0,83103217,,World Bank (IT.NET.USER.ZS),
Ethiopia,2008,Africa,0.45,384946.0,85543668,,World Bank (IT.NET.USER.ZS),
Ethiopia,2009,Africa,0.54,475241.0,88007636,,World Bank (IT.NET.USER.ZS),
Ethiopia,2010,Africa,0.75,679039.0,90538514,,World Bank (IT.NET.USER.ZS),
Ethiopia,2011,Africa,1.1,1024650.0,93149970,,World Bank (IT.NET.USER.ZS),
Ethiopia,2012,Africa,2.9,2778164.0,95798767,,World Bank (IT.NET.USER.ZS),
Ethiopia,2013,Africa,4.6,4528182.0,98438751,,World Bank (IT.NET.USER.ZS),
Ethiopia,2014,Africa,7.7,7785902.0,101115610,,World Bank (IT.NET.USER.ZS),
Ethiopia,2015,Africa,13.86,14390974.0,103867135,,World Bank (IT.NET.USER.ZS),
Ethiopia,2016,Africa,15.37,16399299.0,106718162,,World Bank (IT.NET.USER.ZS),
Ethiopia,2017,Africa,15.62,17134730.0,109666481,,World Bank (IT.NET.USER.ZS),
Ethiopia,2018,Africa,15.89,17898052.0,112664152,,World Bank (IT.NET.USER.ZS),
Ethiopia,2019,Africa,15.98,18500158.0,115737383,,World Bank (IT.NET.USER.ZS),
Ethiopia,2020,Africa,16.07,19109593.0,118917671,,World Bank (IT.NET.USER.ZS),
Ethiopia,2021,Africa,16.7,20394827.0,122138588,,World Bank (IT.NET.USER.ZS),
Ethiopia,2022,Africa,17.98,22548734.0,125384287,,World Bank (IT.NET.USER.ZS),
Ethiopia,2023,Africa,20.34,26172672.0,128691692,7.4,World Bank (IT.NET.USER.ZS),DataReportal 2023
Europe & Central Asia,2005,Other,34.7,303820680.0,875563919,,World Bank (IT.NET.USER.ZS),
Europe & Central Asia,2006,Other,38.0,333703435.0,878166933,,World Bank (IT.NET.USER.ZS),
Europe & Central Asia,2007,Other,43.6,383966167.0,880656346,,World Bank (IT.NET.USER.ZS),
Europe & Central Asia,2008,Other,48.1,425312068.0,884224673,,World Bank (IT.NET.USER.ZS),
Europe & Central Asia,2009,Other,52.7,467839574.0,887741128,,World Bank (IT.NET.USER.ZS),
Europe & Central Asia,2010,Other,57.0,507864511.0,890990371,,World Bank (IT.NET.USER.ZS),
Europe & Central Asia,2011,Other,60.2,537591776.0,893009595,,World Bank (IT.NET.USER.ZS),
Europe & Central Asia,2012,Other,63.8,571976257.0,896514510,,World Bank (IT.NET.USER.ZS),
Europe & Central Asia,2013,Other,66.1,594838641.0,899907172,,World Bank (IT.NET.USER.ZS),
Europe & Central Asia,2014,Other,68.9,622553578.0,903561071,,World Bank (IT.NET.USER.ZS),
Europe & Central Asia,2015,Other,69.9,634361713.0,907527486,,World Bank (IT.NET.USER.ZS),
Europe & Central Asia,2016,Other,72.3,659071629.0,911579016,,World Bank (IT.NET.USER.ZS),
Europe & Central Asia,2017,Other,74.5,681724039.0,915065824,,World Bank (IT.NET.USER.ZS),
Europe & Central Asia,2018,Other,78.1,717496307.0,918689254,,World Bank (IT.NET.USER.ZS),
Europe & Central Asia,2019,Other,80.3,740311527.0,921932163,,World Bank (IT.NET.USER.ZS),
Europe & Central Asia,2020,Other,83.4,770336165.0,923664467,,World Bank (IT.NET.USER.ZS),
Europe & Central Asia,2021,Other,86.3,797740857.0,924381062,,World Bank (IT.NET.USER.ZS),
Europe & Central Asia,2022,Other,87.9,812402100.0,924234471,,World Bank (IT.NET.USER.ZS),
Europe & Central Asia,2023,Other,89.6,828597077.0,924773523,,World Bank (IT.NET.USER.ZS),
Europe & Central Asia (IDA & IBRD countries),2005,Other,14.6,63996647.0,438333196,,World Bank (IT.NET.USER.ZS),
Europe & Central Asia (IDA & IBRD countries),2006,Other,17.7,77652441.0,438714358,,World Bank (IT.NET.USER.ZS),
Europe & Central Asia (IDA & IBRD countries),2007,Other,23.0,100896465.0,438680283,,World Bank (IT.NET.USER.ZS),
Europe & Central Asia (IDA & IBRD countries),2008,Other,28.2,124004634.0,439732746,,World Bank (IT.NET.USER.ZS),
Europe & Central Asia (IDA & IBRD countries),2009,Other,34.7,153132826.0,441304973,,World Bank (IT.NET.USER.ZS),
Europe & Central Asia (IDA & IBRD countries),2010,Other,40.0,177174640.0,442936599,,World Bank (IT.NET.USER.ZS),
Europe & Central Asia (IDA & IBRD countries),2011,Other,45.4,201960250.0,444846366,,World Bank (IT.NET.USER.ZS),
Europe & Central Asia (IDA & IBRD countries),2012,Other,50.7,226599138.0,446941101,,World Bank (IT.NET.USER.ZS),
Europe & Central Asia (IDA & IBRD countries),2013,Other,53.5,240283803.0,449128604,,World Bank (IT.NET.USER.ZS),
Europe & Central Asia (IDA & IBRD countries),2014,Other,57.7,260476511.0,451432428,,World Bank (IT.NET.USER.ZS),
Europe & Central Asia (IDA & IBRD countries),2015,Other,59.4,269475271.0,453662073,,World Bank (IT.NET.USER.ZS),
Europe & Central Asia (IDA & IBRD countries),2016,Other,63.3,288592930.0,455913002,,World Bank (IT.NET.USER.ZS),
Europe & Central Asia (IDA & IBRD countries),2017,Other,67.0,306866918.0,458010325,,World Bank (IT.NET.USER.ZS),
Europe & Central Asia (IDA & IBRD countries),2018,Other,71.8,330241862.0,459946883,,World Bank (IT.NET.USER.ZS),
Europe & Central Asia (IDA & IBRD countries),2019,Other,75.2,347373771.0,461933206,,World Bank (IT.NET.USER.ZS),
Europe & Central Asia (IDA & IBRD countries),2020,Other,78.6,363794038.0,462842288,,World Bank (IT.NET.USER.ZS),
Europe & Central Asia (IDA & IBRD countries),2021,Other,82.6,382524225.0,463104389,,World Bank (IT.NET.USER.ZS),
Europe & Central Asia (IDA & IBRD countries),2022,Other,85.2,392722813.0,460942269,,World Bank (IT.NET.USER.ZS),
Europe & Central Asia (IDA & IBRD countries),2023,Other,87.3,400359731.0,458602212,,World Bank (IT.NET.USER.ZS),
Europe & Central Asia (excluding high income),2005,Other,8.9,19879052.0,223360135,,World Bank (IT.NET.USER.ZS),
Europe & Central Asia (excluding high income),2006,Other,11.6,26032432.0,224417513,,World Bank (IT.NET.USER.ZS),
Europe & Central Asia (excluding high income),2007,Other,16.3,36677620.0,225016072,,World Bank (IT.NET.USER.ZS),
Europe & Central Asia (excluding high income),2008,Other,20.6,46664043.0,226524480,,World Bank (IT.NET.USER.ZS),
Europe & Central Asia (excluding high income),2009,Other,25.0,57062728.0,228250911,,World Bank (IT.NET.USER.ZS),
Europe & Central Asia (excluding high income),2010,Other,30.1,69262038.0,230106440,,World Bank (IT.NET.USER.ZS),
Europe & Central Asia (excluding high income),2011,Other,34.9,80963965.0,231988438,,World Bank (IT.NET.USER.ZS),
Europe & Central Asia (excluding high income),2012,Other,39.4,92146828.0,233875199,,World Bank (IT.NET.USER.ZS),
Europe & Central Asia (excluding high income),2013,Other,43.2,101911025.0,235905150,,World Bank (IT.NET.USER.ZS),
Europe & Central Asia (excluding high income),2014,Other,48.6,115667670.0,237999321,,World Bank (IT.NET.USER.ZS),
Europe & Central Asia (excluding high income),2015,Other,51.9,124603274.0,240083379,,World Bank (IT.NET.USER.ZS),
Europe & Central Asia (excluding high income),2016,Other,56.2,136129990.0,242224182,,World Bank (IT.NET.USER.ZS),
Europe & Central Asia (excluding high income),2017,Other,60.6,148051041.0,244308649,,World Bank (IT.NET.USER.ZS),
Europe & Central Asia (excluding high income),2018,Other,65.8,162131518.0,246400484,,World Bank (IT.NET.USER.ZS),
Europe & Central Asia (excluding high income),2019,Other,70.3,174749403.0,248576676,,World Bank (IT.NET.USER.ZS),
Europe & Central Asia (excluding high income),2020,Other,74.5,186511674.0,250351240,,World Bank (IT.NET.USER.ZS),
Europe & Central Asia (excluding high income),2021,Other,79.1,199227372.0,251867727,,World Bank (IT.NET.USER.ZS),
Europe & Central Asia (excluding high income),2022,Other,82.0,205421765.0,250514347,,World Bank (IT.NET.USER.ZS),
Europe & Central Asia (excluding high income),2023,Other,84.6,210418292.0,248721385,,World Bank (IT.NET.USER.ZS),
Faroe Islands,2000,Other,32.92,15061.0,45754,,World Bank (IT.NET.USER.ZS),
Faroe Islands,2001,Other,43.25,20168.0,46635,,World Bank (IT.NET.USER.ZS),
Faroe Islands,2002,Other,53.3,25229.0,47335,,World Bank (IT.NET.USER.ZS),
Faroe Islands,2003,Other,58.91,28297.0,48032,,World Bank (IT.NET.USER.ZS),
Faroe Islands,2004,Other,66.53,32192.0,48384,,World Bank (IT.NET.USER.ZS),
Faroe Islands,2005,Other,67.9,32837.0,48359,,World Bank (IT.NET.USER.ZS),
Faroe Islands,2006,Other,69.36,33525.0,48335,,World Bank (IT.NET.USER.ZS),
Faroe Islands,2007,Other,75.98,36758.0,48378,,World Bank (IT.NET.USER.ZS),
Faroe Islands,2008,Other,75.57,36687.0,48547,,World Bank (IT.NET.USER.ZS),
Faroe Islands,2009,Other,75.18,36681.0,48791,,World Bank (IT.NET.USER.ZS),
Faroe Islands,2010,Other,75.2,36590.0,48657,,World Bank (IT.NET.USER.ZS),
Faroe Islands,2011,Other,80.73,39190.0,48543,,World Bank (IT.NET.USER.ZS),
Faroe Islands,2012,Other,85.34,41209.0,48291,,World Bank (IT.NET.USER.ZS),
Faroe Islands,2013,Other,90.0,43421.0,48246,,World Bank (IT.NET.USER.ZS),
Faroe Islands,2014,Other,93.3,45183.0,48428,,World Bank (IT.NET.USER.ZS),
Faroe Islands,2015,Other,94.2,46063.0,48899,,World Bank (IT.NET.USER.ZS),
Faroe Islands,2016,Other,95.11,47045.0,49464,,World Bank (IT.NET.USER.ZS),
Faroe Islands,2017,Other,97.58,48967.0,50180,,World Bank (IT.NET.USER.ZS),
Fiji,2000,Other,1.5,12587.0,840909,,World Bank (IT.NET.USER.ZS),
Fiji,2001,Other,1.86,15785.0,849596,,World Bank (IT.NET.USER.ZS),
Fiji,2002,Other,6.15,52793.0,858049,,World Bank (IT.NET.USER.ZS),
Fiji,2003,Other,6.73,58261.0,866286,,World Bank (IT.NET.USER.ZS),
Fiji,2004,Other,7.41,64816.0,874366,,World Bank (IT.NET.USER.ZS),
Fiji,2005,Other,8.45,74593.0,882379,,World Bank (IT.NET.USER.ZS),
Fiji,2006,Other,9.6,85475.0,890365,,World Bank (IT.NET.USER.ZS),
Fiji,2007,Other,10.9,97844.0,897832,,World Bank (IT.NET.USER.ZS),
Fiji,2008,Other,13.0,117442.0,903399,,World Bank (IT.NET.USER.ZS),
Fiji,2009,Other,17.0,154231.0,907239,,World Bank (IT.NET.USER.ZS),
Fiji,2010,Other,20.0,182084.0,910419,,World Bank (IT.NET.USER.ZS),
Fiji,2011,Other,28.0,255637.0,912989,,World Bank (IT.NET.USER.ZS),
Fiji,2012,Other,33.74,308715.0,914918,,World Bank (IT.NET.USER.ZS),
Fiji,2013,Other,35.2,322556.0,916352,,World Bank (IT.NET.USER.ZS),
Fiji,2014,Other,37.4,343177.0,917585,,World Bank (IT.NET.USER.ZS),
Fiji,2015,Other,42.5,390396.0,918578,,World Bank (IT.NET.USER.ZS),
Fiji,2016,Other,49.42,454252.0,919166,,World Bank (IT.NET.USER.ZS),
Fiji,2017,Other,53.65,492890.0,918759,,World Bank (IT.NET.USER.ZS),
Fiji,2018,Other,58.24,534133.0,917180,,World Bank (IT.NET.USER.ZS),
Fiji,2019,Other,63.22,578380.0,914899,,World Bank (IT.NET.USER.ZS),
Fiji,2020,Other,68.63,627899.0,914963,,World Bank (IT.NET.USER.ZS),
Fiji,2021,Other,70.57,646905.0,916711,,World Bank (IT.NET.USER.ZS),
Fiji,2022,Other,72.57,667183.0,919422,,World Bank (IT.NET.USER.ZS),
Fiji,2023,Other,74.12,684940.0,924145,,World Bank (IT.NET.USER.ZS),
Finland,2000,Europe,37.25,1928058.0,5176209,,World Bank (IT.NET.USER.ZS),
Finland,2001,Europe,43.11,2236310.0,5188008,,World Bank (IT.NET.USER.ZS),
Finland,2002,Europe,62.43,3246733.0,5200598,,World Bank (IT.NET.USER.ZS),
Finland,2003,Europe,69.22,3608448.0,5213014,,World Bank (IT.NET.USER.ZS),
Finland,2004,Europe,72.39,3784674.0,5228172,,World Bank (IT.NET.USER.ZS),
Finland,2005,Europe,74.48,3907292.0,5246096,,World Bank (IT.NET.USER.ZS),
Finland,2006,Europe,79.66,4195109.0,5266268,,World Bank (IT.NET.USER.ZS),
Finland,2007,Europe,80.78,4272228.0,5288720,,World Bank (IT.NET.USER.ZS),
Finland,2008,Europe,83.67,4445721.0,5313399,,World Bank (IT.NET.USER.ZS),
Finland,2009,Europe,82.49,4404035.0,5338871,,World Bank (IT.NET.USER.ZS),
Finland,2010,Europe,86.89,4660217.0,5363352,,World Bank (IT.NET.USER.ZS),
Finland,2011,Europe,88.71,4779936.0,5388272,,World Bank (IT.NET.USER.ZS),
Finland,2012,Europe,89.88,4866077.0,5413971,,World Bank (IT.NET.USER.ZS),
Finland,2013,Europe,91.51,4977443.0,5438972,,World Bank (IT.NET.USER.ZS),
Finland,2014,Europe,86.53,4725868.0,5461512,,World Bank (IT.NET.USER.ZS),
Finland,2015,Europe,86.42,4735528.0,5479531,,World Bank (IT.NET.USER.ZS),
Finland,2016,Europe,87.7,4819581.0,5495303,,World Bank (IT.NET.USER.ZS),
Finland,2017,Europe,87.47,4817976.0,5508214,,World Bank (IT.NET.USER.ZS),
Finland,2018,Europe,88.89,4902748.0,5515525,,World Bank (IT.NET.USER.ZS),
Finland,2019,Europe,89.61,4947767.0,5521606,,World Bank (IT.NET.USER.ZS),
Finland,2020,Europe,92.17,5096595.0,5529543,,World Bank (IT.NET.USER.ZS),
Finland,2021,Europe,92.81,5142510.0,5541017,,World Bank (IT.NET.USER.ZS),
Finland,2022,Europe,92.99,5166556.0,5556106,,World Bank (IT.NET.USER.ZS),
Finland,2023,Europe,93.51,5221730.0,5583911,,World Bank (IT.NET.USER.ZS),
Fragile and conflict affected situations,2005,Other,2.3,16118874.0,700820603,,World Bank (IT.NET.USER.ZS),
Fragile and conflict affected situations,2006,Other,3.1,22257253.0,717975893,,World Bank (IT.NET.USER.ZS),
Fragile and conflict affected situations,2007,Other,4.3,31609743.0,735110300,,World Bank (IT.NET.USER.ZS),
Fragile and conflict affected situations,2008,Other,5.3,39912079.0,753058095,,World Bank (IT.NET.USER.ZS),
Fragile and conflict affected situations,2009,Other,6.7,51725068.0,772015937,,World Bank (IT.NET.USER.ZS),
Fragile and conflict affected situations,2010,Other,8.2,64892488.0,791371804,,World Bank (IT.NET.USER.ZS),
Fragile and conflict affected situations,2011,Other,9.7,78664310.0,810972272,,World Bank (IT.NET.USER.ZS),
Fragile and conflict affected situations,2012,Other,11.6,96403609.0,831065598,,World Bank (IT.NET.USER.ZS),
Fragile and conflict affected situations,2013,Other,13.5,114939666.0,851404936,,World Bank (IT.NET.USER.ZS),
Fragile and conflict affected situations,2014,Other,15.6,135929878.0,871345375,,World Bank (IT.NET.USER.ZS),
Fragile and conflict affected situations,2015,Other,17.9,159465642.0,890869511,,World Bank (IT.NET.USER.ZS),
Fragile and conflict affected situations,2016,Other,20.4,185810637.0,910836458,,World Bank (IT.NET.USER.ZS),
Fragile and conflict affected situations,2017,Other,22.5,209525145.0,931222867,,World Bank (IT.NET.USER.ZS),
Fragile and conflict affected situations,2018,Other,25.0,237962899.0,951851595,,World Bank (IT.NET.USER.ZS),
Fragile and conflict affected situations,2019,Other,26.6,258827371.0,973035228,,World Bank (IT.NET.USER.ZS),
Fragile and conflict affected situations,2020,Other,29.6,294490723.0,994901090,,World Bank (IT.NET.USER.ZS),
Fragile and conflict affected situations,2021,Other,32.3,328460960.0,1016906998,,World Bank (IT.NET.USER.ZS),
Fragile and conflict affected situations,2022,Other,34.8,360663729.0,1036390026,,World Bank (IT.NET.USER.ZS),
Fragile and conflict affected situations,2023,Other,36.1,381588974.0,1057033168,,World Bank (IT.NET.USER.ZS),
France,2000,Europe,14.31,8716196.0,60918661,,World Bank (IT.NET.USER.ZS),
France,2001,Europe,26.33,16154727.0,61364377,,World Bank (IT.NET.USER.ZS),
France,2002,Europe,30.18,18654904.0,61812142,,World Bank (IT.NET.USER.ZS),
France,2003,Europe,36.14,22497098.0,62249855,,World Bank (IT.NET.USER.ZS),
France,2004,Europe,39.15,24550021.0,62707588,,World Bank (IT.NET.USER.ZS),
France,2005,Europe,42.87,27085632.0,63180854,,World Bank (IT.NET.USER.ZS),
France,2006,Europe,46.87,29819792.0,63622342,,World Bank (IT.NET.USER.ZS),
France,2007,Europe,66.09,42308763.0,64016890,,World Bank (IT.NET.USER.ZS),
France,2008,Europe,70.68,45500332.0,64375116,,World Bank (IT.NET.USER.ZS),
France,2009,Europe,71.58,46316867.0,64706436,,World Bank (IT.NET.USER.ZS),
France,2010,Europe,77.28,50252256.0,65026211,,World Bank (IT.NET.USER.ZS),
France,2011,Europe,77.82,50848233.0,65340830,,World Bank (IT.NET.USER.ZS),
France,2012,Europe,81.44,53471597.0,65657659,,World Bank (IT.NET.USER.ZS),
France,2013,Europe,81.92,54065374.0,65997932,,World Bank (IT.NET.USER.ZS),
France,2014,Europe,83.75,55537085.0,66312067,,World Bank (IT.NET.USER.ZS),
France,2015,Europe,78.01,51911670.0,66548272,,World Bank (IT.NET.USER.ZS),
France,2016,Europe,79.27,52892071.0,66724104,,World Bank (IT.NET.USER.ZS),
France,2017,Europe,80.5,53870652.0,66918020,,World Bank (IT.NET.USER.ZS),
France,2018,Europe,82.04,55098849.0,67158348,,World Bank (IT.NET.USER.ZS),
France,2019,Europe,83.34,56156037.0,67382061,,World Bank (IT.NET.USER.ZS),
France,2020,Europe,84.71,57262465.0,67601110,,World Bank (IT.NET.USER.ZS),
France,2021,Europe,86.1,58409598.0,67842811,,World Bank (IT.NET.USER.ZS),
France,2022,Europe,85.33,58184059.0,68184457,,World Bank (IT.NET.USER.ZS),
France,2023,Europe,86.84,59372003.0,68372286,76.3,World Bank (IT.NET.USER.ZS),DataReportal 2023
French Polynesia,2000,Other,6.36,15278.0,240337,,World Bank (IT.NET.USER.ZS),
French Polynesia,2001,Other,6.25,15260.0,244097,,World Bank (IT.NET.USER.ZS),
French Polynesia,2002,Other,8.2,20318.0,247775,,World Bank (IT.NET.USER.ZS),
French Polynesia,2003,Other,14.12,35542.0,251637,,World Bank (IT.NET.USER.ZS),
French Polynesia,2004,Other,17.88,45723.0,255654,,World Bank (IT.NET.USER.ZS),
French Polynesia,2005,Other,21.54,55903.0,259507,,World Bank (IT.NET.USER.ZS),
French Polynesia,2006,Other,25.11,66090.0,263223,,World Bank (IT.NET.USER.ZS),
French Polynesia,2007,Other,28.59,76175.0,266438,,World Bank (IT.NET.USER.ZS),
French Polynesia,2008,Other,33.87,90900.0,268379,,World Bank (IT.NET.USER.ZS),
French Polynesia,2009,Other,44.6,120189.0,269481,,World Bank (IT.NET.USER.ZS),
French Polynesia,2010,Other,49.0,132584.0,270580,,World Bank (IT.NET.USER.ZS),
French Polynesia,2011,Other,49.0,133146.0,271727,,World Bank (IT.NET.USER.ZS),
French Polynesia,2012,Other,52.88,144398.0,273084,,World Bank (IT.NET.USER.ZS),
French Polynesia,2013,Other,56.8,156046.0,274728,,World Bank (IT.NET.USER.ZS),
French Polynesia,2014,Other,60.68,167712.0,276387,,World Bank (IT.NET.USER.ZS),
French Polynesia,2015,Other,64.56,179391.0,277866,,World Bank (IT.NET.USER.ZS),
French Polynesia,2016,Other,68.44,191071.0,279178,,World Bank (IT.NET.USER.ZS),
French Polynesia,2017,Other,72.7,203634.0,280087,,World Bank (IT.NET.USER.ZS),
Gabon,2000,Other,1.22,15513.0,1275572,,World Bank (IT.NET.USER.ZS),
Gabon,2001,Other,1.35,17648.0,1309589,,World Bank (IT.NET.USER.ZS),
Gabon,2002,Other,1.94,26089.0,1345135,,World Bank (IT.NET.USER.ZS),
Gabon,2003,Other,2.66,36765.0,1382350,,World Bank (IT.NET.USER.ZS),
Gabon,2004,Other,2.98,42351.0,1421609,,World Bank (IT.NET.USER.ZS),
Gabon,2005,Other,4.89,71613.0,1463495,,World Bank (IT.NET.USER.ZS),
Gabon,2006,Other,5.49,82796.0,1508337,,World Bank (IT.NET.USER.ZS),
Gabon,2007,Other,5.77,89748.0,1556237,,World Bank (IT.NET.USER.ZS),
Gabon,2008,Other,7.5,120538.0,1607175,,World Bank (IT.NET.USER.ZS),
Gabon,2009,Other,9.5,157848.0,1661556,,World Bank (IT.NET.USER.ZS),
Gabon,2010,Other,13.0,223584.0,1719879,,World Bank (IT.NET.USER.ZS),
Gabon,2011,Other,18.0,320757.0,1781985,,World Bank (IT.NET.USER.ZS),
Gabon,2012,Other,24.0,443253.0,1846889,,World Bank (IT.NET.USER.ZS),
Gabon,2013,Other,30.54,584210.0,1913059,,World Bank (IT.NET.USER.ZS),
Gabon,2014,Other,38.07,753200.0,1978399,,World Bank (IT.NET.USER.ZS),
Gabon,2015,Other,45.78,934457.0,2040989,,World Bank (IT.NET.USER.ZS),
Gabon,2016,Other,48.05,1009245.0,2100306,,World Bank (IT.NET.USER.ZS),
Gabon,2017,Other,51.6,1113066.0,2156900,,World Bank (IT.NET.USER.ZS),
Gabon,2018,Other,55.42,1226071.0,2212318,,World Bank (IT.NET.USER.ZS),
Gabon,2019,Other,59.52,1349684.0,2267706,,World Bank (IT.NET.USER.ZS),
Gabon,2020,Other,63.92,1484518.0,2322539,,World Bank (IT.NET.USER.ZS),
Gabon,2021,Other,65.77,1563125.0,2376722,,World Bank (IT.NET.USER.ZS),
Gabon,2022,Other,67.67,1644928.0,2430747,,World Bank (IT.NET.USER.ZS),
Gabon,2023,Other,68.2,1694574.0,2484789,,World Bank (IT.NET.USER.ZS),
"Gambia, The",2000,Other,0.92,13413.0,1455084,,World Bank (IT.NET.USER.ZS),
"Gambia, The",2001,Other,1.34,19985.0,1495011,,World Bank (IT.NET.USER.ZS),
"Gambia, The",2002,Other,1.8,27593.0,1535691,,World Bank (IT.NET.USER.ZS),
"Gambia, The",2003,Other,2.44,38443.0,1577611,,World Bank (IT.NET.USER.ZS),
"Gambia, The",2004,Other,3.31,53633.0,1621312,,World Bank (IT.NET.USER.ZS),
"Gambia, The",2005,Other,3.8,63331.0,1667037,,World Bank (IT.NET.USER.ZS),
"Gambia, The",2006,Other,5.24,89841.0,1715275,,World Bank (IT.NET.USER.ZS),
"Gambia, The",2007,Other,6.21,109567.0,1765774,,World Bank (IT.NET.USER.ZS),
"Gambia, The",2008,Other,6.88,125068.0,1817852,,World Bank (IT.NET.USER.ZS),
"Gambia, The",2009,Other,7.63,142790.0,1871422,,World Bank (IT.NET.USER.ZS),
"Gambia, The",2010,Other,9.2,177250.0,1926630,,World Bank (IT.NET.USER.ZS),
"Gambia, The",2011,Other,10.87,215643.0,1983784,,World Bank (IT.NET.USER.ZS),
"Gambia, The",2012,Other,12.45,254349.0,2043094,,World Bank (IT.NET.USER.ZS),
"Gambia, The",2013,Other,14.0,294535.0,2103820,,World Bank (IT.NET.USER.ZS),
"Gambia, The",2014,Other,15.56,336801.0,2164528,,World Bank (IT.NET.USER.ZS),
"Gambia, The",2015,Other,17.6,391506.0,2224529,,World Bank (IT.NET.USER.ZS),
"Gambia, The",2016,Other,19.91,454616.0,2283769,,World Bank (IT.NET.USER.ZS),
"Gambia, The",2017,Other,22.52,527358.0,2342189,,World Bank (IT.NET.USER.ZS),
"Gambia, The",2018,Other,28.31,679312.0,2399632,,World Bank (IT.NET.USER.ZS),
"Gambia, The",2019,Other,31.12,764528.0,2456844,,World Bank (IT.NET.USER.ZS),
"Gambia, The",2020,Other,36.01,905941.0,2515733,,World Bank (IT.NET.USER.ZS),
"Gambia, The",2021,Other,41.67,1073503.0,2576010,,World Bank (IT.NET.USER.ZS),
"Gambia, The",2022,Other,48.23,1271448.0,2636470,,World Bank (IT.NET.USER.ZS),
"Gambia, The",2023,Other,48.73,1314614.0,2697845,,World Bank (IT.NET.USER.ZS),
Georgia,2000,Other,0.48,19764.0,4077131,,World Bank (IT.NET.USER.ZS),
Georgia,2001,Other,0.99,39836.0,4014373,,World Bank (IT.NET.USER.ZS),
Georgia,2002,Other,1.59,63174.0,3978515,,World Bank (IT.NET.USER.ZS),
Georgia,2003,Other,2.56,101118.0,3951736,,World Bank (IT.NET.USER.ZS),
Georgia,2004,Other,3.89,152625.0,3927340,,World Bank (IT.NET.USER.ZS),
Georgia,2005,Other,6.08,237251.0,3902469,,World Bank (IT.NET.USER.ZS),
Georgia,2006,Other,7.53,292069.0,3880347,,World Bank (IT.NET.USER.ZS),
Georgia,2007,Other,8.26,318849.0,3860158,,World Bank (IT.NET.USER.ZS),
Georgia,2008,Other,10.01,385230.0,3848449,,World Bank (IT.NET.USER.ZS),
Georgia,2009,Other,20.07,765554.0,3814419,,World Bank (IT.NET.USER.ZS),
Georgia,2010,Other,26.9,1018621.0,3786695,,World Bank (IT.NET.USER.ZS),
Georgia,2011,Other,31.52,1184030.0,3756441,,World Bank (IT.NET.USER.ZS),
Georgia,2012,Other,36.94,1377446.0,3728874,,World Bank (IT.NET.USER.ZS),
Georgia,2013,Other,43.3,1609750.0,3717668,,World Bank (IT.NET.USER.ZS),
Georgia,2014,Other,49.1,1826324.0,3719414,,World Bank (IT.NET.USER.ZS),
Georgia,2015,Other,47.57,1772105.0,3725276,,World Bank (IT.NET.USER.ZS),
Georgia,2016,Other,58.46,2179073.0,3727505,,World Bank (IT.NET.USER.ZS),
Georgia,2017,Other,59.71,2225824.0,3728004,,World Bank (IT.NET.USER.ZS),
Georgia,2018,Other,62.72,2337214.0,3726549,,World Bank (IT.NET.USER.ZS),
Georgia,2019,Other,68.85,2561209.0,3720161,,World Bank (IT.NET.USER.ZS),
Georgia,2020,Other,72.53,2700145.0,3722716,,World Bank (IT.NET.USER.ZS),
Georgia,2021,Other,76.44,2834962.0,3708610,,World Bank (IT.NET.USER.ZS),
Georgia,2022,Other,78.71,2922158.0,3712502,,World Bank (IT.NET.USER.ZS),
Georgia,2023,Other,81.88,3042396.0,3715483,,World Bank (IT.NET.USER.ZS),
Germany,2000,Europe,30.22,24841314.0,82211508,,World Bank (IT.NET.USER.ZS),
Germany,2001,Europe,31.65,26064525.0,82349925,,World Bank (IT.NET.USER.ZS),
Germany,2002,Europe,48.82,40270883.0,82488495,,World Bank (IT.NET.USER.ZS),
Germany,2003,Europe,55.9,46136604.0,82534176,,World Bank (IT.NET.USER.ZS),
Germany,2004,Europe,64.73,53412775.0,82516260,,World Bank (IT.NET.USER.ZS),
Germany,2005,Europe,68.71,56664740.0,82469422,,World Bank (IT.NET.USER.ZS),
Germany,2006,Europe,72.16,59442847.0,82376451,,World Bank (IT.NET.USER.ZS),
Germany,2007,Europe,75.16,61831405.0,82266372,,World Bank (IT.NET.USER.ZS),
Germany,2008,Europe,78.0,64045876.0,82110097,,World Bank (IT.NET.USER.ZS),
Germany,2009,Europe,79.0,64702823.0,81902307,,World Bank (IT.NET.USER.ZS),
Germany,2010,Europe,82.0,67057083.0,81776930,,World Bank (IT.NET.USER.ZS),
Germany,2011,Europe,81.27,65239478.0,80274983,,World Bank (IT.NET.USER.ZS),
Germany,2012,Europe,82.35,66230664.0,80425823,,World Bank (IT.NET.USER.ZS),
Germany,2013,Europe,84.17,67879406.0,80645605,,World Bank (IT.NET.USER.ZS),
Germany,2014,Europe,86.19,69801814.0,80982500,,World Bank (IT.NET.USER.ZS),
Germany,2015,Europe,87.59,71549139.0,81686611,,World Bank (IT.NET.USER.ZS),
Germany,2016,Europe,84.17,69308927.0,82348669,,World Bank (IT.NET.USER.ZS),
Germany,2017,Europe,84.39,69757677.0,82657002,,World Bank (IT.NET.USER.ZS),
Germany,2018,Europe,87.04,72158798.0,82905782,,World Bank (IT.NET.USER.ZS),
Germany,2019,Europe,88.13,73233581.0,83092962,,World Bank (IT.NET.USER.ZS),
Germany,2020,Europe,89.81,74689224.0,83160871,,World Bank (IT.NET.USER.ZS),
Germany,2021,Europe,91.43,76066681.0,83196078,,World Bank (IT.NET.USER.ZS),
Germany,2022,Europe,91.63,76215700.0,83177813,,World Bank (IT.NET.USER.ZS),
Germany,2023,Europe,92.48,77021052.0,83287273,68.9,World Bank (IT.NET.USER.ZS),DataReportal 2023
Ghana,2000,Africa,0.15,30166.0,19637087,,World Bank (IT.NET.USER.ZS),
Ghana,2001,Africa,0.2,40336.0,20167069,,World Bank (IT.NET.USER.ZS),
Ghana,2002,Africa,0.83,172113.0,20729388,,World Bank (IT.NET.USER.ZS),
Ghana,2003,Africa,1.19,254082.0,21296705,,World Bank (IT.NET.USER.ZS),
Ghana,2004,Africa,1.72,375434.0,21868298,,World Bank (IT.NET.USER.ZS),
Ghana,2005,Africa,1.83,411094.0,22449438,,World Bank (IT.NET.USER.ZS),
Ghana,2006,Africa,2.72,627439.0,23040702,,World Bank (IT.NET.USER.ZS),
Ghana,2007,Africa,3.85,910228.0,23642279,,World Bank (IT.NET.USER.ZS),
Ghana,2008,Africa,4.27,1035473.0,24249946,,World Bank (IT.NET.USER.ZS),
Ghana,2009,Africa,5.44,1352529.0,24862664,,World Bank (IT.NET.USER.ZS),
Ghana,2010,Africa,7.8,1987050.0,25474995,,World Bank (IT.NET.USER.ZS),
Ghana,2011,Africa,9.0,2348558.0,26095088,,World Bank (IT.NET.USER.ZS),
Ghana,2012,Africa,10.6,2833832.0,26734268,,World Bank (IT.NET.USER.ZS),
Ghana,2013,Africa,15.0,4107929.0,27386193,,World Bank (IT.NET.USER.ZS),
Ghana,2014,Africa,19.0,5327902.0,28041592,,World Bank (IT.NET.USER.ZS),
Ghana,2015,Africa,23.0,6600096.0,28696068,,World Bank (IT.NET.USER.ZS),
Ghana,2016,Africa,28.0,8219888.0,29356742,,World Bank (IT.NET.USER.ZS),
Ghana,2017,Africa,37.88,11368425.0,30008354,,World Bank (IT.NET.USER.ZS),
Ghana,2018,Africa,43.0,13174162.0,30637585,,World Bank (IT.NET.USER.ZS),
Ghana,2019,Africa,22.07,6899849.0,31258945,,World Bank (IT.NET.USER.ZS),
Ghana,2020,Africa,62.52,19935493.0,31887809,,World Bank (IT.NET.USER.ZS),
Ghana,2021,Africa,68.6,22307804.0,32518665,,World Bank (IT.NET.USER.ZS),
Ghana,2022,Africa,69.91,23175666.0,33149152,,World Bank (IT.NET.USER.ZS),
Ghana,2023,Africa,70.67,23879372.0,33787914,23.5,World Bank (IT.NET.USER.ZS),DataReportal 2023
Gibraltar,2000,Other,19.13,5301.0,27709,,World Bank (IT.NET.USER.ZS),
Gibraltar,2001,Other,21.17,5855.0,27657,,World Bank (IT.NET.USER.ZS),
Gibraltar,2002,Other,23.67,6588.0,27831,,World Bank (IT.NET.USER.ZS),
Gibraltar,2003,Other,28.33,8009.0,28274,,World Bank (IT.NET.USER.ZS),
Gibraltar,2004,Other,32.89,9443.0,28715,,World Bank (IT.NET.USER.ZS),
Gibraltar,2005,Other,39.07,11394.0,29163,,World Bank (IT.NET.USER.ZS),
Gibraltar,2006,Other,45.3,13406.0,29594,,World Bank (IT.NET.USER.ZS),
Gibraltar,2007,Other,51.61,15486.0,30006,,World Bank (IT.NET.USER.ZS),
Gibraltar,2008,Other,58.0,17640.0,30413,,World Bank (IT.NET.USER.ZS),
Gibraltar,2009,Other,65.07,20057.0,30823,,World Bank (IT.NET.USER.ZS),
Gibraltar,2010,Other,65.0,20311.0,31248,,World Bank (IT.NET.USER.ZS),
Gibraltar,2011,Other,65.0,20579.0,31660,,World Bank (IT.NET.USER.ZS),
Gibraltar,2012,Other,65.02,20824.0,32029,,World Bank (IT.NET.USER.ZS),
Gibraltar,2016,Other,94.44,31788.0,33658,,World Bank (IT.NET.USER.ZS),
Greece,2000,Other,9.14,987525.0,10805808,,World Bank (IT.NET.USER.ZS),
Greece,2001,Other,10.94,1187777.0,10862132,,World Bank (IT.NET.USER.ZS),
Greece,2002,Other,14.67,1599327.0,10902022,,World Bank (IT.NET.USER.ZS),
Greece,2003,Other,17.8,1945196.0,10928070,,World Bank (IT.NET.USER.ZS),
Greece,2004,Other,21.42,2346591.0,10955141,,World Bank (IT.NET.USER.ZS),
Greece,2005,Other,24.0,2636955.0,10987314,,World Bank (IT.NET.USER.ZS),
Greece,2006,Other,32.25,3554067.0,11020362,,World Bank (IT.NET.USER.ZS),
Greece,2007,Other,35.88,3964192.0,11048473,,World Bank (IT.NET.USER.ZS),
Greece,2008,Other,38.2,4231735.0,11077841,,World Bank (IT.NET.USER.ZS),
Greece,2009,Other,42.4,4709375.0,11107017,,World Bank (IT.NET.USER.ZS),
Greece,2010,Other,44.4,4937875.0,11121341,,World Bank (IT.NET.USER.ZS),
Greece,2011,Other,51.65,5735680.0,11104899,,World Bank (IT.NET.USER.ZS),
Greece,2012,Other,55.07,6082487.0,11045011,,World Bank (IT.NET.USER.ZS),
Greece,2013,Other,59.87,6564466.0,10965211,,World Bank (IT.NET.USER.ZS),
Greece,2014,Other,63.21,6884805.0,10892413,,World Bank (IT.NET.USER.ZS),
Greece,2015,Other,66.83,7232133.0,10820883,,World Bank (IT.NET.USER.ZS),
Greece,2016,Other,69.09,7444894.0,10775971,,World Bank (IT.NET.USER.ZS),
Greece,2017,Other,69.89,7516765.0,10754679,,World Bank (IT.NET.USER.ZS),
Greece,2018,Other,72.24,7753259.0,10732882,,World Bank (IT.NET.USER.ZS),
Greece,2019,Other,75.67,8113150.0,10721582,,World Bank (IT.NET.USER.ZS),
Greece,2020,Other,78.12,8357301.0,10698599,,World Bank (IT.NET.USER.ZS),
Greece,2021,Other,78.49,8296221.0,10569207,,World Bank (IT.NET.USER.ZS),
Greece,2022,Other,83.17,8680424.0,10436882,,World Bank (IT.NET.USER.ZS),
Greece,2023,Other,85.01,8847312.0,10407351,,World Bank (IT.NET.USER.ZS),
Greenland,2000,Other,31.75,17838.0,56185,,World Bank (IT.NET.USER.ZS),
Greenland,2001,Other,35.46,19994.0,56379,,World Bank (IT.NET.USER.ZS),
Greenland,2002,Other,44.15,24989.0,56595,,World Bank (IT.NET.USER.ZS),
Greenland,2003,Other,54.53,30949.0,56751,,World Bank (IT.NET.USER.ZS),
Greenland,2004,Other,56.1,31919.0,56898,,World Bank (IT.NET.USER.ZS),
Greenland,2005,Other,57.7,32853.0,56935,,World Bank (IT.NET.USER.ZS),
Greenland,2006,Other,59.36,33703.0,56775,,World Bank (IT.NET.USER.ZS),
Greenland,2007,Other,61.07,34538.0,56555,,World Bank (IT.NET.USER.ZS),
Greenland,2008,Other,62.82,35385.0,56328,,World Bank (IT.NET.USER.ZS),
Greenland,2009,Other,62.83,35388.0,56323,,World Bank (IT.NET.USER.ZS),
Greenland,2010,Other,63.0,35616.0,56534,,World Bank (IT.NET.USER.ZS),
Greenland,2011,Other,64.0,36410.0,56890,,World Bank (IT.NET.USER.ZS),
Greenland,2012,Other,64.9,36867.0,56810,,World Bank (IT.NET.USER.ZS),
Greenland,2013,Other,65.8,37166.0,56483,,World Bank (IT.NET.USER.ZS),
Greenland,2014,Other,66.7,37549.0,56295,,World Bank (IT.NET.USER.ZS),
Greenland,2015,Other,67.6,37933.0,56114,,World Bank (IT.NET.USER.ZS),
Greenland,2016,Other,68.5,38488.0,56186,,World Bank (IT.NET.USER.ZS),
Greenland,2017,Other,69.48,39030.0,56172,,World Bank (IT.NET.USER.ZS),
Grenada,2000,Other,4.06,4367.0,107451,,World Bank (IT.NET.USER.ZS),
Grenada,2001,Other,5.13,5538.0,107987,,World Bank (IT.NET.USER.ZS),
Grenada,2002,Other,14.76,15999.0,108404,,World Bank (IT.NET.USER.ZS),
Grenada,2003,Other,18.65,20302.0,108884,,World Bank (IT.NET.USER.ZS),
Grenada,2004,Other,19.57,21395.0,109323,,World Bank (IT.NET.USER.ZS),
Grenada,2005,Other,20.49,22482.0,109734,,World Bank (IT.NET.USER.ZS),
Grenada,2006,Other,21.4,23564.0,110135,,World Bank (IT.NET.USER.ZS),
Grenada,2007,Other,22.29,24635.0,110522,,World Bank (IT.NET.USER.ZS),
Grenada,2008,Other,23.18,25706.0,110896,,World Bank (IT.NET.USER.ZS),
Grenada,2009,Other,24.05,26757.0,111254,,World Bank (IT.NET.USER.ZS),
Grenada,2010,Other,27.0,30128.0,111586,,World Bank (IT.NET.USER.ZS),
Grenada,2011,Other,30.0,33624.0,112079,,World Bank (IT.NET.USER.ZS),
Grenada,2012,Other,32.0,36088.0,112775,,World Bank (IT.NET.USER.ZS),
Grenada,2013,Other,35.0,39720.0,113487,,World Bank (IT.NET.USER.ZS),
Grenada,2014,Other,51.6,58892.0,114132,,World Bank (IT.NET.USER.ZS),
Grenada,2015,Other,52.5,60205.0,114676,,World Bank (IT.NET.USER.ZS),
Grenada,2016,Other,53.3,61364.0,115130,,World Bank (IT.NET.USER.ZS),
Grenada,2017,Other,54.2,62567.0,115438,,World Bank (IT.NET.USER.ZS),
Grenada,2018,Other,61.42,71063.0,115691,,World Bank (IT.NET.USER.ZS),
Grenada,2019,Other,64.31,74591.0,115981,,World Bank (IT.NET.USER.ZS),
Grenada,2020,Other,65.65,76382.0,116341,,World Bank (IT.NET.USER.ZS),
Grenada,2021,Other,67.02,78208.0,116688,,World Bank (IT.NET.USER.ZS),
Grenada,2022,Other,68.42,79992.0,116913,,World Bank (IT.NET.USER.ZS),
Grenada,2023,Other,69.41,81270.0,117081,,World Bank (IT.NET.USER.ZS),
Guam,2000,Other,16.11,25791.0,160065,,World Bank (IT.NET.USER.ZS),
Guam,2001,Other,25.38,40946.0,161329,,World Bank (IT.NET.USER.ZS),
Guam,2002,Other,31.19,50630.0,162315,,World Bank (IT.NET.USER.ZS),
Guam,2003,Other,33.72,55004.0,163137,,World Bank (IT.NET.USER.ZS),
Guam,2004,Other,36.16,59237.0,163810,,World Bank (IT.NET.USER.ZS),
Guam,2005,Other,38.56,63379.0,164365,,World Bank (IT.NET.USER.ZS),
Guam,2006,Other,43.85,72284.0,164839,,World Bank (IT.NET.USER.ZS),
Guam,2007,Other,46.15,76272.0,165267,,World Bank (IT.NET.USER.ZS),
Guam,2008,Other,48.42,80226.0,165693,,World Bank (IT.NET.USER.ZS),
Guam,2009,Other,50.64,84153.0,166173,,World Bank (IT.NET.USER.ZS),
Guam,2010,Other,54.04,89988.0,166522,,World Bank (IT.NET.USER.ZS),
Guam,2011,Other,57.7,96095.0,166543,,World Bank (IT.NET.USER.ZS),
Guam,2012,Other,61.53,102350.0,166331,,World Bank (IT.NET.USER.ZS),
Guam,2013,Other,65.4,108542.0,165966,,World Bank (IT.NET.USER.ZS),
Guam,2014,Other,69.27,114632.0,165486,,World Bank (IT.NET.USER.ZS),
Guam,2015,Other,73.14,120612.0,164905,,World Bank (IT.NET.USER.ZS),
Guam,2016,Other,77.01,126476.0,164233,,World Bank (IT.NET.USER.ZS),
Guam,2017,Other,80.51,131618.0,163490,,World Bank (IT.NET.USER.ZS),
Guatemala,2000,Other,0.71,83326.0,11697592,,World Bank (IT.NET.USER.ZS),
Guatemala,2001,Other,1.74,208053.0,11969422,,World Bank (IT.NET.USER.ZS),
Guatemala,2002,Other,3.39,415384.0,12246915,,World Bank (IT.NET.USER.ZS),
Guatemala,2003,Other,4.55,569782.0,12525842,,World Bank (IT.NET.USER.ZS),
Guatemala,2004,Other,5.1,653178.0,12807402,,World Bank (IT.NET.USER.ZS),
Guatemala,2005,Other,5.7,745995.0,13087629,,World Bank (IT.NET.USER.ZS),
Guatemala,2006,Other,6.5,868885.0,13367459,,World Bank (IT.NET.USER.ZS),
Guatemala,2007,Other,7.3,996599.0,13652040,,World Bank (IT.NET.USER.ZS),
Guatemala,2008,Other,8.3,1156619.0,13935174,,World Bank (IT.NET.USER.ZS),
Guatemala,2009,Other,9.3,1322052.0,14215611,,World Bank (IT.NET.USER.ZS),
Guatemala,2010,Other,10.5,1522512.0,14500112,,World Bank (IT.NET.USER.ZS),
Guatemala,2011,Other,12.3,1819432.0,14792126,,World Bank (IT.NET.USER.ZS),
Guatemala,2012,Other,16.0,2414344.0,15089647,,World Bank (IT.NET.USER.ZS),
Guatemala,2013,Other,19.7,3031306.0,15387337,,World Bank (IT.NET.USER.ZS),
Guatemala,2014,Other,23.4,3669524.0,15681725,,World Bank (IT.NET.USER.ZS),
Guatemala,2015,Other,28.81,4600804.0,15971743,,World Bank (IT.NET.USER.ZS),
Guatemala,2016,Other,34.51,5614235.0,16268760,,World Bank (IT.NET.USER.ZS),
Guatemala,2017,Other,37.9,6279029.0,16567357,,World Bank (IT.NET.USER.ZS),
Guatemala,2018,Other,41.5,6990959.0,16845685,,World Bank (IT.NET.USER.ZS),
Guatemala,2019,Other,44.4,7594268.0,17103803,,World Bank (IT.NET.USER.ZS),
Guatemala,2020,Other,47.51,8246864.0,17357325,,World Bank (IT.NET.USER.ZS),
Guatemala,2021,Other,50.84,8947444.0,17598650,,World Bank (IT.NET.USER.ZS),
Guatemala,2022,Other,54.4,9710013.0,17847877,,World Bank (IT.NET.USER.ZS),
Guatemala,2023,Other,56.73,10281622.0,18124838,,World Bank (IT.NET.USER.ZS),
Guinea,2000,Other,0.1,8043.0,8428832,,World Bank (IT.NET.USER.ZS),
Guinea,2001,Other,0.18,14991.0,8539960,,World Bank (IT.NET.USER.ZS),
Guinea,2002,Other,0.4,34872.0,8674066,,World Bank (IT.NET.USER.ZS),
Guinea,2003,Other,0.45,40004.0,8870781,,World Bank (IT.NET.USER.ZS),
Guinea,2004,Other,0.51,46113.0,9062726,,World Bank (IT.NET.USER.ZS),
Guinea,2005,Other,0.54,50140.0,9245844,,World Bank (IT.NET.USER.ZS),
Guinea,2006,Other,0.64,60187.0,9441171,,World Bank (IT.NET.USER.ZS),
Guinea,2007,Other,0.78,75368.0,9662281,,World Bank (IT.NET.USER.ZS),
Guinea,2008,Other,0.92,91070.0,9898870,,World Bank (IT.NET.USER.ZS),
Guinea,2009,Other,0.94,95349.0,10143534,,World Bank (IT.NET.USER.ZS),
Guinea,2010,Other,1.0,103961.0,10396086,,World Bank (IT.NET.USER.ZS),
Guinea,2011,Other,2.0,213136.0,10656810,,World Bank (IT.NET.USER.ZS),
Guinea,2012,Other,3.1,338569.0,10921581,,World Bank (IT.NET.USER.ZS),
Guinea,2013,Other,4.5,503634.0,11191873,,World Bank (IT.NET.USER.ZS),
Guinea,2014,Other,6.4,734267.0,11472924,,World Bank (IT.NET.USER.ZS),
Guinea,2015,Other,9.2,1082570.0,11767070,,World Bank (IT.NET.USER.ZS),
Guinea,2016,Other,13.1,1581567.0,12073030,,World Bank (IT.NET.USER.ZS),
Guinea,2017,Other,18.7,2316118.0,12385659,,World Bank (IT.NET.USER.ZS),
Guinea,2018,Other,21.83,2773455.0,12704774,,World Bank (IT.NET.USER.ZS),
Guinea,2019,Other,23.89,3113970.0,13034346,,World Bank (IT.NET.USER.ZS),
Guinea,2020,Other,26.15,3495963.0,13371183,,World Bank (IT.NET.USER.ZS),
Guinea,2021,Other,28.61,3923030.0,13710513,,World Bank (IT.NET.USER.ZS),
Guinea,2022,Other,31.31,4401225.0,14055137,,World Bank (IT.NET.USER.ZS),
Guinea,2023,Other,32.32,4655214.0,14405468,,World Bank (IT.NET.USER.ZS),
Guinea-Bissau,2000,Other,0.23,2841.0,1234741,,World Bank (IT.NET.USER.ZS),
Guinea-Bissau,2001,Other,0.3,3778.0,1261273,,World Bank (IT.NET.USER.ZS),
Guinea-Bissau,2002,Other,1.02,13190.0,1289307,,World Bank (IT.NET.USER.ZS),
Guinea-Bissau,2003,Other,1.35,17859.0,1318806,,World Bank (IT.NET.USER.ZS),
Guinea-Bissau,2004,Other,1.81,24402.0,1349563,,World Bank (IT.NET.USER.ZS),
Guinea-Bissau,2005,Other,1.9,26269.0,1381585,,World Bank (IT.NET.USER.ZS),
Guinea-Bissau,2006,Other,2.06,29116.0,1415303,,World Bank (IT.NET.USER.ZS),
Guinea-Bissau,2007,Other,2.21,32013.0,1450986,,World Bank (IT.NET.USER.ZS),
Guinea-Bissau,2008,Other,2.35,35042.0,1488054,,World Bank (IT.NET.USER.ZS),
Guinea-Bissau,2009,Other,2.3,35157.0,1526377,,World Bank (IT.NET.USER.ZS),
Guinea-Bissau,2010,Other,2.45,38376.0,1566347,,World Bank (IT.NET.USER.ZS),
Guinea-Bissau,2011,Other,2.67,42968.0,1608076,,World Bank (IT.NET.USER.ZS),
Guinea-Bissau,2012,Other,2.89,47792.0,1651417,,World Bank (IT.NET.USER.ZS),
Guinea-Bissau,2013,Other,3.1,52575.0,1695973,,World Bank (IT.NET.USER.ZS),
Guinea-Bissau,2014,Other,3.32,57805.0,1741122,,World Bank (IT.NET.USER.ZS),
Guinea-Bissau,2015,Other,6.1,108974.0,1786457,,World Bank (IT.NET.USER.ZS),
Guinea-Bissau,2016,Other,13.8,252801.0,1831893,,World Bank (IT.NET.USER.ZS),
Guinea-Bissau,2017,Other,14.8,277807.0,1877072,,World Bank (IT.NET.USER.ZS),
Guinea-Bissau,2018,Other,15.7,301780.0,1922168,,World Bank (IT.NET.USER.ZS),
Guinea-Bissau,2019,Other,17.92,352641.0,1967696,,World Bank (IT.NET.USER.ZS),
Guinea-Bissau,2020,Other,20.46,411858.0,2013255,,World Bank (IT.NET.USER.ZS),
Guinea-Bissau,2021,Other,23.35,480778.0,2058841,,World Bank (IT.NET.USER.ZS),
Guinea-Bissau,2022,Other,27.67,582680.0,2105529,,World Bank (IT.NET.USER.ZS),
Guinea-Bissau,2023,Other,28.71,618275.0,2153339,,World Bank (IT.NET.USER.ZS),
Guyana,2000,Other,0.6,4589.0,764832,,World Bank (IT.NET.USER.ZS),
Guyana,2001,Other,1.0,7645.0,764477,,World Bank (IT.NET.USER.ZS),
Guyana,2002,Other,1.5,11455.0,763652,,World Bank (IT.NET.USER.ZS),
Guyana,2003,Other,2.4,18314.0,763101,,World Bank (IT.NET.USER.ZS),
Guyana,2004,Other,3.7,28209.0,762418,,World Bank (IT.NET.USER.ZS),
Guyana,2005,Other,5.7,43372.0,760914,,World Bank (IT.NET.USER.ZS),
Guyana,2006,Other,8.9,67548.0,758966,,World Bank (IT.NET.USER.ZS),
Guyana,2007,Other,13.8,104447.0,756861,,World Bank (IT.NET.USER.ZS),
Guyana,2008,Other,18.2,137338.0,754606,,World Bank (IT.NET.USER.ZS),
Guyana,2009,Other,23.9,179750.0,752094,,World Bank (IT.NET.USER.ZS),
Guyana,2010,Other,29.9,224028.0,749256,,World Bank (IT.NET.USER.ZS),
Guyana,2011,Other,30.0,223846.0,746153,,World Bank (IT.NET.USER.ZS),
Guyana,2012,Other,30.5,227618.0,746288,,World Bank (IT.NET.USER.ZS),
Guyana,2013,Other,31.0,232507.0,750021,,World Bank (IT.NET.USER.ZS),
Guyana,2014,Other,32.0,241353.0,754229,,World Bank (IT.NET.USER.ZS),
Guyana,2015,Other,34.0,257986.0,758781,,World Bank (IT.NET.USER.ZS),
Guyana,2016,Other,35.66,272281.0,763548,,World Bank (IT.NET.USER.ZS),
Guyana,2017,Other,42.68,327951.0,768479,,World Bank (IT.NET.USER.ZS),
Guyana,2018,Other,48.6,384688.0,791556,,World Bank (IT.NET.USER.ZS),
Guyana,2019,Other,55.31,446741.0,807665,,World Bank (IT.NET.USER.ZS),
Guyana,2020,Other,62.95,508342.0,807481,,World Bank (IT.NET.USER.ZS),
Guyana,2021,Other,71.65,584300.0,815482,,World Bank (IT.NET.USER.ZS),
Guyana,2022,Other,76.56,629065.0,821637,,World Bank (IT.NET.USER.ZS),
Guyana,2023,Other,79.36,655755.0,826353,,World Bank (IT.NET.USER.ZS),
Haiti,2000,Other,0.23,19203.0,8303151,,World Bank (IT.NET.USER.ZS),
Haiti,2001,Other,0.34,28821.0,8455918,,World Bank (IT.NET.USER.ZS),
Haiti,2002,Other,0.89,76904.0,8607641,,World Bank (IT.NET.USER.ZS),
Haiti,2003,Other,1.65,144307.0,8759912,,World Bank (IT.NET.USER.ZS),
Haiti,2004,Other,5.4,481267.0,8910263,,World Bank (IT.NET.USER.ZS),
Haiti,2005,Other,6.38,577765.0,9061273,,World Bank (IT.NET.USER.ZS),
Haiti,2006,Other,6.8,626358.0,9216562,,World Bank (IT.NET.USER.ZS),
Haiti,2007,Other,7.2,674877.0,9373296,,World Bank (IT.NET.USER.ZS),
Haiti,2008,Other,7.6,724339.0,9530774,,World Bank (IT.NET.USER.ZS),
Haiti,2009,Other,8.1,784856.0,9689581,,World Bank (IT.NET.USER.ZS),
Haiti,2010,Other,8.37,820536.0,9803294,,World Bank (IT.NET.USER.ZS),
Haiti,2011,Other,9.0,892341.0,9914904,,World Bank (IT.NET.USER.ZS),
Haiti,2012,Other,9.8,986838.0,10069771,,World Bank (IT.NET.USER.ZS),
Haiti,2013,Other,10.6,1083570.0,10222362,,World Bank (IT.NET.USER.ZS),
Haiti,2014,Other,11.4,1182549.0,10373235,,World Bank (IT.NET.USER.ZS),
Haiti,2015,Other,14.2,1494300.0,10523242,,World Bank (IT.NET.USER.ZS),
Haiti,2016,Other,22.8,2433092.0,10671457,,World Bank (IT.NET.USER.ZS),
Haiti,2017,Other,27.2,2942429.0,10817754,,World Bank (IT.NET.USER.ZS),
Haiti,2018,Other,32.47,3559877.0,10962362,,World Bank (IT.NET.USER.ZS),
Haiti,2019,Other,35.76,3971662.0,11105163,,World Bank (IT.NET.USER.ZS),
Haiti,2020,Other,39.39,4428738.0,11243848,,World Bank (IT.NET.USER.ZS),
Haiti,2021,Other,43.38,4934204.0,11374586,,World Bank (IT.NET.USER.ZS),
Haiti,2022,Other,47.77,5495813.0,11503606,,World Bank (IT.NET.USER.ZS),
Haiti,2023,Other,47.99,5585101.0,11637398,,World Bank (IT.NET.USER.ZS),
High income,2005,Other,52.9,681947578.0,1289125857,,World Bank (IT.NET.USER.ZS),
High income,2006,Other,55.7,722368562.0,1296891494,,World Bank (IT.NET.USER.ZS),
High income,2007,Other,61.3,800319381.0,1305578110,,World Bank (IT.NET.USER.ZS),
High income,2008,Other,64.0,841389466.0,1314671040,,World Bank (IT.NET.USER.ZS),
High income,2009,Other,66.4,878308691.0,1322754052,,World Bank (IT.NET.USER.ZS),
High income,2010,Other,69.0,916773850.0,1328657754,,World Bank (IT.NET.USER.ZS),
High income,2011,Other,70.4,939528595.0,1334557663,,World Bank (IT.NET.USER.ZS),
High income,2012,Other,73.7,989369731.0,1342428400,,World Bank (IT.NET.USER.ZS),
High income,2013,Other,75.1,1013962559.0,1350149879,,World Bank (IT.NET.USER.ZS),
High income,2014,Other,77.0,1045272123.0,1357496263,,World Bank (IT.NET.USER.ZS),
High income,2015,Other,78.3,1069588660.0,1366013614,,World Bank (IT.NET.USER.ZS),
High income,2016,Other,82.5,1133784642.0,1374284415,,World Bank (IT.NET.USER.ZS),
High income,2017,Other,84.2,1162229349.0,1380319892,,World Bank (IT.NET.USER.ZS),
High income,2018,Other,86.3,1195344130.0,1385103279,,World Bank (IT.NET.USER.ZS),
High income,2019,Other,87.5,1216049013.0,1389770301,,World Bank (IT.NET.USER.ZS),
High income,2020,Other,88.4,1231830022.0,1393472875,,World Bank (IT.NET.USER.ZS),
High income,2021,Other,90.0,1252633051.0,1391814501,,World Bank (IT.NET.USER.ZS),
High income,2022,Other,91.0,1272181552.0,1398001706,,World Bank (IT.NET.USER.ZS),
High income,2023,Other,91.9,1294126779.0,1408190184,,World Bank (IT.NET.USER.ZS),
Honduras,2000,Other,1.2,79187.0,6577773,,World Bank (IT.NET.USER.ZS),
Honduras,2001,Other,1.42,95645.0,6757993,,World Bank (IT.NET.USER.ZS),
Honduras,2002,Other,2.6,180230.0,6938859,,World Bank (IT.NET.USER.ZS),
Honduras,2003,Other,4.8,341722.0,7119213,,World Bank (IT.NET.USER.ZS),
Honduras,2004,Other,5.6,408744.0,7298994,,World Bank (IT.NET.USER.ZS),
Honduras,2005,Other,6.5,486093.0,7478355,,World Bank (IT.NET.USER.ZS),
Honduras,2006,Other,7.8,597233.0,7656832,,World Bank (IT.NET.USER.ZS),
Honduras,2007,Other,9.4,736471.0,7834798,,World Bank (IT.NET.USER.ZS),
Honduras,2008,Other,9.6,769208.0,8012587,,World Bank (IT.NET.USER.ZS),
Honduras,2009,Other,9.8,802610.0,8189899,,World Bank (IT.NET.USER.ZS),
Honduras,2010,Other,11.09,927776.0,8365878,,World Bank (IT.NET.USER.ZS),
Honduras,2011,Other,15.9,1357953.0,8540583,,World Bank (IT.NET.USER.ZS),
Honduras,2012,Other,18.12,1579172.0,8715076,,World Bank (IT.NET.USER.ZS),
Honduras,2013,Other,17.8,1582291.0,8889278,,World Bank (IT.NET.USER.ZS),
Honduras,2014,Other,23.0,2084518.0,9063122,,World Bank (IT.NET.USER.ZS),
Honduras,2015,Other,27.14,2506963.0,9237305,,World Bank (IT.NET.USER.ZS),
Honduras,2016,Other,29.53,2779308.0,9412380,,World Bank (IT.NET.USER.ZS),
Honduras,2017,Other,31.74,3042871.0,9588137,,World Bank (IT.NET.USER.ZS),
Honduras,2018,Other,36.04,3519388.0,9765210,,World Bank (IT.NET.USER.ZS),
Honduras,2019,Other,39.39,3916633.0,9943633,,World Bank (IT.NET.USER.ZS),
Honduras,2020,Other,45.25,4578965.0,10119640,,World Bank (IT.NET.USER.ZS),
Honduras,2021,Other,51.95,5345756.0,10289877,,World Bank (IT.NET.USER.ZS),
Honduras,2022,Other,56.88,5951924.0,10463872,,World Bank (IT.NET.USER.ZS),
Honduras,2023,Other,58.07,6181316.0,10644851,,World Bank (IT.NET.USER.ZS),
"Hong Kong SAR, China",2000,Other,27.83,1854720.0,6665000,,World Bank (IT.NET.USER.ZS),
"Hong Kong SAR, China",2001,Other,38.67,2596514.0,6714300,,World Bank (IT.NET.USER.ZS),
"Hong Kong SAR, China",2002,Other,43.08,2905519.0,6744100,,World Bank (IT.NET.USER.ZS),
"Hong Kong SAR, China",2003,Other,52.2,3513481.0,6730800,,World Bank (IT.NET.USER.ZS),
"Hong Kong SAR, China",2004,Other,56.4,3825886.0,6783500,,World Bank (IT.NET.USER.ZS),
"Hong Kong SAR, China",2005,Other,56.9,3876711.0,6813200,,World Bank (IT.NET.USER.ZS),
"Hong Kong SAR, China",2006,Other,60.8,4169117.0,6857100,,World Bank (IT.NET.USER.ZS),
"Hong Kong SAR, China",2007,Other,64.8,4481762.0,6916300,,World Bank (IT.NET.USER.ZS),
"Hong Kong SAR, China",2008,Other,66.7,4640853.0,6957800,,World Bank (IT.NET.USER.ZS),
"Hong Kong SAR, China",2009,Other,69.4,4839123.0,6972800,,World Bank (IT.NET.USER.ZS),
"Hong Kong SAR, China",2010,Other,72.0,5057424.0,7024200,,World Bank (IT.NET.USER.ZS),
"Hong Kong SAR, China",2011,Other,72.2,5105695.0,7071600,,World Bank (IT.NET.USER.ZS),
"Hong Kong SAR, China",2012,Other,72.9,5212423.0,7150100,,World Bank (IT.NET.USER.ZS),
"Hong Kong SAR, China",2013,Other,74.2,5326744.0,7178900,,World Bank (IT.NET.USER.ZS),
"Hong Kong SAR, China",2014,Other,79.87,5773932.0,7229500,,World Bank (IT.NET.USER.ZS),
"Hong Kong SAR, China",2015,Other,84.95,6193839.0,7291300,,World Bank (IT.NET.USER.ZS),
"Hong Kong SAR, China",2016,Other,87.48,6418015.0,7336600,,World Bank (IT.NET.USER.ZS),
"Hong Kong SAR, China",2017,Other,89.42,6610700.0,7393200,,World Bank (IT.NET.USER.ZS),
"Hong Kong SAR, China",2018,Other,90.51,6745154.0,7452600,,World Bank (IT.NET.USER.ZS),
"Hong Kong SAR, China",2019,Other,91.74,6888003.0,7507900,,World Bank (IT.NET.USER.ZS),
"Hong Kong SAR, China",2020,Other,92.41,6913427.0,7481000,,World Bank (IT.NET.USER.ZS),
"Hong Kong SAR, China",2021,Other,93.09,6900644.0,7413100,,World Bank (IT.NET.USER.ZS),
"Hong Kong SAR, China",2022,Other,95.61,7023869.0,7346100,,World Bank (IT.NET.USER.ZS),
"Hong Kong SAR, China",2023,Other,95.98,7232984.0,7536100,,World Bank (IT.NET.USER.ZS),
Hungary,2000,Other,7.0,714735.0,10210971,,World Bank (IT.NET.USER.ZS),
Hungary,2001,Other,14.53,1480108.0,10187576,,World Bank (IT.NET.USER.ZS),
Hungary,2002,Other,16.67,1693440.0,10158608,,World Bank (IT.NET.USER.ZS),
Hungary,2003,Other,21.63,2191022.0,10129552,,World Bank (IT.NET.USER.ZS),
Hungary,2004,Other,27.74,2803722.0,10107146,,World Bank (IT.NET.USER.ZS),
Hungary,2005,Other,38.97,3930929.0,10087065,,World Bank (IT.NET.USER.ZS),
Hungary,2006,Other,47.06,4739587.0,10071370,,World Bank (IT.NET.USER.ZS),
Hungary,2007,Other,53.3,5359731.0,10055780,,World Bank (IT.NET.USER.ZS),
Hungary,2008,Other,61.0,6123295.0,10038188,,World Bank (IT.NET.USER.ZS),
Hungary,2009,Other,62.0,6214043.0,10022650,,World Bank (IT.NET.USER.ZS),
Hungary,2010,Other,65.0,6500015.0,10000023,,World Bank (IT.NET.USER.ZS),
Hungary,2011,Other,68.02,6782767.0,9971727,,World Bank (IT.NET.USER.ZS),
Hungary,2012,Other,70.58,7001791.0,9920362,,World Bank (IT.NET.USER.ZS),
Hungary,2013,Other,72.64,7171939.0,9872734,,World Bank (IT.NET.USER.ZS),
Hungary,2014,Other,75.65,7439008.0,9833038,,World Bank (IT.NET.USER.ZS),
Hungary,2015,Other,72.83,7136169.0,9797755,,World Bank (IT.NET.USER.ZS),
Hungary,2016,Other,79.26,7735524.0,9759755,,World Bank (IT.NET.USER.ZS),
Hungary,2017,Other,76.75,7465338.0,9726756,,World Bank (IT.NET.USER.ZS),
Hungary,2018,Other,76.07,7384511.0,9706964,,World Bank (IT.NET.USER.ZS),
Hungary,2019,Other,80.37,7791894.0,9694824,,World Bank (IT.NET.USER.ZS),
Hungary,2020,Other,84.77,8197726.0,9670419,,World Bank (IT.NET.USER.ZS),
Hungary,2021,Other,88.64,8536939.0,9630932,,World Bank (IT.NET.USER.ZS),
Hungary,2022,Other,89.14,8562234.0,9605074,,World Bank (IT.NET.USER.ZS),
Hungary,2023,Other,91.45,8772061.0,9592186,,World Bank (IT.NET.USER.ZS),
IBRD only,2005,Other,8.7,366625147.0,4214082145,,World Bank (IT.NET.USER.ZS),
IBRD only,2006,Other,10.5,447176841.0,4258827055,,World Bank (IT.NET.USER.ZS),
IBRD only,2007,Other,13.7,589383254.0,4302067550,,World Bank (IT.NET.USER.ZS),
IBRD only,2008,Other,17.1,743206016.0,4346234014,,World Bank (IT.NET.USER.ZS),
IBRD only,2009,Other,20.7,909017632.0,4391389527,,World Bank (IT.NET.USER.ZS),
IBRD only,2010,Other,25.0,1109178737.0,4436714947,,World Bank (IT.NET.USER.ZS),
IBRD only,2011,Other,28.5,1277698499.0,4483152627,,World Bank (IT.NET.USER.ZS),
IBRD only,2012,Other,31.5,1427611684.0,4532100585,,World Bank (IT.NET.USER.ZS),
IBRD only,2013,Other,34.0,1557865909.0,4581958556,,World Bank (IT.NET.USER.ZS),
IBRD only,2014,Other,36.4,1685541268.0,4630607878,,World Bank (IT.NET.USER.ZS),
IBRD only,2015,Other,39.1,1828618458.0,4676773551,,World Bank (IT.NET.USER.ZS),
IBRD only,2016,Other,43.2,2039716931.0,4721566970,,World Bank (IT.NET.USER.ZS),
IBRD only,2017,Other,46.6,2220850410.0,4765773411,,World Bank (IT.NET.USER.ZS),
IBRD only,2018,Other,50.3,2417911855.0,4806981820,,World Bank (IT.NET.USER.ZS),
IBRD only,2019,Other,56.3,2727777239.0,4845075024,,World Bank (IT.NET.USER.ZS),
IBRD only,2020,Other,65.4,3190406059.0,4878296727,,World Bank (IT.NET.USER.ZS),
IBRD only,2021,Other,70.3,3448364399.0,4905212516,,World Bank (IT.NET.USER.ZS),
IBRD only,2022,Other,74.4,3666578047.0,4928196300,,World Bank (IT.NET.USER.ZS),
IBRD only,2023,Other,77.3,3828060023.0,4952212190,,World Bank (IT.NET.USER.ZS),
IDA & IBRD total,2005,Other,7.2,395458634.0,5492481030,,World Bank (IT.NET.USER.ZS),
IDA & IBRD total,2006,Other,8.7,484436563.0,5568236362,,World Bank (IT.NET.USER.ZS),
IDA & IBRD total,2007,Other,11.3,637716169.0,5643505923,,World Bank (IT.NET.USER.ZS),
IDA & IBRD total,2008,Other,14.0,800809227.0,5720065907,,World Bank (IT.NET.USER.ZS),
IDA & IBRD total,2009,Other,16.9,979861054.0,5797994405,,World Bank (IT.NET.USER.ZS),
IDA & IBRD total,2010,Other,20.3,1192959053.0,5876645582,,World Bank (IT.NET.USER.ZS),
IDA & IBRD total,2011,Other,23.2,1381958806.0,5956718993,,World Bank (IT.NET.USER.ZS),
IDA & IBRD total,2012,Other,25.7,1552012346.0,6038958543,,World Bank (IT.NET.USER.ZS),
IDA & IBRD total,2013,Other,27.8,1701487015.0,6120456890,,World Bank (IT.NET.USER.ZS),
IDA & IBRD total,2014,Other,30.1,1866683941.0,6201607778,,World Bank (IT.NET.USER.ZS),
IDA & IBRD total,2015,Other,32.8,2060155480.0,6280961830,,World Bank (IT.NET.USER.ZS),
IDA & IBRD total,2016,Other,36.4,2315095933.0,6360153661,,World Bank (IT.NET.USER.ZS),
IDA & IBRD total,2017,Other,39.5,2543804669.0,6440011821,,World Bank (IT.NET.USER.ZS),
IDA & IBRD total,2018,Other,42.9,2796247034.0,6518058354,,World Bank (IT.NET.USER.ZS),
IDA & IBRD total,2019,Other,47.8,3152035464.0,6594216452,,World Bank (IT.NET.USER.ZS),
IDA & IBRD total,2020,Other,55.1,3673225164.0,6666470352,,World Bank (IT.NET.USER.ZS),
IDA & IBRD total,2021,Other,59.3,3992462064.0,6732651035,,World Bank (IT.NET.USER.ZS),
IDA & IBRD total,2022,Other,63.0,4280676366.0,6794724390,,World Bank (IT.NET.USER.ZS),
IDA & IBRD total,2023,Other,65.5,4492331590.0,6858521511,,World Bank (IT.NET.USER.ZS),
IDA blend,2005,Other,4.4,19673850.0,447132945,,World Bank (IT.NET.USER.ZS),
IDA blend,2006,Other,5.4,24753300.0,458394453,,World Bank (IT.NET.USER.ZS),
IDA blend,2007,Other,6.1,28699068.0,470476526,,World Bank (IT.NET.USER.ZS),
IDA blend,2008,Other,6.8,32842360.0,482975881,,World Bank (IT.NET.USER.ZS),
IDA blend,2009,Other,7.7,38162014.0,495610570,,World Bank (IT.NET.USER.ZS),
IDA blend,2010,Other,9.1,46266448.0,508422508,,World Bank (IT.NET.USER.ZS),
IDA blend,2011,Other,10.3,53661398.0,520984443,,World Bank (IT.NET.USER.ZS),
IDA blend,2012,Other,11.8,62891661.0,532980174,,World Bank (IT.NET.USER.ZS),
IDA blend,2013,Other,13.9,75677528.0,544442648,,World Bank (IT.NET.USER.ZS),
IDA blend,2014,Other,16.1,89494837.0,555868551,,World Bank (IT.NET.USER.ZS),
IDA blend,2015,Other,19.0,107774471.0,567234056,,World Bank (IT.NET.USER.ZS),
IDA blend,2016,Other,20.6,119163516.0,578463670,,World Bank (IT.NET.USER.ZS),
IDA blend,2017,Other,22.3,131575369.0,590024074,,World Bank (IT.NET.USER.ZS),
IDA blend,2018,Other,24.1,145070411.0,601951913,,World Bank (IT.NET.USER.ZS),
IDA blend,2019,Other,26.9,165170659.0,614017319,,World Bank (IT.NET.USER.ZS),
IDA blend,2020,Other,28.7,179788368.0,626440308,,World Bank (IT.NET.USER.ZS),
IDA blend,2021,Other,32.4,207099607.0,639196319,,World Bank (IT.NET.USER.ZS),
IDA blend,2022,Other,36.5,237942010.0,651895919,,World Bank (IT.NET.USER.ZS),
IDA blend,2023,Other,38.3,254463627.0,664395892,,World Bank (IT.NET.USER.ZS),
IDA only,2005,Other,1.0,8312659.0,831265940,,World Bank (IT.NET.USER.ZS),
IDA only,2006,Other,1.5,12765223.0,851014854,,World Bank (IT.NET.USER.ZS),
IDA only,2007,Other,2.3,20032122.0,870961847,,World Bank (IT.NET.USER.ZS),
IDA only,2008,Other,2.8,24943968.0,890856012,,World Bank (IT.NET.USER.ZS),
IDA only,2009,Other,3.4,30973806.0,910994308,,World Bank (IT.NET.USER.ZS),
IDA only,2010,Other,4.2,39123341.0,931508127,,World Bank (IT.NET.USER.ZS),
IDA only,2011,Other,5.0,47629096.0,952581923,,World Bank (IT.NET.USER.ZS),
IDA only,2012,Other,5.8,56484911.0,973877784,,World Bank (IT.NET.USER.ZS),
IDA only,2013,Other,6.9,68589842.0,994055686,,World Bank (IT.NET.USER.ZS),
IDA only,2014,Other,9.0,91361821.0,1015131349,,World Bank (IT.NET.USER.ZS),
IDA only,2015,Other,11.6,120286690.0,1036954223,,World Bank (IT.NET.USER.ZS),
IDA only,2016,Other,14.9,157958330.0,1060123021,,World Bank (IT.NET.USER.ZS),
IDA only,2017,Other,17.5,189737509.0,1084214336,,World Bank (IT.NET.USER.ZS),
IDA only,2018,Other,20.9,231807046.0,1109124621,,World Bank (IT.NET.USER.ZS),
IDA only,2019,Other,22.8,258808297.0,1135124109,,World Bank (IT.NET.USER.ZS),
IDA only,2020,Other,26.0,302050662.0,1161733317,,World Bank (IT.NET.USER.ZS),
IDA only,2021,Other,28.4,337460785.0,1188242200,,World Bank (IT.NET.USER.ZS),
IDA only,2022,Other,30.7,372892076.0,1214632171,,World Bank (IT.NET.USER.ZS),
IDA only,2023,Other,32.5,403621864.0,1241913429,,World Bank (IT.NET.USER.ZS),
IDA total,2005,Other,2.2,28124775.0,1278398885,,World Bank (IT.NET.USER.ZS),
IDA total,2006,Other,2.8,36663461.0,1309409307,,World Bank (IT.NET.USER.ZS),
IDA total,2007,Other,3.7,49633220.0,1341438373,,World Bank (IT.NET.USER.ZS),
IDA total,2008,Other,4.2,57700940.0,1373831893,,World Bank (IT.NET.USER.ZS),
IDA total,2009,Other,4.9,68923639.0,1406604878,,World Bank (IT.NET.USER.ZS),
IDA total,2010,Other,5.9,84955907.0,1439930635,,World Bank (IT.NET.USER.ZS),
IDA total,2011,Other,6.8,100202513.0,1473566366,,World Bank (IT.NET.USER.ZS),
IDA total,2012,Other,7.9,119041779.0,1506857958,,World Bank (IT.NET.USER.ZS),
IDA total,2013,Other,9.4,144618843.0,1538498334,,World Bank (IT.NET.USER.ZS),
IDA total,2014,Other,11.6,182235988.0,1570999900,,World Bank (IT.NET.USER.ZS),
IDA total,2015,Other,14.2,227794736.0,1604188279,,World Bank (IT.NET.USER.ZS),
IDA total,2016,Other,16.9,276921151.0,1638586691,,World Bank (IT.NET.USER.ZS),
IDA total,2017,Other,19.2,321453775.0,1674238410,,World Bank (IT.NET.USER.ZS),
IDA total,2018,Other,22.0,376436837.0,1711076534,,World Bank (IT.NET.USER.ZS),
IDA total,2019,Other,24.2,423292226.0,1749141428,,World Bank (IT.NET.USER.ZS),
IDA total,2020,Other,27.0,482806879.0,1788173625,,World Bank (IT.NET.USER.ZS),
IDA total,2021,Other,29.8,544576679.0,1827438519,,World Bank (IT.NET.USER.ZS),
IDA total,2022,Other,32.8,612221214.0,1866528090,,World Bank (IT.NET.USER.ZS),
IDA total,2023,Other,34.5,657676716.0,1906309321,,World Bank (IT.NET.USER.ZS),
Iceland,2000,Other,44.47,125053.0,281205,,World Bank (IT.NET.USER.ZS),
Iceland,2001,Other,49.39,140754.0,284968,,World Bank (IT.NET.USER.ZS),
Iceland,2002,Other,79.12,227488.0,287523,,World Bank (IT.NET.USER.ZS),
Iceland,2003,Other,83.14,240708.0,289521,,World Bank (IT.NET.USER.ZS),
Iceland,2004,Other,83.88,244992.0,292074,,World Bank (IT.NET.USER.ZS),
Iceland,2005,Other,87.0,258159.0,296734,,World Bank (IT.NET.USER.ZS),
Iceland,2006,Other,89.51,271915.0,303782,,World Bank (IT.NET.USER.ZS),
Iceland,2007,Other,90.6,282279.0,311566,,World Bank (IT.NET.USER.ZS),
Iceland,2008,Other,91.0,288847.0,317414,,World Bank (IT.NET.USER.ZS),
Iceland,2009,Other,93.0,296204.0,318499,,World Bank (IT.NET.USER.ZS),
Iceland,2010,Other,93.39,297018.0,318041,,World Bank (IT.NET.USER.ZS),
Iceland,2011,Other,94.82,302488.0,319014,,World Bank (IT.NET.USER.ZS),
Iceland,2012,Other,96.21,308560.0,320716,,World Bank (IT.NET.USER.ZS),
Iceland,2013,Other,96.55,312584.0,323764,,World Bank (IT.NET.USER.ZS),
Iceland,2014,Other,98.16,321356.0,327386,,World Bank (IT.NET.USER.ZS),
Iceland,2015,Other,98.2,324860.0,330815,,World Bank (IT.NET.USER.ZS),
Iceland,2016,Other,98.24,329535.0,335439,,World Bank (IT.NET.USER.ZS),
Iceland,2017,Other,98.26,337408.0,343400,,World Bank (IT.NET.USER.ZS),
Iceland,2018,Other,99.01,349232.0,352721,,World Bank (IT.NET.USER.ZS),
Iceland,2019,Other,99.5,358778.0,360563,,World Bank (IT.NET.USER.ZS),
Iceland,2020,Other,99.53,364751.0,366463,,World Bank (IT.NET.USER.ZS),
Iceland,2021,Other,99.69,371354.0,372520,,World Bank (IT.NET.USER.ZS),
Iceland,2022,Other,97.58,372772.0,382003,,World Bank (IT.NET.USER.ZS),
Iceland,2023,Other,97.95,377752.0,385663,,World Bank (IT.NET.USER.ZS),
India,2000,Asia,0.53,5580886.0,1057922733,,World Bank (IT.NET.USER.ZS),
India,2001,Asia,0.66,7115708.0,1077898575,,World Bank (IT.NET.USER.ZS),
India,2002,Asia,1.54,16879728.0,1097600380,,World Bank (IT.NET.USER.ZS),
India,2003,Asia,1.69,18834771.0,1116803006,,World Bank (IT.NET.USER.ZS),
India,2004,Asia,1.98,22448743.0,1135991513,,World Bank (IT.NET.USER.ZS),
India,2005,Asia,2.39,27574824.0,1154676322,,World Bank (IT.NET.USER.ZS),
India,2006,Asia,2.81,32905116.0,1172878890,,World Bank (IT.NET.USER.ZS),
India,2007,Asia,3.95,47031703.0,1190676021,,World Bank (IT.NET.USER.ZS),
India,2008,Asia,4.38,52907376.0,1207930964,,World Bank (IT.NET.USER.ZS),
India,2009,Asia,5.12,62746867.0,1225524753,,World Bank (IT.NET.USER.ZS),
India,2010,Asia,7.5,93261117.0,1243481564,,World Bank (IT.NET.USER.ZS),
India,2011,Asia,10.07,127005353.0,1261224954,,World Bank (IT.NET.USER.ZS),
India,2012,Asia,11.1,141932875.0,1278674502,,World Bank (IT.NET.USER.ZS),
India,2013,Asia,12.3,159387032.0,1295829511,,World Bank (IT.NET.USER.ZS),
India,2014,Asia,13.5,177157421.0,1312277191,,World Bank (IT.NET.USER.ZS),
India,2015,Asia,14.9,197875645.0,1328024498,,World Bank (IT.NET.USER.ZS),
India,2016,Asia,16.5,221750809.0,1343944296,,World Bank (IT.NET.USER.ZS),
India,2017,Asia,18.2,247457657.0,1359657400,,World Bank (IT.NET.USER.ZS),
India,2018,Asia,20.08,276049411.0,1374659064,,World Bank (IT.NET.USER.ZS),
India,2019,Asia,29.52,410090370.0,1389030312,,World Bank (IT.NET.USER.ZS),
India,2020,Asia,43.41,608812426.0,1402617695,,World Bank (IT.NET.USER.ZS),
India,2021,Asia,49.26,696609949.0,1414203896,,World Bank (IT.NET.USER.ZS),
India,2022,Asia,55.9,796811576.0,1425423212,,World Bank (IT.NET.USER.ZS),
India,2023,Asia,60.25,866470011.0,1438069596,44.2,World Bank (IT.NET.USER.ZS),DataReportal 2023
Indonesia,2000,Asia,0.93,1999938.0,216077790,,World Bank (IT.NET.USER.ZS),
Indonesia,2001,Asia,2.02,4422741.0,219097902,,World Bank (IT.NET.USER.ZS),
Indonesia,2002,Asia,2.13,4739670.0,222088495,,World Bank (IT.NET.USER.ZS),
Indonesia,2003,Asia,2.39,5371940.0,225048008,,World Bank (IT.NET.USER.ZS),
Indonesia,2004,Asia,2.6,5926744.0,227926649,,World Bank (IT.NET.USER.ZS),
Indonesia,2005,Asia,3.6,8316054.0,230871650,,World Bank (IT.NET.USER.ZS),
Indonesia,2006,Asia,4.76,11147359.0,233951652,,World Bank (IT.NET.USER.ZS),
Indonesia,2007,Asia,5.79,13717078.0,237062337,,World Bank (IT.NET.USER.ZS),
Indonesia,2008,Asia,7.92,19014502.0,240157903,,World Bank (IT.NET.USER.ZS),
Indonesia,2009,Asia,6.92,16830826.0,243220028,,World Bank (IT.NET.USER.ZS),
Indonesia,2010,Asia,10.92,26896541.0,246305322,,World Bank (IT.NET.USER.ZS),
Indonesia,2011,Asia,12.28,30634920.0,249470032,,World Bank (IT.NET.USER.ZS),
Indonesia,2012,Asia,14.52,36691826.0,252698525,,World Bank (IT.NET.USER.ZS),
Indonesia,2013,Asia,14.94,38224359.0,255852467,,World Bank (IT.NET.USER.ZS),
Indonesia,2014,Asia,17.14,44379766.0,258877399,,World Bank (IT.NET.USER.ZS),
Indonesia,2015,Asia,22.06,57760094.0,261799249,,World Bank (IT.NET.USER.ZS),
Indonesia,2016,Asia,25.45,67340675.0,264627418,,World Bank (IT.NET.USER.ZS),
Indonesia,2017,Asia,32.34,86448697.0,267346658,,World Bank (IT.NET.USER.ZS),
Indonesia,2018,Asia,39.9,107723309.0,269951846,,World Bank (IT.NET.USER.ZS),
Indonesia,2019,Asia,47.69,129951954.0,272489381,,World Bank (IT.NET.USER.ZS),
Indonesia,2020,Asia,53.73,147648394.0,274814866,,World Bank (IT.NET.USER.ZS),
Indonesia,2021,Asia,62.1,171879145.0,276758053,,World Bank (IT.NET.USER.ZS),
Indonesia,2022,Asia,66.48,185379397.0,278830529,,World Bank (IT.NET.USER.ZS),
Indonesia,2023,Asia,69.21,194607049.0,281190067,60.4,World Bank (IT.NET.USER.ZS),DataReportal 2023
"Iran, Islamic Rep.",2000,Other,0.93,620476.0,66418659,,World Bank (IT.NET.USER.ZS),
"Iran, Islamic Rep.",2001,Other,1.48,1001137.0,67452005,,World Bank (IT.NET.USER.ZS),
"Iran, Islamic Rep.",2002,Other,4.63,3146323.0,68011317,,World Bank (IT.NET.USER.ZS),
"Iran, Islamic Rep.",2003,Other,6.93,4768275.0,68769340,,World Bank (IT.NET.USER.ZS),
"Iran, Islamic Rep.",2004,Other,7.49,5262198.0,70256316,,World Bank (IT.NET.USER.ZS),
"Iran, Islamic Rep.",2005,Other,8.1,5818105.0,71828455,,World Bank (IT.NET.USER.ZS),
"Iran, Islamic Rep.",2006,Other,8.76,6429205.0,73392747,,World Bank (IT.NET.USER.ZS),
"Iran, Islamic Rep.",2007,Other,9.47,7064871.0,74602648,,World Bank (IT.NET.USER.ZS),
"Iran, Islamic Rep.",2008,Other,12.02,9076807.0,75514204,,World Bank (IT.NET.USER.ZS),
"Iran, Islamic Rep.",2009,Other,13.8,10551180.0,76457825,,World Bank (IT.NET.USER.ZS),
"Iran, Islamic Rep.",2010,Other,15.9,12309914.0,77420842,,World Bank (IT.NET.USER.ZS),
"Iran, Islamic Rep.",2011,Other,19.0,14892884.0,78383598,,World Bank (IT.NET.USER.ZS),
"Iran, Islamic Rep.",2012,Other,22.73,18040933.0,79370580,,World Bank (IT.NET.USER.ZS),
"Iran, Islamic Rep.",2013,Other,29.95,24084198.0,80414686,,World Bank (IT.NET.USER.ZS),
"Iran, Islamic Rep.",2014,Other,39.35,32074001.0,81502045,,World Bank (IT.NET.USER.ZS),
"Iran, Islamic Rep.",2015,Other,45.33,37455468.0,82619362,,World Bank (IT.NET.USER.ZS),
"Iran, Islamic Rep.",2016,Other,53.23,44610543.0,83812228,,World Bank (IT.NET.USER.ZS),
"Iran, Islamic Rep.",2017,Other,64.04,54454512.0,85026754,,World Bank (IT.NET.USER.ZS),
"Iran, Islamic Rep.",2018,Other,70.2,60455321.0,86117998,,World Bank (IT.NET.USER.ZS),
"Iran, Islamic Rep.",2019,Other,72.45,63069707.0,87051648,,World Bank (IT.NET.USER.ZS),
"Iran, Islamic Rep.",2020,Other,75.57,66292489.0,87723443,,World Bank (IT.NET.USER.ZS),
"Iran, Islamic Rep.",2021,Other,78.6,69522242.0,88455488,,World Bank (IT.NET.USER.ZS),
"Iran, Islamic Rep.",2022,Other,81.72,73156080.0,89524246,,World Bank (IT.NET.USER.ZS),
"Iran, Islamic Rep.",2023,Other,83.71,75849004.0,90608707,,World Bank (IT.NET.USER.ZS),
Iraq,2001,Asia,0.1,25198.0,25197840,,World Bank (IT.NET.USER.ZS),
Iraq,2002,Asia,0.5,130033.0,26006559,,World Bank (IT.NET.USER.ZS),
Iraq,2003,Asia,0.6,160816.0,26802659,,World Bank (IT.NET.USER.ZS),
Iraq,2004,Asia,0.9,248201.0,27577878,,World Bank (IT.NET.USER.ZS),
Iraq,2005,Asia,0.9,255667.0,28407448,,World Bank (IT.NET.USER.ZS),
Iraq,2006,Asia,0.95,272528.0,28616515,,World Bank (IT.NET.USER.ZS),
Iraq,2007,Asia,0.93,264042.0,28391607,,World Bank (IT.NET.USER.ZS),
Iraq,2008,Asia,1.0,289710.0,28971036,,World Bank (IT.NET.USER.ZS),
Iraq,2009,Asia,1.06,318617.0,30058206,,World Bank (IT.NET.USER.ZS),
Iraq,2010,Asia,2.5,776134.0,31045366,,World Bank (IT.NET.USER.ZS),
Iraq,2011,Asia,5.0,1608071.0,32161424,,World Bank (IT.NET.USER.ZS),
Iraq,2012,Asia,7.1,2389494.0,33654842,,World Bank (IT.NET.USER.ZS),
Iraq,2013,Asia,9.2,3245943.0,35281989,,World Bank (IT.NET.USER.ZS),
Iraq,2014,Asia,11.65,4256374.0,36550059,,World Bank (IT.NET.USER.ZS),
Iraq,2015,Asia,15.21,5714610.0,37560535,,World Bank (IT.NET.USER.ZS),
Iraq,2016,Asia,19.88,7646684.0,38469627,,World Bank (IT.NET.USER.ZS),
Iraq,2017,Asia,25.97,10215596.0,39337353,,World Bank (IT.NET.USER.ZS),
Iraq,2018,Asia,33.93,13661361.0,40265624,,World Bank (IT.NET.USER.ZS),
Iraq,2019,Asia,44.33,18258984.0,41192171,,World Bank (IT.NET.USER.ZS),
Iraq,2020,Asia,53.68,22607267.0,42116605,,World Bank (IT.NET.USER.ZS),
Iraq,2021,Asia,65.0,27997234.0,43071211,,World Bank (IT.NET.USER.ZS),
Iraq,2022,Asia,78.72,34690403.0,44070551,,World Bank (IT.NET.USER.ZS),
Iraq,2023,Asia,81.81,36874583.0,45074049,46.7,World Bank (IT.NET.USER.ZS),DataReportal 2023
Ireland,2000,Other,17.85,679241.0,3805174,,World Bank (IT.NET.USER.ZS),
Ireland,2001,Other,23.14,894603.0,3866243,,World Bank (IT.NET.USER.ZS),
Ireland,2002,Other,25.85,1016408.0,3931947,,World Bank (IT.NET.USER.ZS),
Ireland,2003,Other,34.31,1371206.0,3996521,,World Bank (IT.NET.USER.ZS),
Ireland,2004,Other,36.99,1505590.0,4070262,,World Bank (IT.NET.USER.ZS),
Ireland,2005,Other,41.61,1730940.0,4159914,,World Bank (IT.NET.USER.ZS),
Ireland,2006,Other,54.82,2342783.0,4273591,,World Bank (IT.NET.USER.ZS),
Ireland,2007,Other,61.16,2690319.0,4398942,,World Bank (IT.NET.USER.ZS),
Ireland,2008,Other,65.34,2933468.0,4489544,,World Bank (IT.NET.USER.ZS),
Ireland,2009,Other,67.38,3055936.0,4535375,,World Bank (IT.NET.USER.ZS),
Ireland,2010,Other,69.85,3185268.0,4560155,,World Bank (IT.NET.USER.ZS),
Ireland,2011,Other,74.89,3430024.0,4580084,,World Bank (IT.NET.USER.ZS),
Ireland,2012,Other,76.92,3537960.0,4599533,,World Bank (IT.NET.USER.ZS),
Ireland,2013,Other,78.25,3618030.0,4623816,,World Bank (IT.NET.USER.ZS),
Ireland,2014,Other,83.49,3888827.0,4657740,,World Bank (IT.NET.USER.ZS),
Ireland,2015,Other,83.49,3925889.0,4701957,,World Bank (IT.NET.USER.ZS),
Ireland,2016,Other,83.5,3976873.0,4762722,,World Bank (IT.NET.USER.ZS),
Ireland,2017,Other,84.11,4060557.0,4827445,,World Bank (IT.NET.USER.ZS),
Ireland,2018,Other,87.0,4261286.0,4898022,,World Bank (IT.NET.USER.ZS),
Ireland,2019,Other,87.0,4329519.0,4976456,,World Bank (IT.NET.USER.ZS),
Ireland,2020,Other,92.0,4636562.0,5039747,,World Bank (IT.NET.USER.ZS),
Ireland,2021,Other,93.51,4778709.0,5110585,,World Bank (IT.NET.USER.ZS),
Ireland,2022,Other,95.04,4954118.0,5212836,,World Bank (IT.NET.USER.ZS),
Ireland,2023,Other,96.87,5145080.0,5311538,,World Bank (IT.NET.USER.ZS),
Israel,2000,Asia,20.87,1312753.0,6289000,,World Bank (IT.NET.USER.ZS),
Israel,2001,Asia,17.38,1119010.0,6439000,,World Bank (IT.NET.USER.ZS),
Israel,2002,Asia,17.76,1167134.0,6570000,,World Bank (IT.NET.USER.ZS),
Israel,2003,Asia,19.59,1310739.0,6689700,,World Bank (IT.NET.USER.ZS),
Israel,2004,Asia,22.77,1550442.0,6809000,,World Bank (IT.NET.USER.ZS),
Israel,2005,Asia,25.19,1745969.0,6930100,,World Bank (IT.NET.USER.ZS),
Israel,2006,Asia,27.88,1966649.0,7053700,,World Bank (IT.NET.USER.ZS),
Israel,2007,Asia,48.13,3455643.0,7180100,,World Bank (IT.NET.USER.ZS),
Israel,2008,Asia,59.39,4340696.0,7308800,,World Bank (IT.NET.USER.ZS),
Israel,2009,Asia,63.12,4724911.0,7485600,,World Bank (IT.NET.USER.ZS),
Israel,2010,Asia,67.5,5145930.0,7623600,,World Bank (IT.NET.USER.ZS),
Israel,2011,Asia,68.87,5348608.0,7765800,,World Bank (IT.NET.USER.ZS),
Israel,2012,Asia,70.8,5600634.0,7910500,,World Bank (IT.NET.USER.ZS),
Israel,2013,Asia,70.25,5661824.0,8059500,,World Bank (IT.NET.USER.ZS),
Israel,2014,Asia,75.02,6163234.0,8215700,,World Bank (IT.NET.USER.ZS),
Israel,2015,Asia,77.35,6482182.0,8380100,,World Bank (IT.NET.USER.ZS),
Israel,2016,Asia,79.65,6807156.0,8546000,,World Bank (IT.NET.USER.ZS),
Israel,2017,Asia,81.58,7108413.0,8713300,,World Bank (IT.NET.USER.ZS),
Israel,2018,Asia,83.73,7437849.0,8882800,,World Bank (IT.NET.USER.ZS),
Israel,2019,Asia,86.79,7857774.0,9054000,,World Bank (IT.NET.USER.ZS),
Israel,2020,Asia,90.13,8305325.0,9215100,,World Bank (IT.NET.USER.ZS),
Israel,2021,Asia,90.3,8462083.0,9371400,,World Bank (IT.NET.USER.ZS),
Israel,2022,Asia,91.85,8778640.0,9557500,,World Bank (IT.NET.USER.ZS),
Israel,2023,Asia,87.04,8572415.0,9849000,79.8,World Bank (IT.NET.USER.ZS),DataReportal 2023
Italy,2000,Europe,23.11,13159819.0,56942108,,World Bank (IT.NET.USER.ZS),
Italy,2001,Europe,27.22,15510340.0,56976981,,World Bank (IT.NET.USER.ZS),
Italy,2002,Europe,28.04,16007987.0,57089824,,World Bank (IT.NET.USER.ZS),
Italy,2003,Europe,29.04,16668723.0,57399184,,World Bank (IT.NET.USER.ZS),
Italy,2004,Europe,33.24,19222087.0,57828179,,World Bank (IT.NET.USER.ZS),
Italy,2005,Europe,35.0,20358339.0,58166682,,World Bank (IT.NET.USER.ZS),
Italy,2006,Europe,37.99,22186107.0,58399861,,World Bank (IT.NET.USER.ZS),
Italy,2007,Europe,40.79,23966673.0,58756247,,World Bank (IT.NET.USER.ZS),
Italy,2008,Europe,44.53,26366739.0,59211181,,World Bank (IT.NET.USER.ZS),
Italy,2009,Europe,48.83,29080928.0,59555454,,World Bank (IT.NET.USER.ZS),
Italy,2010,Europe,53.68,32111058.0,59819407,,World Bank (IT.NET.USER.ZS),
Italy,2011,Europe,54.39,32648598.0,60026841,,World Bank (IT.NET.USER.ZS),
Italy,2012,Europe,55.83,33604772.0,60191247,,World Bank (IT.NET.USER.ZS),
Italy,2013,Europe,58.46,35257747.0,60311613,,World Bank (IT.NET.USER.ZS),
Italy,2014,Europe,55.64,33561513.0,60320707,,World Bank (IT.NET.USER.ZS),
Italy,2015,Europe,58.14,35018537.0,60229605,,World Bank (IT.NET.USER.ZS),
Italy,2016,Europe,61.32,36865211.0,60115223,,World Bank (IT.NET.USER.ZS),
Italy,2017,Europe,63.08,37847829.0,60002252,,World Bank (IT.NET.USER.ZS),
Italy,2018,Europe,74.39,44742892.0,60148658,,World Bank (IT.NET.USER.ZS),
Italy,2019,Europe,67.85,40526606.0,59729081,,World Bank (IT.NET.USER.ZS),
Italy,2020,Europe,70.48,41894540.0,59438851,,World Bank (IT.NET.USER.ZS),
Italy,2021,Europe,74.86,44268470.0,59133173,,World Bank (IT.NET.USER.ZS),
Italy,2022,Europe,85.06,50197465.0,59013667,,World Bank (IT.NET.USER.ZS),
Italy,2023,Europe,87.03,51332683.0,58984216,75.1,World Bank (IT.NET.USER.ZS),DataReportal 2023
Jamaica,2000,Other,3.12,81254.0,2607826,,World Bank (IT.NET.USER.ZS),
Jamaica,2001,Other,3.86,101381.0,2624403,,World Bank (IT.NET.USER.ZS),
Jamaica,2002,Other,6.1,161075.0,2640572,,World Bank (IT.NET.USER.ZS),
Jamaica,2003,Other,7.8,207217.0,2656623,,World Bank (IT.NET.USER.ZS),
Jamaica,2004,Other,10.0,267222.0,2672225,,World Bank (IT.NET.USER.ZS),
Jamaica,2005,Other,12.8,343944.0,2687066,,World Bank (IT.NET.USER.ZS),
Jamaica,2006,Other,16.4,442959.0,2700968,,World Bank (IT.NET.USER.ZS),
Jamaica,2007,Other,21.1,572612.0,2713800,,World Bank (IT.NET.USER.ZS),
Jamaica,2008,Other,23.6,643250.0,2725635,,World Bank (IT.NET.USER.ZS),
Jamaica,2009,Other,24.3,665090.0,2736995,,World Bank (IT.NET.USER.ZS),
Jamaica,2010,Other,27.67,760529.0,2748568,,World Bank (IT.NET.USER.ZS),
Jamaica,2011,Other,37.44,1033491.0,2760494,,World Bank (IT.NET.USER.ZS),
Jamaica,2012,Other,33.79,936804.0,2772430,,World Bank (IT.NET.USER.ZS),
Jamaica,2013,Other,37.1,1032748.0,2783687,,World Bank (IT.NET.USER.ZS),
Jamaica,2014,Other,40.4,1128751.0,2793749,,World Bank (IT.NET.USER.ZS),
Jamaica,2015,Other,42.22,1183264.0,2802534,,World Bank (IT.NET.USER.ZS),
Jamaica,2016,Other,44.37,1246671.0,2809915,,World Bank (IT.NET.USER.ZS),
Jamaica,2017,Other,55.07,1550699.0,2815764,,World Bank (IT.NET.USER.ZS),
Jamaica,2018,Other,68.21,1923716.0,2820097,,World Bank (IT.NET.USER.ZS),
Jamaica,2019,Other,70.84,2000034.0,2823271,,World Bank (IT.NET.USER.ZS),
Jamaica,2020,Other,76.38,2162232.0,2830739,,World Bank (IT.NET.USER.ZS),
Jamaica,2021,Other,82.36,2337135.0,2837682,,World Bank (IT.NET.USER.ZS),
Jamaica,2022,Other,85.84,2437215.0,2839144,,World Bank (IT.NET.USER.ZS),
Jamaica,2023,Other,89.47,2540843.0,2839786,,World Bank (IT.NET.USER.ZS),
Japan,2000,Asia,29.99,38041155.0,126843000,,World Bank (IT.NET.USER.ZS),
Japan,2001,Asia,38.53,48993130.0,127149000,,World Bank (IT.NET.USER.ZS),
Japan,2002,Asia,46.59,59381980.0,127445000,,World Bank (IT.NET.USER.ZS),
Japan,2003,Asia,48.44,61860553.0,127718000,,World Bank (IT.NET.USER.ZS),
Japan,2004,Asia,62.39,79715108.0,127761000,,World Bank (IT.NET.USER.ZS),
Japan,2005,Asia,66.92,85507054.0,127773000,,World Bank (IT.NET.USER.ZS),
Japan,2006,Asia,68.69,87816866.0,127854000,,World Bank (IT.NET.USER.ZS),
Japan,2007,Asia,74.3,95104743.0,128001000,,World Bank (IT.NET.USER.ZS),
Japan,2008,Asia,75.4,96559502.0,128063000,,World Bank (IT.NET.USER.ZS),
Japan,2009,Asia,78.0,99876660.0,128047000,,World Bank (IT.NET.USER.ZS),
Japan,2010,Asia,78.21,100163547.0,128070000,,World Bank (IT.NET.USER.ZS),
Japan,2011,Asia,79.05,101057245.0,127833000,,World Bank (IT.NET.USER.ZS),
Japan,2012,Asia,79.5,101460460.0,127629000,,World Bank (IT.NET.USER.ZS),
Japan,2013,Asia,88.22,112431251.0,127445000,,World Bank (IT.NET.USER.ZS),
Japan,2014,Asia,89.11,113411613.0,127276000,,World Bank (IT.NET.USER.ZS),
Japan,2015,Asia,91.06,115772088.0,127141000,,World Bank (IT.NET.USER.ZS),
Japan,2016,Asia,93.18,118412875.0,127076000,,World Bank (IT.NET.USER.ZS),
Japan,2017,Asia,91.73,116467032.0,126972000,,World Bank (IT.NET.USER.ZS),
Japan,2018,Asia,88.75,112540135.0,126811000,,World Bank (IT.NET.USER.ZS),
Japan,2019,Asia,92.73,117427285.0,126633000,,World Bank (IT.NET.USER.ZS),
Japan,2020,Asia,90.22,113911990.0,126261000,,World Bank (IT.NET.USER.ZS),
Japan,2021,Asia,82.91,104207736.0,125681593,,World Bank (IT.NET.USER.ZS),
Japan,2022,Asia,84.92,106260434.0,125124989,,World Bank (IT.NET.USER.ZS),
Japan,2023,Asia,85.01,105851483.0,124516650,78.6,World Bank (IT.NET.USER.ZS),DataReportal 2023
Jordan,2000,Other,2.62,141314.0,5386945,,World Bank (IT.NET.USER.ZS),
Jordan,2001,Other,4.71,258763.0,5498894,,World Bank (IT.NET.USER.ZS),
Jordan,2002,Other,6.03,338398.0,5616066,,World Bank (IT.NET.USER.ZS),
Jordan,2003,Other,8.47,486103.0,5741828,,World Bank (IT.NET.USER.ZS),
Jordan,2004,Other,11.66,685774.0,5882061,,World Bank (IT.NET.USER.ZS),
Jordan,2005,Other,12.93,779800.0,6029587,,World Bank (IT.NET.USER.ZS),
Jordan,2006,Other,13.87,891290.0,6427371,,World Bank (IT.NET.USER.ZS),
Jordan,2007,Other,20.0,1365445.0,6827227,,World Bank (IT.NET.USER.ZS),
Jordan,2008,Other,23.0,1607669.0,6989866,,World Bank (IT.NET.USER.ZS),
Jordan,2009,Other,26.0,1856856.0,7141753,,World Bank (IT.NET.USER.ZS),
Jordan,2010,Other,27.2,1984796.0,7297043,,World Bank (IT.NET.USER.ZS),
Jordan,2011,Other,34.9,2610668.0,7480424,,World Bank (IT.NET.USER.ZS),
Jordan,2012,Other,37.0,2807237.0,7587127,,World Bank (IT.NET.USER.ZS),
Jordan,2013,Other,41.4,3308609.0,7991809,,World Bank (IT.NET.USER.ZS),
Jordan,2014,Other,46.2,4061770.0,8791710,,World Bank (IT.NET.USER.ZS),
Jordan,2015,Other,54.22,5175152.0,9544729,,World Bank (IT.NET.USER.ZS),
Jordan,2016,Other,56.15,5618575.0,10006367,,World Bank (IT.NET.USER.ZS),
Jordan,2017,Other,64.5,6601076.0,10234226,,World Bank (IT.NET.USER.ZS),
Jordan,2018,Other,65.2,6821424.0,10462306,,World Bank (IT.NET.USER.ZS),
Jordan,2019,Other,70.08,7479363.0,10671891,,World Bank (IT.NET.USER.ZS),
Jordan,2020,Other,78.42,8520273.0,10865228,,World Bank (IT.NET.USER.ZS),
Jordan,2021,Other,86.0,9517066.0,11066356,,World Bank (IT.NET.USER.ZS),
Jordan,2022,Other,90.5,10186918.0,11256263,,World Bank (IT.NET.USER.ZS),
Jordan,2023,Other,92.53,10585212.0,11439213,,World Bank (IT.NET.USER.ZS),
Kazakhstan,2000,Other,0.67,103640.0,15501103,,World Bank (IT.NET.USER.ZS),
Kazakhstan,2001,Other,1.01,156709.0,15575550,,World Bank (IT.NET.USER.ZS),
Kazakhstan,2002,Other,1.67,262213.0,15656677,,World Bank (IT.NET.USER.ZS),
Kazakhstan,2003,Other,2.0,315013.0,15747380,,World Bank (IT.NET.USER.ZS),
Kazakhstan,2004,Other,2.65,420092.0,15850159,,World Bank (IT.NET.USER.ZS),
Kazakhstan,2005,Other,2.96,472928.0,15968117,,World Bank (IT.NET.USER.ZS),
Kazakhstan,2006,Other,3.27,526334.0,16103716,,World Bank (IT.NET.USER.ZS),
Kazakhstan,2007,Other,4.02,653540.0,16257214,,World Bank (IT.NET.USER.ZS),
Kazakhstan,2008,Other,11.0,1806918.0,16426525,,World Bank (IT.NET.USER.ZS),
Kazakhstan,2009,Other,18.2,3024812.0,16619846,,World Bank (IT.NET.USER.ZS),
Kazakhstan,2010,Other,31.6,5320432.0,16836810,,World Bank (IT.NET.USER.ZS),
Kazakhstan,2011,Other,50.6,8635397.0,17066002,,World Bank (IT.NET.USER.ZS),
Kazakhstan,2012,Other,61.91,10713627.0,17306106,,World Bank (IT.NET.USER.ZS),
Kazakhstan,2013,Other,63.3,11114007.0,17556502,,World Bank (IT.NET.USER.ZS),
Kazakhstan,2014,Other,66.0,11758748.0,17816285,,World Bank (IT.NET.USER.ZS),
Kazakhstan,2015,Other,70.83,12809005.0,18084169,,World Bank (IT.NET.USER.ZS),
Kazakhstan,2016,Other,74.59,13696992.0,18363600,,World Bank (IT.NET.USER.ZS),
Kazakhstan,2017,Other,76.43,14255064.0,18651931,,World Bank (IT.NET.USER.ZS),
Kazakhstan,2018,Other,78.9,14938664.0,18932727,,World Bank (IT.NET.USER.ZS),
Kazakhstan,2019,Other,81.88,15728327.0,19209555,,World Bank (IT.NET.USER.ZS),
Kazakhstan,2020,Other,85.94,16743438.0,19482117,,World Bank (IT.NET.USER.ZS),
Kazakhstan,2021,Other,90.92,17951664.0,19743603,,World Bank (IT.NET.USER.ZS),
Kazakhstan,2022,Other,92.3,18491314.0,20034609,,World Bank (IT.NET.USER.ZS),
Kazakhstan,2023,Other,92.88,18882288.0,20330104,,World Bank (IT.NET.USER.ZS),
Kenya,2000,Africa,0.32,97463.0,30642890,,World Bank (IT.NET.USER.ZS),
Kenya,2001,Africa,0.62,195970.0,31619170,,World Bank (IT.NET.USER.ZS),
Kenya,2002,Africa,1.21,394094.0,32629808,,World Bank (IT.NET.USER.ZS),
Kenya,2003,Africa,2.94,990016.0,33652223,,World Bank (IT.NET.USER.ZS),
Kenya,2004,Africa,3.02,1049571.0,34713455,,World Bank (IT.NET.USER.ZS),
Kenya,2005,Africa,3.1,1110371.0,35796484,,World Bank (IT.NET.USER.ZS),
Kenya,2006,Africa,3.6,1328544.0,36904008,,World Bank (IT.NET.USER.ZS),
Kenya,2007,Africa,4.4,1673599.0,38036349,,World Bank (IT.NET.USER.ZS),
Kenya,2008,Africa,5.2,2038730.0,39206351,,World Bank (IT.NET.USER.ZS),
Kenya,2009,Africa,6.1,2464942.0,40408891,,World Bank (IT.NET.USER.ZS),
Kenya,2010,Africa,7.2,2995097.0,41598567,,World Bank (IT.NET.USER.ZS),
Kenya,2011,Africa,8.8,3762745.0,42758461,,World Bank (IT.NET.USER.ZS),
Kenya,2012,Africa,10.5,4608272.0,43888303,,World Bank (IT.NET.USER.ZS),
Kenya,2013,Africa,13.0,5848283.0,44986791,,World Bank (IT.NET.USER.ZS),
Kenya,2014,Africa,16.5,7598488.0,46051440,,World Bank (IT.NET.USER.ZS),
Kenya,2015,Africa,16.59,7810976.0,47088526,,World Bank (IT.NET.USER.ZS),
Kenya,2016,Africa,16.6,7991188.0,48139687,,World Bank (IT.NET.USER.ZS),
Kenya,2017,Africa,17.83,8770535.0,49197766,,World Bank (IT.NET.USER.ZS),
Kenya,2018,Africa,19.5,9790386.0,50207107,,World Bank (IT.NET.USER.ZS),
Kenya,2019,Africa,22.67,11607053.0,51202827,,World Bank (IT.NET.USER.ZS),
Kenya,2020,Africa,24.72,12909587.0,52217334,,World Bank (IT.NET.USER.ZS),
Kenya,2021,Africa,26.96,14349431.0,53219166,,World Bank (IT.NET.USER.ZS),
Kenya,2022,Africa,29.41,15953424.0,54252461,,World Bank (IT.NET.USER.ZS),
Kenya,2023,Africa,32.07,17747440.0,55339003,22.7,World Bank (IT.NET.USER.ZS),DataReportal 2023
Kiribati,2000,Other,1.79,1582.0,88613,,World Bank (IT.NET.USER.ZS),
Kiribati,2001,Other,2.34,2112.0,90335,,World Bank (IT.NET.USER.ZS),
Kiribati,2002,Other,2.5,2307.0,92264,,World Bank (IT.NET.USER.ZS),
Kiribati,2003,Other,3.0,2825.0,94175,,World Bank (IT.NET.USER.ZS),
Kiribati,2004,Other,3.5,3363.0,96085,,World Bank (IT.NET.USER.ZS),
Kiribati,2005,Other,4.0,3921.0,98035,,World Bank (IT.NET.USER.ZS),
Kiribati,2006,Other,4.5,4501.0,100017,,World Bank (IT.NET.USER.ZS),
Kiribati,2007,Other,6.0,6124.0,102068,,World Bank (IT.NET.USER.ZS),
Kiribati,2008,Other,7.0,7296.0,104222,,World Bank (IT.NET.USER.ZS),
Kiribati,2009,Other,8.97,9550.0,106467,,World Bank (IT.NET.USER.ZS),
Kiribati,2010,Other,9.07,9859.0,108704,,World Bank (IT.NET.USER.ZS),
Kiribati,2011,Other,10.0,11065.0,110647,,World Bank (IT.NET.USER.ZS),
Kiribati,2012,Other,10.75,12067.0,112284,,World Bank (IT.NET.USER.ZS),
Kiribati,2013,Other,11.5,13091.0,113838,,World Bank (IT.NET.USER.ZS),
Kiribati,2014,Other,12.25,14127.0,115326,,World Bank (IT.NET.USER.ZS),
Kiribati,2015,Other,14.9,17405.0,116815,,World Bank (IT.NET.USER.ZS),
Kiribati,2016,Other,19.42,23008.0,118478,,World Bank (IT.NET.USER.ZS),
Kiribati,2017,Other,25.31,30441.0,120275,,World Bank (IT.NET.USER.ZS),
Kiribati,2018,Other,32.99,40271.0,122084,,World Bank (IT.NET.USER.ZS),
Kiribati,2019,Other,41.79,51790.0,123921,,World Bank (IT.NET.USER.ZS),
Kiribati,2020,Other,52.95,66771.0,126099,,World Bank (IT.NET.USER.ZS),
Kiribati,2021,Other,67.09,86125.0,128377,,World Bank (IT.NET.USER.ZS),
Kiribati,2022,Other,85.0,110897.0,130469,,World Bank (IT.NET.USER.ZS),
Kiribati,2023,Other,88.0,116626.0,132530,,World Bank (IT.NET.USER.ZS),
"Korea, Dem. People's Rep.",2000,Other,0.0,,23665910,,World Bank (IT.NET.USER.ZS),
"Korea, Dem. People's Rep.",2001,Other,0.0,,23815358,,World Bank (IT.NET.USER.ZS),
"Korea, Dem. People's Rep.",2002,Other,0.0,,23943973,,World Bank (IT.NET.USER.ZS),
"Korea, Dem. People's Rep.",2003,Other,0.0,,24090380,,World Bank (IT.NET.USER.ZS),
"Korea, Dem. People's Rep.",2004,Other,0.0,,24254943,,World Bank (IT.NET.USER.ZS),
"Korea, Rep.",2000,Other,44.7,21012626.0,47008111,,World Bank (IT.NET.USER.ZS),
"Korea, Rep.",2001,Other,56.6,26811513.0,47370164,,World Bank (IT.NET.USER.ZS),
"Korea, Rep.",2002,Other,59.4,28300973.0,47644736,,World Bank (IT.NET.USER.ZS),
"Korea, Rep.",2003,Other,65.5,31369476.0,47892330,,World Bank (IT.NET.USER.ZS),
"Korea, Rep.",2004,Other,72.7,34955991.0,48082519,,World Bank (IT.NET.USER.ZS),
"Korea, Rep.",2005,Other,73.5,35415652.0,48184561,,World Bank (IT.NET.USER.ZS),
"Korea, Rep.",2006,Other,78.1,37830306.0,48438292,,World Bank (IT.NET.USER.ZS),
"Korea, Rep.",2007,Other,78.8,38362707.0,48683638,,World Bank (IT.NET.USER.ZS),
"Korea, Rep.",2008,Other,81.0,39734313.0,49054708,,World Bank (IT.NET.USER.ZS),
"Korea, Rep.",2009,Other,81.6,40235193.0,49307835,,World Bank (IT.NET.USER.ZS),
"Korea, Rep.",2010,Other,83.7,41476792.0,49554112,,World Bank (IT.NET.USER.ZS),
"Korea, Rep.",2011,Other,83.76,41826489.0,49936638,,World Bank (IT.NET.USER.ZS),
"Korea, Rep.",2012,Other,84.07,42203016.0,50199853,,World Bank (IT.NET.USER.ZS),
"Korea, Rep.",2013,Other,84.77,42748573.0,50428893,,World Bank (IT.NET.USER.ZS),
"Korea, Rep.",2014,Other,87.56,44432164.0,50746659,,World Bank (IT.NET.USER.ZS),
"Korea, Rep.",2015,Other,89.9,45860527.0,51014947,,World Bank (IT.NET.USER.ZS),
"Korea, Rep.",2016,Other,92.84,47552158.0,51217803,,World Bank (IT.NET.USER.ZS),
"Korea, Rep.",2017,Other,95.07,48829472.0,51361911,,World Bank (IT.NET.USER.ZS),
"Korea, Rep.",2018,Other,96.02,49533448.0,51585058,,World Bank (IT.NET.USER.ZS),
"Korea, Rep.",2019,Other,96.16,49775800.0,51764822,,World Bank (IT.NET.USER.ZS),
"Korea, Rep.",2020,Other,96.51,50024594.0,51836239,,World Bank (IT.NET.USER.ZS),
"Korea, Rep.",2021,Other,97.57,50512226.0,51769539,,World Bank (IT.NET.USER.ZS),
"Korea, Rep.",2022,Other,97.17,50209488.0,51672569,,World Bank (IT.NET.USER.ZS),
"Korea, Rep.",2023,Other,97.42,50376352.0,51712619,,World Bank (IT.NET.USER.ZS),
Kosovo,2017,Other,83.89,1502550.0,1791019,,World Bank (IT.NET.USER.ZS),
Kosovo,2018,Other,89.44,1607368.0,1797086,,World Bank (IT.NET.USER.ZS),
Kuwait,2000,Other,6.73,131579.0,1954709,,World Bank (IT.NET.USER.ZS),
Kuwait,2001,Other,8.55,171730.0,2008121,,World Bank (IT.NET.USER.ZS),
Kuwait,2002,Other,10.25,211126.0,2059974,,World Bank (IT.NET.USER.ZS),
Kuwait,2003,Other,22.4,472675.0,2109881,,World Bank (IT.NET.USER.ZS),
Kuwait,2004,Other,22.93,494611.0,2157320,,World Bank (IT.NET.USER.ZS),
Kuwait,2005,Other,25.93,579912.0,2236788,,World Bank (IT.NET.USER.ZS),
Kuwait,2006,Other,28.79,680835.0,2364733,,World Bank (IT.NET.USER.ZS),
Kuwait,2007,Other,34.8,872745.0,2507887,,World Bank (IT.NET.USER.ZS),
Kuwait,2008,Other,42.0,1113597.0,2651421,,World Bank (IT.NET.USER.ZS),
Kuwait,2009,Other,50.8,1420106.0,2795484,,World Bank (IT.NET.USER.ZS),
Kuwait,2010,Other,61.4,1807230.0,2943372,,World Bank (IT.NET.USER.ZS),
Kuwait,2011,Other,65.77,2060423.0,3132814,,World Bank (IT.NET.USER.ZS),
Kuwait,2012,Other,70.45,2350993.0,3337109,,World Bank (IT.NET.USER.ZS),
Kuwait,2013,Other,75.46,2647019.0,3507844,,World Bank (IT.NET.USER.ZS),
Kuwait,2014,Other,78.7,2885044.0,3665876,,World Bank (IT.NET.USER.ZS),
Kuwait,2015,Other,82.0,3144351.0,3834574,,World Bank (IT.NET.USER.ZS),
Kuwait,2016,Other,85.6,3427506.0,4004096,,World Bank (IT.NET.USER.ZS),
Kuwait,2017,Other,98.0,4071715.0,4154812,,World Bank (IT.NET.USER.ZS),
Kuwait,2018,Other,99.6,4306171.0,4323515,,World Bank (IT.NET.USER.ZS),
Kuwait,2019,Other,99.54,4422000.0,4442316,,World Bank (IT.NET.USER.ZS),
Kuwait,2020,Other,99.11,4360923.0,4400267,,World Bank (IT.NET.USER.ZS),
Kuwait,2021,Other,99.7,4347782.0,4360865,,World Bank (IT.NET.USER.ZS),
Kuwait,2022,Other,99.75,4578045.0,4589643,,World Bank (IT.NET.USER.ZS),
Kuwait,2023,Other,99.75,4841156.0,4853420,,World Bank (IT.NET.USER.ZS),
Kyrgyz Republic,2000,Other,1.04,51012.0,4898362,,World Bank (IT.NET.USER.ZS),
Kyrgyz Republic,2001,Other,3.0,148498.0,4945073,,World Bank (IT.NET.USER.ZS),
Kyrgyz Republic,2002,Other,3.0,149684.0,4990704,,World Bank (IT.NET.USER.ZS),
Kyrgyz Republic,2003,Other,3.91,197131.0,5043308,,World Bank (IT.NET.USER.ZS),
Kyrgyz Republic,2004,Other,5.09,259850.0,5104713,,World Bank (IT.NET.USER.ZS),
Kyrgyz Republic,2005,Other,10.53,543822.0,5162640,,World Bank (IT.NET.USER.ZS),
Kyrgyz Republic,2006,Other,12.31,642220.0,5218373,,World Bank (IT.NET.USER.ZS),
Kyrgyz Republic,2007,Other,14.03,739154.0,5268385,,World Bank (IT.NET.USER.ZS),
Kyrgyz Republic,2008,Other,15.7,835040.0,5318729,,World Bank (IT.NET.USER.ZS),
Kyrgyz Republic,2009,Other,16.0,862343.0,5389643,,World Bank (IT.NET.USER.ZS),
Kyrgyz Republic,2010,Other,16.3,891131.0,5467059,,World Bank (IT.NET.USER.ZS),
Kyrgyz Republic,2011,Other,17.5,970653.0,5546587,,World Bank (IT.NET.USER.ZS),
Kyrgyz Republic,2012,Other,19.8,1119111.0,5652076,,World Bank (IT.NET.USER.ZS),
Kyrgyz Republic,2013,Other,23.0,1328744.0,5777150,,World Bank (IT.NET.USER.ZS),
Kyrgyz Republic,2014,Other,28.3,1671355.0,5905848,,World Bank (IT.NET.USER.ZS),
Kyrgyz Republic,2015,Other,30.25,1826930.0,6040036,,World Bank (IT.NET.USER.ZS),
Kyrgyz Republic,2016,Other,40.53,2502630.0,6175338,,World Bank (IT.NET.USER.ZS),
Kyrgyz Republic,2017,Other,50.81,3204136.0,6306696,,World Bank (IT.NET.USER.ZS),
Kyrgyz Republic,2018,Other,62.8,4046882.0,6444079,,World Bank (IT.NET.USER.ZS),
Kyrgyz Republic,2019,Other,64.1,4224325.0,6590211,,World Bank (IT.NET.USER.ZS),
Kyrgyz Republic,2020,Other,72.0,4843149.0,6726596,,World Bank (IT.NET.USER.ZS),
Kyrgyz Republic,2021,Other,77.12,5283506.0,6851224,,World Bank (IT.NET.USER.ZS),
Kyrgyz Republic,2022,Other,84.19,5872696.0,6975220,,World Bank (IT.NET.USER.ZS),
Kyrgyz Republic,2023,Other,91.04,6463925.0,7099750,,World Bank (IT.NET.USER.ZS),
Lao PDR,2000,Other,0.11,6031.0,5431212,,World Bank (IT.NET.USER.ZS),
Lao PDR,2001,Other,0.18,10031.0,5521482,,World Bank (IT.NET.USER.ZS),
Lao PDR,2002,Other,0.27,15032.0,5610889,,World Bank (IT.NET.USER.ZS),
Lao PDR,2003,Other,0.33,19026.0,5697945,,World Bank (IT.NET.USER.ZS),
Lao PDR,2004,Other,0.36,20897.0,5781626,,World Bank (IT.NET.USER.ZS),
Lao PDR,2005,Other,0.85,49914.0,5869523,,World Bank (IT.NET.USER.ZS),
Lao PDR,2006,Other,1.17,69763.0,5963200,,World Bank (IT.NET.USER.ZS),
Lao PDR,2007,Other,1.64,99322.0,6056236,,World Bank (IT.NET.USER.ZS),
Lao PDR,2008,Other,3.55,218288.0,6148969,,World Bank (IT.NET.USER.ZS),
Lao PDR,2009,Other,6.0,374499.0,6241642,,World Bank (IT.NET.USER.ZS),
Lao PDR,2010,Other,7.0,443394.0,6334194,,World Bank (IT.NET.USER.ZS),
Lao PDR,2011,Other,9.0,578393.0,6426590,,World Bank (IT.NET.USER.ZS),
Lao PDR,2012,Other,10.75,700640.0,6518978,,World Bank (IT.NET.USER.ZS),
Lao PDR,2013,Other,12.5,826423.0,6611385,,World Bank (IT.NET.USER.ZS),
Lao PDR,2014,Other,14.26,955872.0,6703172,,World Bank (IT.NET.USER.ZS),
Lao PDR,2015,Other,18.2,1237899.0,6801645,,World Bank (IT.NET.USER.ZS),
Lao PDR,2016,Other,21.87,1510955.0,6908802,,World Bank (IT.NET.USER.ZS),
Lao PDR,2017,Other,25.51,1790357.0,7018147,,World Bank (IT.NET.USER.ZS),
Lao PDR,2018,Other,36.27,2585435.0,7128045,,World Bank (IT.NET.USER.ZS),
Lao PDR,2019,Other,47.03,3404027.0,7237636,,World Bank (IT.NET.USER.ZS),
Lao PDR,2020,Other,54.0,3967128.0,7346533,,World Bank (IT.NET.USER.ZS),
Lao PDR,2021,Other,62.0,4620980.0,7453194,,World Bank (IT.NET.USER.ZS),
Lao PDR,2022,Other,64.54,4878583.0,7559007,,World Bank (IT.NET.USER.ZS),
Lao PDR,2023,Other,64.4,4936102.0,7664993,,World Bank (IT.NET.USER.ZS),
Latin America & Caribbean,2005,Other,16.6,92150049.0,555120780,,World Bank (IT.NET.USER.ZS),
Latin America & Caribbean,2006,Other,20.7,116282664.0,561751999,,World Bank (IT.NET.USER.ZS),
Latin America & Caribbean,2007,Other,23.7,134697823.0,568345245,,World Bank (IT.NET.USER.ZS),
Latin America & Caribbean,2008,Other,26.4,151775906.0,574908733,,World Bank (IT.NET.USER.ZS),
Latin America & Caribbean,2009,Other,31.0,180230320.0,581388129,,World Bank (IT.NET.USER.ZS),
Latin America & Caribbean,2010,Other,34.6,203362367.0,587752505,,World Bank (IT.NET.USER.ZS),
Latin America & Caribbean,2011,Other,39.3,233476124.0,594086829,,World Bank (IT.NET.USER.ZS),
Latin America & Caribbean,2012,Other,43.0,258180736.0,600420316,,World Bank (IT.NET.USER.ZS),
Latin America & Caribbean,2013,Other,46.1,279681005.0,606683307,,World Bank (IT.NET.USER.ZS),
Latin America & Caribbean,2014,Other,48.7,298457658.0,612849401,,World Bank (IT.NET.USER.ZS),
Latin America & Caribbean,2015,Other,54.4,336664443.0,618868462,,World Bank (IT.NET.USER.ZS),
Latin America & Caribbean,2016,Other,57.5,359224227.0,624737786,,World Bank (IT.NET.USER.ZS),
Latin America & Caribbean,2017,Other,60.2,379509822.0,630414986,,World Bank (IT.NET.USER.ZS),
Latin America & Caribbean,2018,Other,63.5,403719081.0,635778081,,World Bank (IT.NET.USER.ZS),
Latin America & Caribbean,2019,Other,67.8,434572488.0,640962372,,World Bank (IT.NET.USER.ZS),
Latin America & Caribbean,2020,Other,73.8,476377661.0,645498186,,World Bank (IT.NET.USER.ZS),
Latin America & Caribbean,2021,Other,75.8,492120943.0,649236072,,World Bank (IT.NET.USER.ZS),
Latin America & Caribbean,2022,Other,77.1,503546361.0,653108120,,World Bank (IT.NET.USER.ZS),
Latin America & Caribbean,2023,Other,80.0,526093214.0,657616517,,World Bank (IT.NET.USER.ZS),
Latin America & Caribbean (excluding high income),2005,Other,16.2,80029065.0,494006571,,World Bank (IT.NET.USER.ZS),
Latin America & Caribbean (excluding high income),2006,Other,20.4,101981768.0,499910627,,World Bank (IT.NET.USER.ZS),
Latin America & Caribbean (excluding high income),2007,Other,23.3,117849848.0,505793340,,World Bank (IT.NET.USER.ZS),
Latin America & Caribbean (excluding high income),2008,Other,25.9,132519776.0,511659365,,World Bank (IT.NET.USER.ZS),
Latin America & Caribbean (excluding high income),2009,Other,30.3,156790364.0,517459947,,World Bank (IT.NET.USER.ZS),
Latin America & Caribbean (excluding high income),2010,Other,34.0,177870143.0,523147480,,World Bank (IT.NET.USER.ZS),
Latin America & Caribbean (excluding high income),2011,Other,38.7,204654387.0,528822706,,World Bank (IT.NET.USER.ZS),
Latin America & Caribbean (excluding high income),2012,Other,42.1,225025872.0,534503260,,World Bank (IT.NET.USER.ZS),
Latin America & Caribbean (excluding high income),2013,Other,45.1,243593539.0,540118712,,World Bank (IT.NET.USER.ZS),
Latin America & Caribbean (excluding high income),2014,Other,47.7,260280579.0,545661592,,World Bank (IT.NET.USER.ZS),
Latin America & Caribbean (excluding high income),2015,Other,53.3,293723052.0,551075145,,World Bank (IT.NET.USER.ZS),
Latin America & Caribbean (excluding high income),2016,Other,56.4,313832319.0,556440282,,World Bank (IT.NET.USER.ZS),
Latin America & Caribbean (excluding high income),2017,Other,59.2,332678650.0,561957179,,World Bank (IT.NET.USER.ZS),
Latin America & Caribbean (excluding high income),2018,Other,62.6,355387186.0,567711159,,World Bank (IT.NET.USER.ZS),
Latin America & Caribbean (excluding high income),2019,Other,67.9,389278630.0,573311679,,World Bank (IT.NET.USER.ZS),
Latin America & Caribbean (excluding high income),2020,Other,73.3,423741073.0,578091505,,World Bank (IT.NET.USER.ZS),
Latin America & Caribbean (excluding high income),2021,Other,75.3,438158826.0,581884231,,World Bank (IT.NET.USER.ZS),
Latin America & Caribbean (excluding high income),2022,Other,76.6,448606998.0,585648822,,World Bank (IT.NET.USER.ZS),
Latin America & Caribbean (excluding high income),2023,Other,79.7,470141966.0,589889543,,World Bank (IT.NET.USER.ZS),
Latin America & the Caribbean (IDA & IBRD countries),2005,Other,16.7,90044529.0,539188798,,World Bank (IT.NET.USER.ZS),
Latin America & the Caribbean (IDA & IBRD countries),2006,Other,20.9,114073436.0,545805913,,World Bank (IT.NET.USER.ZS),
Latin America & the Caribbean (IDA & IBRD countries),2007,Other,23.9,132023516.0,552399650,,World Bank (IT.NET.USER.ZS),
Latin America & the Caribbean (IDA & IBRD countries),2008,Other,26.7,149244675.0,558968822,,World Bank (IT.NET.USER.ZS),
Latin America & the Caribbean (IDA & IBRD countries),2009,Other,31.3,176987394.0,565454932,,World Bank (IT.NET.USER.ZS),
Latin America & the Caribbean (IDA & IBRD countries),2010,Other,35.0,200137732.0,571822092,,World Bank (IT.NET.USER.ZS),
Latin America & the Caribbean (IDA & IBRD countries),2011,Other,39.7,229534226.0,578171855,,World Bank (IT.NET.USER.ZS),
Latin America & the Caribbean (IDA & IBRD countries),2012,Other,43.4,253683561.0,584524334,,World Bank (IT.NET.USER.ZS),
Latin America & the Caribbean (IDA & IBRD countries),2013,Other,46.4,274135811.0,590809938,,World Bank (IT.NET.USER.ZS),
Latin America & the Caribbean (IDA & IBRD countries),2014,Other,49.0,292541475.0,597023419,,World Bank (IT.NET.USER.ZS),
Latin America & the Caribbean (IDA & IBRD countries),2015,Other,54.7,329891160.0,603091701,,World Bank (IT.NET.USER.ZS),
Latin America & the Caribbean (IDA & IBRD countries),2016,Other,57.7,351402845.0,609017063,,World Bank (IT.NET.USER.ZS),
Latin America & the Caribbean (IDA & IBRD countries),2017,Other,60.2,370095552.0,614776664,,World Bank (IT.NET.USER.ZS),
Latin America & the Caribbean (IDA & IBRD countries),2018,Other,63.5,393874263.0,620274430,,World Bank (IT.NET.USER.ZS),
Latin America & the Caribbean (IDA & IBRD countries),2019,Other,67.7,423441367.0,625467307,,World Bank (IT.NET.USER.ZS),
Latin America & the Caribbean (IDA & IBRD countries),2020,Other,73.8,464977653.0,630051021,,World Bank (IT.NET.USER.ZS),
Latin America & the Caribbean (IDA & IBRD countries),2021,Other,75.9,481101721.0,633862610,,World Bank (IT.NET.USER.ZS),
Latin America & the Caribbean (IDA & IBRD countries),2022,Other,77.3,493048631.0,637837815,,World Bank (IT.NET.USER.ZS),
Latin America & the Caribbean (IDA & IBRD countries),2023,Other,80.2,515203147.0,642397939,,World Bank (IT.NET.USER.ZS),
Latvia,2000,Other,6.32,149607.0,2367550,,World Bank (IT.NET.USER.ZS),
Latvia,2001,Other,7.22,168728.0,2337170,,World Bank (IT.NET.USER.ZS),
Latvia,2002,Other,21.94,506852.0,2310173,,World Bank (IT.NET.USER.ZS),
Latvia,2003,Other,26.98,617290.0,2287955,,World Bank (IT.NET.USER.ZS),
Latvia,2004,Other,38.58,873112.0,2263122,,World Bank (IT.NET.USER.ZS),
Latvia,2005,Other,46.0,1029848.0,2238799,,World Bank (IT.NET.USER.ZS),
Latvia,2006,Other,53.63,1189705.0,2218357,,World Bank (IT.NET.USER.ZS),
Latvia,2007,Other,59.17,1301932.0,2200325,,World Bank (IT.NET.USER.ZS),
Latvia,2008,Other,63.41,1380640.0,2177322,,World Bank (IT.NET.USER.ZS),
Latvia,2009,Other,66.84,1431492.0,2141669,,World Bank (IT.NET.USER.ZS),
Latvia,2010,Other,68.42,1435147.0,2097555,,World Bank (IT.NET.USER.ZS),
Latvia,2011,Other,69.75,1436646.0,2059709,,World Bank (IT.NET.USER.ZS),
Latvia,2012,Other,73.12,1487493.0,2034319,,World Bank (IT.NET.USER.ZS),
Latvia,2013,Other,75.23,1514203.0,2012647,,World Bank (IT.NET.USER.ZS),
Latvia,2014,Other,75.83,1511807.0,1993782,,World Bank (IT.NET.USER.ZS),
Latvia,2015,Other,79.2,1566213.0,1977527,,World Bank (IT.NET.USER.ZS),
Latvia,2016,Other,79.84,1564535.0,1959537,,World Bank (IT.NET.USER.ZS),
Latvia,2017,Other,80.11,1556014.0,1942248,,World Bank (IT.NET.USER.ZS),
Latvia,2018,Other,83.58,1610678.0,1927174,,World Bank (IT.NET.USER.ZS),
Latvia,2019,Other,86.14,1648479.0,1913822,,World Bank (IT.NET.USER.ZS),
Latvia,2020,Other,88.9,1689460.0,1900449,,World Bank (IT.NET.USER.ZS),
Latvia,2021,Other,91.18,1718271.0,1884490,,World Bank (IT.NET.USER.ZS),
Latvia,2022,Other,91.03,1710804.0,1879383,,World Bank (IT.NET.USER.ZS),
Latvia,2023,Other,92.19,1736553.0,1883710,,World Bank (IT.NET.USER.ZS),
Least developed countries: UN classification,2005,Other,0.7,5325191.0,760741611,,World Bank (IT.NET.USER.ZS),
Least developed countries: UN classification,2006,Other,1.0,7792300.0,779230030,,World Bank (IT.NET.USER.ZS),
Least developed countries: UN classification,2007,Other,1.8,14355288.0,797516000,,World Bank (IT.NET.USER.ZS),
Least developed countries: UN classification,2008,Other,2.2,17957899.0,816268129,,World Bank (IT.NET.USER.ZS),
Least developed countries: UN classification,2009,Other,2.6,21727865.0,835687108,,World Bank (IT.NET.USER.ZS),
Least developed countries: UN classification,2010,Other,3.3,28226488.0,855348118,,World Bank (IT.NET.USER.ZS),
Least developed countries: UN classification,2011,Other,4.0,35027403.0,875685078,,World Bank (IT.NET.USER.ZS),
Least developed countries: UN classification,2012,Other,4.8,43040878.0,896684951,,World Bank (IT.NET.USER.ZS),
Least developed countries: UN classification,2013,Other,6.0,55096178.0,918269633,,World Bank (IT.NET.USER.ZS),
Least developed countries: UN classification,2014,Other,8.2,77103299.0,940284138,,World Bank (IT.NET.USER.ZS),
Least developed countries: UN classification,2015,Other,10.7,102988383.0,962508256,,World Bank (IT.NET.USER.ZS),
Least developed countries: UN classification,2016,Other,13.8,135987262.0,985414939,,World Bank (IT.NET.USER.ZS),
Least developed countries: UN classification,2017,Other,16.2,163456942.0,1008993468,,World Bank (IT.NET.USER.ZS),
Least developed countries: UN classification,2018,Other,19.5,201456511.0,1033110314,,World Bank (IT.NET.USER.ZS),
Least developed countries: UN classification,2019,Other,21.2,224298865.0,1058013514,,World Bank (IT.NET.USER.ZS),
Least developed countries: UN classification,2020,Other,24.1,261156308.0,1083636132,,World Bank (IT.NET.USER.ZS),
Least developed countries: UN classification,2021,Other,26.1,289494745.0,1109175268,,World Bank (IT.NET.USER.ZS),
Least developed countries: UN classification,2022,Other,28.2,319953140.0,1134585604,,World Bank (IT.NET.USER.ZS),
Least developed countries: UN classification,2023,Other,29.9,347086578.0,1160824674,,World Bank (IT.NET.USER.ZS),
Lebanon,2000,Other,7.95,344301.0,4329340,,World Bank (IT.NET.USER.ZS),
Lebanon,2001,Other,6.78,298592.0,4401918,,World Bank (IT.NET.USER.ZS),
Lebanon,2002,Other,7.0,312445.0,4463504,,World Bank (IT.NET.USER.ZS),
Lebanon,2003,Other,8.0,362041.0,4525508,,World Bank (IT.NET.USER.ZS),
Lebanon,2004,Other,9.0,413935.0,4599279,,World Bank (IT.NET.USER.ZS),
Lebanon,2005,Other,10.14,473650.0,4671102,,World Bank (IT.NET.USER.ZS),
Lebanon,2006,Other,15.0,712670.0,4751136,,World Bank (IT.NET.USER.ZS),
Lebanon,2007,Other,18.74,907788.0,4844118,,World Bank (IT.NET.USER.ZS),
Lebanon,2008,Other,22.53,1109682.0,4925354,,World Bank (IT.NET.USER.ZS),
Lebanon,2009,Other,30.14,1504675.0,4992287,,World Bank (IT.NET.USER.ZS),
Lebanon,2010,Other,43.68,2202035.0,5041288,,World Bank (IT.NET.USER.ZS),
Lebanon,2011,Other,52.0,2649930.0,5096020,,World Bank (IT.NET.USER.ZS),
Lebanon,2012,Other,61.25,3206882.0,5235742,,World Bank (IT.NET.USER.ZS),
Lebanon,2013,Other,70.5,4049122.0,5743436,,World Bank (IT.NET.USER.ZS),
Lebanon,2014,Other,73.0,4633303.0,6346990,,World Bank (IT.NET.USER.ZS),
Lebanon,2015,Other,74.0,4789627.0,6472469,,World Bank (IT.NET.USER.ZS),
Lebanon,2016,Other,76.11,4812481.0,6323060,,World Bank (IT.NET.USER.ZS),
Lebanon,2017,Other,78.18,4816037.0,6160128,,World Bank (IT.NET.USER.ZS),
Lebanon,2018,Other,80.9,4841152.0,5984119,,World Bank (IT.NET.USER.ZS),
Lebanon,2019,Other,81.48,4721505.0,5794594,,World Bank (IT.NET.USER.ZS),
Lebanon,2020,Other,82.07,4679758.0,5702398,,World Bank (IT.NET.USER.ZS),
Lebanon,2021,Other,82.66,4726371.0,5718122,,World Bank (IT.NET.USER.ZS),
Lebanon,2022,Other,81.46,4679736.0,5744489,,World Bank (IT.NET.USER.ZS),
Lebanon,2023,Other,81.71,4717285.0,5773493,,World Bank (IT.NET.USER.ZS),
Lesotho,2000,Other,0.21,4244.0,2003913,,World Bank (IT.NET.USER.ZS),
Lesotho,2001,Other,0.26,5225.0,2000853,,World Bank (IT.NET.USER.ZS),
Lesotho,2002,Other,1.08,21621.0,1994679,,World Bank (IT.NET.USER.ZS),
Lesotho,2003,Other,1.53,30421.0,1985059,,World Bank (IT.NET.USER.ZS),
Lesotho,2004,Other,2.18,42882.0,1971129,,World Bank (IT.NET.USER.ZS),
Lesotho,2005,Other,2.58,50393.0,1953076,,World Bank (IT.NET.USER.ZS),
Lesotho,2006,Other,2.98,57957.0,1945063,,World Bank (IT.NET.USER.ZS),
Lesotho,2007,Other,3.45,67299.0,1953268,,World Bank (IT.NET.USER.ZS),
Lesotho,2008,Other,3.58,70402.0,1966541,,World Bank (IT.NET.USER.ZS),
Lesotho,2009,Other,3.72,73689.0,1980883,,World Bank (IT.NET.USER.ZS),
Lesotho,2010,Other,3.86,77055.0,1996251,,World Bank (IT.NET.USER.ZS),
Lesotho,2011,Other,7.0,140981.0,2014009,,World Bank (IT.NET.USER.ZS),
Lesotho,2012,Other,10.0,203435.0,2034354,,World Bank (IT.NET.USER.ZS),
Lesotho,2013,Other,15.0,308476.0,2056504,,World Bank (IT.NET.USER.ZS),
Lesotho,2014,Other,22.0,457620.0,2080089,,World Bank (IT.NET.USER.ZS),
Lesotho,2015,Other,25.0,526153.0,2104611,,World Bank (IT.NET.USER.ZS),
Lesotho,2016,Other,32.45,691404.0,2130422,,World Bank (IT.NET.USER.ZS),
Lesotho,2017,Other,39.0,841273.0,2157110,,World Bank (IT.NET.USER.ZS),
Lesotho,2018,Other,40.8,890910.0,2183603,,World Bank (IT.NET.USER.ZS),
Lesotho,2019,Other,42.3,934617.0,2209405,,World Bank (IT.NET.USER.ZS),
Lesotho,2020,Other,43.66,976063.0,2235727,,World Bank (IT.NET.USER.ZS),
Lesotho,2021,Other,45.06,1018976.0,2261542,,World Bank (IT.NET.USER.ZS),
Lesotho,2022,Other,48.07,1098924.0,2286110,,World Bank (IT.NET.USER.ZS),
Lesotho,2023,Other,48.99,1132295.0,2311472,,World Bank (IT.NET.USER.ZS),
Liberia,2000,Other,0.02,518.0,2928117,,World Bank (IT.NET.USER.ZS),
Liberia,2001,Other,0.03,1020.0,3015338,,World Bank (IT.NET.USER.ZS),
Liberia,2002,Other,0.03,1012.0,3094782,,World Bank (IT.NET.USER.ZS),
Liberia,2003,Other,0.03,994.0,3119532,,World Bank (IT.NET.USER.ZS),
Liberia,2004,Other,0.03,979.0,3156892,,World Bank (IT.NET.USER.ZS),
Liberia,2005,Other,0.55,18202.0,3301015,,World Bank (IT.NET.USER.ZS),
Liberia,2006,Other,0.53,18501.0,3490787,,World Bank (IT.NET.USER.ZS),
Liberia,2007,Other,0.55,20231.0,3669050,,World Bank (IT.NET.USER.ZS),
Liberia,2008,Other,0.53,20251.0,3821003,,World Bank (IT.NET.USER.ZS),
Liberia,2009,Other,2.0,78861.0,3943028,,World Bank (IT.NET.USER.ZS),
Liberia,2010,Other,2.3,93354.0,4058890,,World Bank (IT.NET.USER.ZS),
Liberia,2011,Other,2.5,105529.0,4221178,,World Bank (IT.NET.USER.ZS),
Liberia,2012,Other,2.6,113699.0,4373043,,World Bank (IT.NET.USER.ZS),
Liberia,2013,Other,3.2,143048.0,4470239,,World Bank (IT.NET.USER.ZS),
Liberia,2014,Other,5.41,246928.0,4564293,,World Bank (IT.NET.USER.ZS),
Liberia,2015,Other,10.0,465943.0,4659431,,World Bank (IT.NET.USER.ZS),
Liberia,2016,Other,15.7,746630.0,4755608,,World Bank (IT.NET.USER.ZS),
Liberia,2017,Other,16.3,790375.0,4848925,,World Bank (IT.NET.USER.ZS),
Liberia,2018,Other,17.28,854335.0,4944726,,World Bank (IT.NET.USER.ZS),
Liberia,2019,Other,19.9,1003489.0,5043721,,World Bank (IT.NET.USER.ZS),
Liberia,2020,Other,22.91,1179778.0,5149463,,World Bank (IT.NET.USER.ZS),
Liberia,2021,Other,26.38,1387530.0,5259323,,World Bank (IT.NET.USER.ZS),
Liberia,2022,Other,30.38,1632412.0,5373294,,World Bank (IT.NET.USER.ZS),
Liberia,2023,Other,31.22,1715149.0,5493031,,World Bank (IT.NET.USER.ZS),
Libya,2000,Other,0.19,9923.0,5305021,,World Bank (IT.NET.USER.ZS),
Libya,2001,Other,0.37,19806.0,5403639,,World Bank (IT.NET.USER.ZS),
Libya,2002,Other,2.24,123632.0,5508410,,World Bank (IT.NET.USER.ZS),
Libya,2003,Other,2.81,158159.0,5619398,,World Bank (IT.NET.USER.ZS),
Libya,2004,Other,3.53,202668.0,5736693,,World Bank (IT.NET.USER.ZS),
Libya,2005,Other,3.92,229536.0,5858798,,World Bank (IT.NET.USER.ZS),
Libya,2006,Other,4.3,257215.0,5980211,,World Bank (IT.NET.USER.ZS),
Libya,2007,Other,4.72,288249.0,6104380,,World Bank (IT.NET.USER.ZS),
Libya,2008,Other,9.0,561189.0,6235430,,World Bank (IT.NET.USER.ZS),
Libya,2009,Other,10.8,687602.0,6366686,,World Bank (IT.NET.USER.ZS),
Libya,2010,Other,14.0,909697.0,6497839,,World Bank (IT.NET.USER.ZS),
Libya,2011,Other,14.0,888048.0,6343203,,World Bank (IT.NET.USER.ZS),
Libya,2012,Other,15.2,939258.0,6179328,,World Bank (IT.NET.USER.ZS),
Libya,2013,Other,16.5,1040264.0,6304628,,World Bank (IT.NET.USER.ZS),
Libya,2014,Other,17.76,1141480.0,6427252,,World Bank (IT.NET.USER.ZS),
Libya,2015,Other,25.0,1632955.0,6531819,,World Bank (IT.NET.USER.ZS),
Libya,2016,Other,35.0,2321244.0,6632126,,World Bank (IT.NET.USER.ZS),
Libya,2017,Other,47.5,3200916.0,6738770,,World Bank (IT.NET.USER.ZS),
Libya,2018,Other,47.5,3253301.0,6849055,,World Bank (IT.NET.USER.ZS),
Libya,2019,Other,71.4,4963322.0,6951033,,World Bank (IT.NET.USER.ZS),
Libya,2020,Other,74.36,5238825.0,7045399,,World Bank (IT.NET.USER.ZS),
Libya,2021,Other,77.44,5525394.0,7135175,,World Bank (IT.NET.USER.ZS),
Libya,2022,Other,80.65,5825797.0,7223805,,World Bank (IT.NET.USER.ZS),
Libya,2023,Other,82.1,5998289.0,7305659,,World Bank (IT.NET.USER.ZS),
Liechtenstein,2000,Other,36.52,11920.0,32645,,World Bank (IT.NET.USER.ZS),
Liechtenstein,2001,Other,45.12,14976.0,33194,,World Bank (IT.NET.USER.ZS),
Liechtenstein,2002,Other,59.47,20038.0,33694,,World Bank (IT.NET.USER.ZS),
Liechtenstein,2003,Other,58.81,20042.0,34079,,World Bank (IT.NET.USER.ZS),
Liechtenstein,2004,Other,64.01,22049.0,34447,,World Bank (IT.NET.USER.ZS),
Liechtenstein,2005,Other,63.37,22023.0,34753,,World Bank (IT.NET.USER.ZS),
Liechtenstein,2006,Other,64.21,22499.0,35037,,World Bank (IT.NET.USER.ZS),
Liechtenstein,2007,Other,65.08,22949.0,35262,,World Bank (IT.NET.USER.ZS),
Liechtenstein,2008,Other,70.0,24831.0,35473,,World Bank (IT.NET.USER.ZS),
Liechtenstein,2009,Other,75.0,26806.0,35742,,World Bank (IT.NET.USER.ZS),
Liechtenstein,2010,Other,80.0,28818.0,36022,,World Bank (IT.NET.USER.ZS),
Liechtenstein,2011,Other,85.0,30865.0,36312,,World Bank (IT.NET.USER.ZS),
Liechtenstein,2012,Other,89.41,32774.0,36657,,World Bank (IT.NET.USER.ZS),
Liechtenstein,2013,Other,93.8,34691.0,36984,,World Bank (IT.NET.USER.ZS),
Liechtenstein,2014,Other,95.21,35464.0,37248,,World Bank (IT.NET.USER.ZS),
Liechtenstein,2015,Other,96.64,36235.0,37494,,World Bank (IT.NET.USER.ZS),
Liechtenstein,2016,Other,98.09,36997.0,37716,,World Bank (IT.NET.USER.ZS),
Liechtenstein,2017,Other,99.55,37790.0,37962,,World Bank (IT.NET.USER.ZS),
Liechtenstein,2019,Other,93.15,35920.0,38563,,World Bank (IT.NET.USER.ZS),
Liechtenstein,2020,Other,94.35,36703.0,38901,,World Bank (IT.NET.USER.ZS),
Liechtenstein,2021,Other,95.57,37446.0,39182,,World Bank (IT.NET.USER.ZS),
Liechtenstein,2022,Other,97.88,38656.0,39493,,World Bank (IT.NET.USER.ZS),
Liechtenstein,2023,Other,98.13,39102.0,39846,,World Bank (IT.NET.USER.ZS),
Lithuania,2000,Other,6.43,224918.0,3499536,,World Bank (IT.NET.USER.ZS),
Lithuania,2001,Other,7.18,249182.0,3470818,,World Bank (IT.NET.USER.ZS),
Lithuania,2002,Other,17.69,609079.0,3443067,,World Bank (IT.NET.USER.ZS),
Lithuania,2003,Other,25.91,884882.0,3415213,,World Bank (IT.NET.USER.ZS),
Lithuania,2004,Other,31.23,1054661.0,3377075,,World Bank (IT.NET.USER.ZS),
Lithuania,2005,Other,36.22,1203420.0,3322528,,World Bank (IT.NET.USER.ZS),
Lithuania,2006,Other,43.9,1435490.0,3269909,,World Bank (IT.NET.USER.ZS),
Lithuania,2007,Other,49.9,1612416.0,3231294,,World Bank (IT.NET.USER.ZS),
Lithuania,2008,Other,55.22,1766063.0,3198231,,World Bank (IT.NET.USER.ZS),
Lithuania,2009,Other,59.76,1890159.0,3162916,,World Bank (IT.NET.USER.ZS),
Lithuania,2010,Other,62.12,1924032.0,3097282,,World Bank (IT.NET.USER.ZS),
Lithuania,2011,Other,63.64,1927092.0,3028115,,World Bank (IT.NET.USER.ZS),
Lithuania,2012,Other,67.23,2009598.0,2989139,,World Bank (IT.NET.USER.ZS),
Lithuania,2013,Other,68.45,2027062.0,2961250,,World Bank (IT.NET.USER.ZS),
Lithuania,2014,Other,72.13,2118745.0,2937253,,World Bank (IT.NET.USER.ZS),
Lithuania,2015,Other,71.38,2077893.0,2911109,,World Bank (IT.NET.USER.ZS),
Lithuania,2016,Other,74.38,2140058.0,2877325,,World Bank (IT.NET.USER.ZS),
Lithuania,2017,Other,77.62,2206322.0,2842639,,World Bank (IT.NET.USER.ZS),
Lithuania,2018,Other,79.72,2247539.0,2819200,,World Bank (IT.NET.USER.ZS),
Lithuania,2019,Other,81.58,2293339.0,2811089,,World Bank (IT.NET.USER.ZS),
Lithuania,2020,Other,83.06,2334167.0,2810369,,World Bank (IT.NET.USER.ZS),
Lithuania,2021,Other,86.93,2441340.0,2808380,,World Bank (IT.NET.USER.ZS),
Lithuania,2022,Other,87.72,2484033.0,2831639,,World Bank (IT.NET.USER.ZS),
Lithuania,2023,Other,88.5,2541435.0,2871585,,World Bank (IT.NET.USER.ZS),
Low income,2005,Other,1.0,3717882.0,371788197,,World Bank (IT.NET.USER.ZS),
Low income,2006,Other,1.3,4979533.0,383041001,,World Bank (IT.NET.USER.ZS),
Low income,2007,Other,2.5,9861209.0,394448347,,World Bank (IT.NET.USER.ZS),
Low income,2008,Other,3.0,12175881.0,405862712,,World Bank (IT.NET.USER.ZS),
Low income,2009,Other,3.7,15450363.0,417577386,,World Bank (IT.NET.USER.ZS),
Low income,2010,Other,4.3,18469171.0,429515596,,World Bank (IT.NET.USER.ZS),
Low income,2011,Other,4.9,21641279.0,441658754,,World Bank (IT.NET.USER.ZS),
Low income,2012,Other,5.4,24497256.0,453652889,,World Bank (IT.NET.USER.ZS),
Low income,2013,Other,6.0,27905273.0,465087882,,World Bank (IT.NET.USER.ZS),
Low income,2014,Other,6.9,32876483.0,476470767,,World Bank (IT.NET.USER.ZS),
Low income,2015,Other,7.9,38576353.0,488308267,,World Bank (IT.NET.USER.ZS),
Low income,2016,Other,10.0,50114931.0,501149314,,World Bank (IT.NET.USER.ZS),
Low income,2017,Other,11.4,58697519.0,514890519,,World Bank (IT.NET.USER.ZS),
Low income,2018,Other,13.8,73074042.0,529522043,,World Bank (IT.NET.USER.ZS),
Low income,2019,Other,16.4,89376881.0,544980983,,World Bank (IT.NET.USER.ZS),
Low income,2020,Other,17.6,98673181.0,560643073,,World Bank (IT.NET.USER.ZS),
Low income,2021,Other,19.0,109454557.0,576076618,,World Bank (IT.NET.USER.ZS),
Low income,2022,Other,21.2,125394077.0,591481496,,World Bank (IT.NET.USER.ZS),
Low income,2023,Other,22.0,133710435.0,607774703,,World Bank (IT.NET.USER.ZS),
Lower middle income,2005,Other,3.6,84128809.0,2336911352,,World Bank (IT.NET.USER.ZS),
Lower middle income,2006,Other,4.4,104666466.0,2378783316,,World Bank (IT.NET.USER.ZS),
Lower middle income,2007,Other,5.6,135606531.0,2421545203,,World Bank (IT.NET.USER.ZS),
Lower middle income,2008,Other,6.4,157698360.0,2464036877,,World Bank (IT.NET.USER.ZS),
Lower middle income,2009,Other,7.5,188009669.0,2506795582,,World Bank (IT.NET.USER.ZS),
Lower middle income,2010,Other,10.1,257576726.0,2550264612,,World Bank (IT.NET.USER.ZS),
Lower middle income,2011,Other,12.2,316445440.0,2593815085,,World Bank (IT.NET.USER.ZS),
Lower middle income,2012,Other,13.6,358645781.0,2637101332,,World Bank (IT.NET.USER.ZS),
Lower middle income,2013,Other,15.2,407332049.0,2679816109,,World Bank (IT.NET.USER.ZS),
Lower middle income,2014,Other,17.2,468366639.0,2723061855,,World Bank (IT.NET.USER.ZS),
Lower middle income,2015,Other,19.5,539177248.0,2765011526,,World Bank (IT.NET.USER.ZS),
Lower middle income,2016,Other,21.9,614643256.0,2806590212,,World Bank (IT.NET.USER.ZS),
Lower middle income,2017,Other,24.4,694895192.0,2847931114,,World Bank (IT.NET.USER.ZS),
Lower middle income,2018,Other,27.2,785688814.0,2888561818,,World Bank (IT.NET.USER.ZS),
Lower middle income,2019,Other,33.4,978158176.0,2928617292,,World Bank (IT.NET.USER.ZS),
Lower middle income,2020,Other,42.5,1261569514.0,2968398856,,World Bank (IT.NET.USER.ZS),
Lower middle income,2021,Other,47.4,1424959195.0,3006243027,,World Bank (IT.NET.USER.ZS),
Lower middle income,2022,Other,52.3,1591676431.0,3043358377,,World Bank (IT.NET.USER.ZS),
Lower middle income,2023,Other,55.4,1707429596.0,3082002881,,World Bank (IT.NET.USER.ZS),
Luxembourg,2000,Other,22.89,99857.0,436300,,World Bank (IT.NET.USER.ZS),
Luxembourg,2001,Other,36.16,159671.0,441525,,World Bank (IT.NET.USER.ZS),
Luxembourg,2002,Other,39.84,177756.0,446175,,World Bank (IT.NET.USER.ZS),
Luxembourg,2003,Other,54.55,246364.0,451630,,World Bank (IT.NET.USER.ZS),
Luxembourg,2004,Other,65.88,301793.0,458095,,World Bank (IT.NET.USER.ZS),
Luxembourg,2005,Other,70.0,325611.0,465158,,World Bank (IT.NET.USER.ZS),
Luxembourg,2006,Other,72.51,342709.0,472637,,World Bank (IT.NET.USER.ZS),
Luxembourg,2007,Other,78.92,378810.0,479993,,World Bank (IT.NET.USER.ZS),
Luxembourg,2008,Other,82.23,401817.0,488650,,World Bank (IT.NET.USER.ZS),
Luxembourg,2009,Other,87.31,434614.0,497783,,World Bank (IT.NET.USER.ZS),
Luxembourg,2010,Other,90.62,459401.0,506953,,World Bank (IT.NET.USER.ZS),
Luxembourg,2011,Other,90.03,466667.0,518347,,World Bank (IT.NET.USER.ZS),
Luxembourg,2012,Other,91.95,488204.0,530946,,World Bank (IT.NET.USER.ZS),
Luxembourg,2013,Other,93.78,509544.0,543360,,World Bank (IT.NET.USER.ZS),
Luxembourg,2014,Other,94.67,526668.0,556319,,World Bank (IT.NET.USER.ZS),
Luxembourg,2015,Other,96.38,548966.0,569604,,World Bank (IT.NET.USER.ZS),
Luxembourg,2016,Other,98.14,571169.0,582014,,World Bank (IT.NET.USER.ZS),
Luxembourg,2017,Other,97.36,580610.0,596336,,World Bank (IT.NET.USER.ZS),
Luxembourg,2018,Other,97.06,590084.0,607950,,World Bank (IT.NET.USER.ZS),
Luxembourg,2019,Other,97.12,602149.0,620001,,World Bank (IT.NET.USER.ZS),
Luxembourg,2020,Other,98.46,620708.0,630419,,World Bank (IT.NET.USER.ZS),
Luxembourg,2021,Other,98.66,631493.0,640064,,World Bank (IT.NET.USER.ZS),
Luxembourg,2022,Other,98.24,641622.0,653103,,World Bank (IT.NET.USER.ZS),
Luxembourg,2023,Other,99.35,662084.0,666430,,World Bank (IT.NET.USER.ZS),
"Macao SAR, China",2000,Other,13.61,58599.0,430600,,World Bank (IT.NET.USER.ZS),
"Macao SAR, China",2001,Other,22.52,97720.0,433900,,World Bank (IT.NET.USER.ZS),
"Macao SAR, China",2002,Other,25.17,110354.0,438400,,World Bank (IT.NET.USER.ZS),
"Macao SAR, China",2003,Other,25.74,114192.0,443600,,World Bank (IT.NET.USER.ZS),
"Macao SAR, China",2004,Other,31.48,143158.0,454700,,World Bank (IT.NET.USER.ZS),
"Macao SAR, China",2005,Other,34.86,165076.0,473500,,World Bank (IT.NET.USER.ZS),
"Macao SAR, China",2006,Other,46.4,231490.0,498900,,World Bank (IT.NET.USER.ZS),
"Macao SAR, China",2007,Other,47.33,246526.0,520900,,World Bank (IT.NET.USER.ZS),
"Macao SAR, China",2008,Other,49.24,266241.0,540700,,World Bank (IT.NET.USER.ZS),
"Macao SAR, China",2009,Other,54.0,288900.0,535000,,World Bank (IT.NET.USER.ZS),
"Macao SAR, China",2010,Other,55.2,296413.0,537000,,World Bank (IT.NET.USER.ZS),
"Macao SAR, China",2011,Other,60.2,330880.0,549600,,World Bank (IT.NET.USER.ZS),
"Macao SAR, China",2012,Other,61.31,348179.0,567900,,World Bank (IT.NET.USER.ZS),
"Macao SAR, China",2013,Other,65.8,389470.0,591900,,World Bank (IT.NET.USER.ZS),
"Macao SAR, China",2014,Other,69.78,433828.0,621700,,World Bank (IT.NET.USER.ZS),
"Macao SAR, China",2015,Other,77.6,498891.0,642900,,World Bank (IT.NET.USER.ZS),
"Macao SAR, China",2016,Other,81.64,532720.0,652500,,World Bank (IT.NET.USER.ZS),
"Macao SAR, China",2017,Other,83.17,539301.0,648400,,World Bank (IT.NET.USER.ZS),
"Macao SAR, China",2018,Other,83.79,552119.0,658900,,World Bank (IT.NET.USER.ZS),
"Macao SAR, China",2019,Other,86.47,581064.0,672000,,World Bank (IT.NET.USER.ZS),
"Macao SAR, China",2020,Other,87.46,599467.0,685400,,World Bank (IT.NET.USER.ZS),
"Macao SAR, China",2021,Other,88.47,603795.0,682500,,World Bank (IT.NET.USER.ZS),
"Macao SAR, China",2022,Other,89.49,606085.0,677300,,World Bank (IT.NET.USER.ZS),
"Macao SAR, China",2023,Other,89.83,609742.0,678800,,World Bank (IT.NET.USER.ZS),
Madagascar,2000,Other,0.2,32437.0,16516338,,World Bank (IT.NET.USER.ZS),
Madagascar,2001,Other,0.22,37900.0,17032939,,World Bank (IT.NET.USER.ZS),
Madagascar,2002,Other,0.34,59621.0,17549913,,World Bank (IT.NET.USER.ZS),
Madagascar,2003,Other,0.42,76490.0,18071854,,World Bank (IT.NET.USER.ZS),
Madagascar,2004,Other,0.53,97750.0,18606608,,World Bank (IT.NET.USER.ZS),
Madagascar,2005,Other,0.57,108770.0,19159707,,World Bank (IT.NET.USER.ZS),
Madagascar,2006,Other,0.61,119885.0,19730909,,World Bank (IT.NET.USER.ZS),
Madagascar,2007,Other,0.65,132071.0,20318583,,World Bank (IT.NET.USER.ZS),
Madagascar,2008,Other,1.65,345243.0,20923840,,World Bank (IT.NET.USER.ZS),
Madagascar,2009,Other,1.63,351221.0,21547280,,World Bank (IT.NET.USER.ZS),
Madagascar,2010,Other,1.7,377117.0,22183340,,World Bank (IT.NET.USER.ZS),
Madagascar,2011,Other,1.9,433624.0,22822300,,World Bank (IT.NET.USER.ZS),
Madagascar,2012,Other,2.3,539636.0,23462438,,World Bank (IT.NET.USER.ZS),
Madagascar,2013,Other,3.0,723279.0,24109290,,World Bank (IT.NET.USER.ZS),
Madagascar,2014,Other,3.7,916281.0,24764348,,World Bank (IT.NET.USER.ZS),
Madagascar,2015,Other,4.17,1061310.0,25426702,,World Bank (IT.NET.USER.ZS),
Madagascar,2016,Other,4.71,1230273.0,26099952,,World Bank (IT.NET.USER.ZS),
Madagascar,2017,Other,6.41,1716063.0,26788375,,World Bank (IT.NET.USER.ZS),
Madagascar,2018,Other,7.75,2130252.0,27494926,,World Bank (IT.NET.USER.ZS),
Madagascar,2019,Other,9.38,2646825.0,28219554,,World Bank (IT.NET.USER.ZS),
Madagascar,2020,Other,11.35,3287589.0,28953556,,World Bank (IT.NET.USER.ZS),
Madagascar,2021,Other,13.75,4081307.0,29691083,,World Bank (IT.NET.USER.ZS),
Madagascar,2022,Other,17.81,5421394.0,30437261,,World Bank (IT.NET.USER.ZS),
Madagascar,2023,Other,18.24,5690388.0,31195932,,World Bank (IT.NET.USER.ZS),
Malawi,2000,Other,0.13,14346.0,11315942,,World Bank (IT.NET.USER.ZS),
Malawi,2001,Other,0.16,19015.0,11593058,,World Bank (IT.NET.USER.ZS),
Malawi,2002,Other,0.22,25554.0,11880440,,World Bank (IT.NET.USER.ZS),
Malawi,2003,Other,0.28,33964.0,12181574,,World Bank (IT.NET.USER.ZS),
Malawi,2004,Other,0.35,43441.0,12500737,,World Bank (IT.NET.USER.ZS),
Malawi,2005,Other,0.38,49370.0,12840031,,World Bank (IT.NET.USER.ZS),
Malawi,2006,Other,0.43,56108.0,13198701,,World Bank (IT.NET.USER.ZS),
Malawi,2007,Other,0.97,131129.0,13576343,,World Bank (IT.NET.USER.ZS),
Malawi,2008,Other,0.7,97835.0,13976417,,World Bank (IT.NET.USER.ZS),
Malawi,2009,Other,1.07,154035.0,14395788,,World Bank (IT.NET.USER.ZS),
Malawi,2010,Other,2.26,335078.0,14826463,,World Bank (IT.NET.USER.ZS),
Malawi,2011,Other,3.33,508325.0,15265022,,World Bank (IT.NET.USER.ZS),
Malawi,2012,Other,4.35,683461.0,15709577,,World Bank (IT.NET.USER.ZS),
Malawi,2013,Other,5.05,816172.0,16161816,,World Bank (IT.NET.USER.ZS),
Malawi,2014,Other,5.83,969036.0,16621538,,World Bank (IT.NET.USER.ZS),
Malawi,2015,Other,6.0,1025135.0,17085587,,World Bank (IT.NET.USER.ZS),
Malawi,2016,Other,6.3,1106138.0,17557739,,World Bank (IT.NET.USER.ZS),
Malawi,2017,Other,7.0,1262780.0,18039715,,World Bank (IT.NET.USER.ZS),
Malawi,2018,Other,8.8,1630156.0,18528081,,World Bank (IT.NET.USER.ZS),
Malawi,2019,Other,11.06,2103982.0,19025752,,World Bank (IT.NET.USER.ZS),
Malawi,2020,Other,13.9,2715113.0,19533888,,World Bank (IT.NET.USER.ZS),
Malawi,2021,Other,15.3,3067832.0,20047258,,World Bank (IT.NET.USER.ZS),
Malawi,2022,Other,16.85,3465481.0,20568728,,World Bank (IT.NET.USER.ZS),
Malawi,2023,Other,17.99,3796296.0,21104482,,World Bank (IT.NET.USER.ZS),
Malaysia,2000,Asia,21.38,4911606.0,22967816,,World Bank (IT.NET.USER.ZS),
Malaysia,2001,Asia,26.7,6280638.0,23526538,,World Bank (IT.NET.USER.ZS),
Malaysia,2002,Asia,32.34,7794308.0,24102477,,World Bank (IT.NET.USER.ZS),
Malaysia,2003,Asia,34.97,8630741.0,24679602,,World Bank (IT.NET.USER.ZS),
Malaysia,2004,Asia,42.25,10671558.0,25256772,,World Bank (IT.NET.USER.ZS),
Malaysia,2005,Asia,48.63,12563867.0,25836071,,World Bank (IT.NET.USER.ZS),
Malaysia,2006,Asia,51.64,13641677.0,26417909,,World Bank (IT.NET.USER.ZS),
Malaysia,2007,Asia,55.7,15038103.0,26998389,,World Bank (IT.NET.USER.ZS),
Malaysia,2008,Asia,55.8,15384093.0,27570059,,World Bank (IT.NET.USER.ZS),
Malaysia,2009,Asia,55.9,15721751.0,28124778,,World Bank (IT.NET.USER.ZS),
Malaysia,2010,Asia,56.3,16133202.0,28655776,,World Bank (IT.NET.USER.ZS),
Malaysia,2011,Asia,61.0,17788844.0,29162039,,World Bank (IT.NET.USER.ZS),
Malaysia,2012,Asia,65.8,19518143.0,29662831,,World Bank (IT.NET.USER.ZS),
Malaysia,2013,Asia,57.06,17216685.0,30174265,,World Bank (IT.NET.USER.ZS),
Malaysia,2014,Asia,63.67,19542826.0,30696137,,World Bank (IT.NET.USER.ZS),
Malaysia,2015,Asia,71.06,22195297.0,31232798,,World Bank (IT.NET.USER.ZS),
Malaysia,2016,Asia,78.79,25046556.0,31789685,,World Bank (IT.NET.USER.ZS),
Malaysia,2017,Asia,80.14,25929968.0,32355644,,World Bank (IT.NET.USER.ZS),
Malaysia,2018,Asia,81.2,26724050.0,32910967,,World Bank (IT.NET.USER.ZS),
Malaysia,2019,Asia,84.19,28152683.0,33440596,,World Bank (IT.NET.USER.ZS),
Malaysia,2020,Asia,89.56,30349798.0,33889558,,World Bank (IT.NET.USER.ZS),
Malaysia,2021,Asia,96.75,33168711.0,34282399,,World Bank (IT.NET.USER.ZS),
Malaysia,2022,Asia,97.4,33792938.0,34695493,,World Bank (IT.NET.USER.ZS),
Malaysia,2023,Asia,97.69,34315838.0,35126298,83.0,World Bank (IT.NET.USER.ZS),DataReportal 2023
Maldives,2000,Other,2.2,6215.0,282019,,World Bank (IT.NET.USER.ZS),
Maldives,2001,Other,3.62,10373.0,286767,,World Bank (IT.NET.USER.ZS),
Maldives,2002,Other,5.35,15595.0,291616,,World Bank (IT.NET.USER.ZS),
Maldives,2003,Other,5.98,17720.0,296491,,World Bank (IT.NET.USER.ZS),
Maldives,2004,Other,6.59,19858.0,301413,,World Bank (IT.NET.USER.ZS),
Maldives,2005,Other,6.87,21050.0,306429,,World Bank (IT.NET.USER.ZS),
Maldives,2006,Other,11.04,34638.0,313851,,World Bank (IT.NET.USER.ZS),
Maldives,2007,Other,16.3,52890.0,324479,,World Bank (IT.NET.USER.ZS),
Maldives,2008,Other,23.2,77991.0,336170,,World Bank (IT.NET.USER.ZS),
Maldives,2009,Other,24.8,86372.0,348275,,World Bank (IT.NET.USER.ZS),
Maldives,2010,Other,26.53,95718.0,360792,,World Bank (IT.NET.USER.ZS),
Maldives,2011,Other,34.0,127049.0,373674,,World Bank (IT.NET.USER.ZS),
Maldives,2012,Other,38.93,150589.0,386818,,World Bank (IT.NET.USER.ZS),
Maldives,2013,Other,44.1,176431.0,400070,,World Bank (IT.NET.USER.ZS),
Maldives,2014,Other,49.28,203830.0,413617,,World Bank (IT.NET.USER.ZS),
Maldives,2015,Other,54.46,233181.0,428154,,World Bank (IT.NET.USER.ZS),
Maldives,2016,Other,59.48,263669.0,443308,,World Bank (IT.NET.USER.ZS),
Maldives,2017,Other,64.96,297680.0,458287,,World Bank (IT.NET.USER.ZS),
Maldives,2018,Other,70.94,335602.0,473099,,World Bank (IT.NET.USER.ZS),
Maldives,2019,Other,77.47,377844.0,487731,,World Bank (IT.NET.USER.ZS),
Maldives,2020,Other,79.1,397164.0,502118,,World Bank (IT.NET.USER.ZS),
Maldives,2021,Other,81.96,423027.0,516154,,World Bank (IT.NET.USER.ZS),
Maldives,2022,Other,83.91,439787.0,524106,,World Bank (IT.NET.USER.ZS),
Maldives,2023,Other,84.55,444743.0,525994,,World Bank (IT.NET.USER.ZS),
Mali,2000,Other,0.14,16477.0,11559290,,World Bank (IT.NET.USER.ZS),
Mali,2001,Other,0.19,22144.0,11912158,,World Bank (IT.NET.USER.ZS),
Mali,2002,Other,0.23,27899.0,12288050,,World Bank (IT.NET.USER.ZS),
Mali,2003,Other,0.31,39370.0,12684955,,World Bank (IT.NET.USER.ZS),
Mali,2004,Other,0.43,56710.0,13102409,,World Bank (IT.NET.USER.ZS),
Mali,2005,Other,0.51,68654.0,13538647,,World Bank (IT.NET.USER.ZS),
Mali,2006,Other,0.73,102072.0,13990139,,World Bank (IT.NET.USER.ZS),
Mali,2007,Other,0.81,117108.0,14457775,,World Bank (IT.NET.USER.ZS),
Mali,2008,Other,1.57,234570.0,14940782,,World Bank (IT.NET.USER.ZS),
Mali,2009,Other,1.8,277840.0,15435539,,World Bank (IT.NET.USER.ZS),
Mali,2010,Other,2.0,318904.0,15945198,,World Bank (IT.NET.USER.ZS),
Mali,2011,Other,2.2,362319.0,16469049,,World Bank (IT.NET.USER.ZS),
Mali,2012,Other,2.8,474797.0,16957033,,World Bank (IT.NET.USER.ZS),
Mali,2013,Other,3.5,611087.0,17459615,,World Bank (IT.NET.USER.ZS),
Mali,2014,Other,7.0,1261419.0,18020267,,World Bank (IT.NET.USER.ZS),
Mali,2015,Other,10.33,1920659.0,18593022,,World Bank (IT.NET.USER.ZS),
Mali,2016,Other,14.0,2686780.0,19191289,,World Bank (IT.NET.USER.ZS),
Mali,2017,Other,18.9,3744659.0,19813011,,World Bank (IT.NET.USER.ZS),
Mali,2018,Other,21.4,4374594.0,20442030,,World Bank (IT.NET.USER.ZS),
Mali,2019,Other,24.96,5258737.0,21068405,,World Bank (IT.NET.USER.ZS),
Mali,2020,Other,29.11,6321549.0,21713836,,World Bank (IT.NET.USER.ZS),
Mali,2021,Other,33.96,7602395.0,22388630,,World Bank (IT.NET.USER.ZS),
Mali,2022,Other,35.2,8121385.0,23072640,,World Bank (IT.NET.USER.ZS),
Mali,2023,Other,36.04,8566108.0,23769127,,World Bank (IT.NET.USER.ZS),
Malta,2000,Other,13.11,51155.0,390087,,World Bank (IT.NET.USER.ZS),
Malta,2001,Other,17.88,70265.0,393028,,World Bank (IT.NET.USER.ZS),
Malta,2002,Other,28.92,114514.0,395969,,World Bank (IT.NET.USER.ZS),
Malta,2003,Other,31.64,126111.0,398582,,World Bank (IT.NET.USER.ZS),
Malta,2004,Other,34.62,138919.0,401268,,World Bank (IT.NET.USER.ZS),
Malta,2005,Other,41.24,166541.0,403834,,World Bank (IT.NET.USER.ZS),
Malta,2006,Other,40.41,163785.0,405308,,World Bank (IT.NET.USER.ZS),
Malta,2007,Other,46.9,190754.0,406724,,World Bank (IT.NET.USER.ZS),
Malta,2008,Other,50.08,205017.0,409379,,World Bank (IT.NET.USER.ZS),
Malta,2009,Other,58.86,242784.0,412477,,World Bank (IT.NET.USER.ZS),
Malta,2010,Other,63.0,261140.0,414508,,World Bank (IT.NET.USER.ZS),
Malta,2011,Other,68.02,283145.0,416268,,World Bank (IT.NET.USER.ZS),
Malta,2012,Other,68.2,286459.0,420028,,World Bank (IT.NET.USER.ZS),
Malta,2013,Other,68.91,292753.0,424810,,World Bank (IT.NET.USER.ZS),
Malta,2014,Other,73.11,316936.0,433481,,World Bank (IT.NET.USER.ZS),
Malta,2015,Other,75.96,337430.0,444220,,World Bank (IT.NET.USER.ZS),
Malta,2016,Other,78.08,354855.0,454505,,World Bank (IT.NET.USER.ZS),
Malta,2017,Other,81.01,378411.0,467106,,World Bank (IT.NET.USER.ZS),
Malta,2018,Other,81.66,395146.0,483903,,World Bank (IT.NET.USER.ZS),
Malta,2019,Other,85.78,432249.0,503912,,World Bank (IT.NET.USER.ZS),
Malta,2020,Other,86.86,447748.0,515490,,World Bank (IT.NET.USER.ZS),
Malta,2021,Other,87.47,453225.0,518150,,World Bank (IT.NET.USER.ZS),
Malta,2022,Other,91.54,486184.0,531113,,World Bank (IT.NET.USER.ZS),
Malta,2023,Other,92.07,508929.0,552747,,World Bank (IT.NET.USER.ZS),
Marshall Islands,2000,Other,1.53,778.0,50706,,World Bank (IT.NET.USER.ZS),
Marshall Islands,2001,Other,1.71,872.0,51123,,World Bank (IT.NET.USER.ZS),
Marshall Islands,2002,Other,2.34,1201.0,51425,,World Bank (IT.NET.USER.ZS),
Marshall Islands,2003,Other,2.57,1327.0,51639,,World Bank (IT.NET.USER.ZS),
Marshall Islands,2004,Other,3.6,1864.0,51791,,World Bank (IT.NET.USER.ZS),
Marshall Islands,2005,Other,3.88,2013.0,51906,,World Bank (IT.NET.USER.ZS),
Marshall Islands,2006,Other,3.8,1973.0,51992,,World Bank (IT.NET.USER.ZS),
Marshall Islands,2007,Other,3.95,2055.0,52035,,World Bank (IT.NET.USER.ZS),
Marshall Islands,2008,Other,4.6,2393.0,52030,,World Bank (IT.NET.USER.ZS),
Marshall Islands,2009,Other,5.6,2913.0,52019,,World Bank (IT.NET.USER.ZS),
Marshall Islands,2010,Other,7.0,3643.0,52044,,World Bank (IT.NET.USER.ZS),
Marshall Islands,2011,Other,10.0,5191.0,51907,,World Bank (IT.NET.USER.ZS),
Marshall Islands,2012,Other,12.5,6427.0,51419,,World Bank (IT.NET.USER.ZS),
Marshall Islands,2013,Other,14.0,7095.0,50681,,World Bank (IT.NET.USER.ZS),
Marshall Islands,2014,Other,16.8,8366.0,49796,,World Bank (IT.NET.USER.ZS),
Marshall Islands,2015,Other,19.28,9410.0,48800,,World Bank (IT.NET.USER.ZS),
Marshall Islands,2016,Other,29.79,14211.0,47709,,World Bank (IT.NET.USER.ZS),
Marshall Islands,2017,Other,38.7,18007.0,46529,,World Bank (IT.NET.USER.ZS),
Marshall Islands,2018,Other,43.88,19872.0,45285,,World Bank (IT.NET.USER.ZS),
Marshall Islands,2019,Other,49.76,21897.0,44007,,World Bank (IT.NET.USER.ZS),
Marshall Islands,2020,Other,56.42,24094.0,42706,,World Bank (IT.NET.USER.ZS),
Marshall Islands,2021,Other,63.97,26464.0,41367,,World Bank (IT.NET.USER.ZS),
Marshall Islands,2022,Other,64.27,25756.0,40077,,World Bank (IT.NET.USER.ZS),
Marshall Islands,2023,Other,64.08,24879.0,38827,,World Bank (IT.NET.USER.ZS),
Mauritania,2000,Other,0.19,5019.0,2613441,,World Bank (IT.NET.USER.ZS),
Mauritania,2001,Other,0.26,7004.0,2678760,,World Bank (IT.NET.USER.ZS),
Mauritania,2002,Other,0.36,9948.0,2738655,,World Bank (IT.NET.USER.ZS),
Mauritania,2003,Other,0.42,11881.0,2802046,,World Bank (IT.NET.USER.ZS),
Mauritania,2004,Other,0.48,13812.0,2868664,,World Bank (IT.NET.USER.ZS),
Mauritania,2005,Other,0.67,19692.0,2939059,,World Bank (IT.NET.USER.ZS),
Mauritania,2006,Other,0.98,29525.0,3013660,,World Bank (IT.NET.USER.ZS),
Mauritania,2007,Other,1.43,44342.0,3093059,,World Bank (IT.NET.USER.ZS),
Mauritania,2008,Other,1.87,59527.0,3183269,,World Bank (IT.NET.USER.ZS),
Mauritania,2009,Other,2.28,74885.0,3284448,,World Bank (IT.NET.USER.ZS),
Mauritania,2010,Other,4.0,135639.0,3390965,,World Bank (IT.NET.USER.ZS),
Mauritania,2011,Other,4.5,157626.0,3502811,,World Bank (IT.NET.USER.ZS),
Mauritania,2012,Other,5.0,180952.0,3619034,,World Bank (IT.NET.USER.ZS),
Mauritania,2013,Other,6.2,231528.0,3734318,,World Bank (IT.NET.USER.ZS),
Mauritania,2014,Other,11.8,454125.0,3848514,,World Bank (IT.NET.USER.ZS),
Mauritania,2015,Other,17.6,698009.0,3965959,,World Bank (IT.NET.USER.ZS),
Mauritania,2016,Other,19.23,785979.0,4086657,,World Bank (IT.NET.USER.ZS),
Mauritania,2017,Other,21.02,884950.0,4210600,,World Bank (IT.NET.USER.ZS),
Mauritania,2018,Other,22.97,996236.0,4337685,,World Bank (IT.NET.USER.ZS),
Mauritania,2019,Other,25.1,1121296.0,4467708,,World Bank (IT.NET.USER.ZS),
Mauritania,2020,Other,29.91,1375738.0,4600131,,World Bank (IT.NET.USER.ZS),
Mauritania,2021,Other,35.64,1687348.0,4734874,,World Bank (IT.NET.USER.ZS),
Mauritania,2022,Other,42.46,2070415.0,4875637,,World Bank (IT.NET.USER.ZS),
Mauritania,2023,Other,44.96,2257904.0,5022441,,World Bank (IT.NET.USER.ZS),
Mauritius,2000,Other,7.28,86423.0,1186873,,World Bank (IT.NET.USER.ZS),
Mauritius,2001,Other,8.78,105045.0,1196287,,World Bank (IT.NET.USER.ZS),
Mauritius,2002,Other,10.25,123505.0,1204621,,World Bank (IT.NET.USER.ZS),
Mauritius,2003,Other,12.19,147875.0,1213370,,World Bank (IT.NET.USER.ZS),
Mauritius,2004,Other,13.69,167144.0,1221003,,World Bank (IT.NET.USER.ZS),
Mauritius,2005,Other,15.17,186353.0,1228254,,World Bank (IT.NET.USER.ZS),
Mauritius,2006,Other,16.7,206077.0,1233996,,World Bank (IT.NET.USER.ZS),
Mauritius,2007,Other,20.22,250653.0,1239630,,World Bank (IT.NET.USER.ZS),
Mauritius,2008,Other,21.81,271343.0,1244121,,World Bank (IT.NET.USER.ZS),
Mauritius,2009,Other,22.51,280796.0,1247429,,World Bank (IT.NET.USER.ZS),
Mauritius,2010,Other,28.33,354238.0,1250400,,World Bank (IT.NET.USER.ZS),
Mauritius,2011,Other,34.95,437715.0,1252404,,World Bank (IT.NET.USER.ZS),
Mauritius,2012,Other,35.42,444833.0,1255882,,World Bank (IT.NET.USER.ZS),
Mauritius,2013,Other,40.12,505042.0,1258927,,World Bank (IT.NET.USER.ZS),
Mauritius,2014,Other,44.8,565062.0,1261208,,World Bank (IT.NET.USER.ZS),
Mauritius,2015,Other,50.14,633199.0,1262879,,World Bank (IT.NET.USER.ZS),
Mauritius,2016,Other,52.19,659566.0,1263747,,World Bank (IT.NET.USER.ZS),
Mauritius,2017,Other,55.4,700788.0,1264887,,World Bank (IT.NET.USER.ZS),
Mauritius,2018,Other,58.6,741580.0,1265577,,World Bank (IT.NET.USER.ZS),
Mauritius,2019,Other,61.73,781492.0,1265985,,World Bank (IT.NET.USER.ZS),
Mauritius,2020,Other,67.73,857508.0,1266014,,World Bank (IT.NET.USER.ZS),
Mauritius,2021,Other,71.6,906695.0,1266334,,World Bank (IT.NET.USER.ZS),
Mauritius,2022,Other,75.5,953205.0,1262523,,World Bank (IT.NET.USER.ZS),
Mauritius,2023,Other,79.5,992674.0,1248647,,World Bank (IT.NET.USER.ZS),
Mexico,2000,North America,5.08,5011543.0,98625552,,World Bank (IT.NET.USER.ZS),
Mexico,2001,North America,7.04,7044998.0,100099099,,World Bank (IT.NET.USER.ZS),
Mexico,2002,North America,11.9,12084286.0,101548624,,World Bank (IT.NET.USER.ZS),
Mexico,2003,North America,12.9,13284228.0,102978515,,World Bank (IT.NET.USER.ZS),
Mexico,2004,North America,14.1,14719572.0,104394131,,World Bank (IT.NET.USER.ZS),
Mexico,2005,North America,17.21,18210159.0,105811504,,World Bank (IT.NET.USER.ZS),
Mexico,2006,North America,19.52,20935916.0,107253666,,World Bank (IT.NET.USER.ZS),
Mexico,2007,North America,20.81,22635944.0,108774360,,World Bank (IT.NET.USER.ZS),
Mexico,2008,North America,21.71,23962258.0,110374288,,World Bank (IT.NET.USER.ZS),
Mexico,2009,North America,26.34,29500727.0,111999721,,World Bank (IT.NET.USER.ZS),
Mexico,2010,North America,31.05,35280219.0,113623895,,World Bank (IT.NET.USER.ZS),
Mexico,2011,North America,37.18,42843265.0,115243504,,World Bank (IT.NET.USER.ZS),
Mexico,2012,North America,39.75,46435238.0,116818208,,World Bank (IT.NET.USER.ZS),
Mexico,2013,North America,43.46,51432117.0,118343573,,World Bank (IT.NET.USER.ZS),
Mexico,2014,North America,44.39,53167078.0,119784261,,World Bank (IT.NET.USER.ZS),
Mexico,2015,North America,57.43,69533088.0,121072306,,World Bank (IT.NET.USER.ZS),
Mexico,2016,North America,59.54,72789000.0,122251351,,World Bank (IT.NET.USER.ZS),
Mexico,2017,North America,53.03,65441257.0,123400057,,World Bank (IT.NET.USER.ZS),
Mexico,2018,North America,56.66,70582925.0,124573711,,World Bank (IT.NET.USER.ZS),
Mexico,2019,North America,69.63,87571417.0,125762982,,World Bank (IT.NET.USER.ZS),
Mexico,2020,North America,71.49,90648866.0,126799054,,World Bank (IT.NET.USER.ZS),
Mexico,2021,North America,75.63,96535833.0,127648148,,World Bank (IT.NET.USER.ZS),
Mexico,2022,North America,78.63,101131296.0,128613117,,World Bank (IT.NET.USER.ZS),
Mexico,2023,North America,81.18,105326872.0,129739759,65.4,World Bank (IT.NET.USER.ZS),DataReportal 2023
"Micronesia, Fed. Sts.",2000,Other,3.73,4185.0,112044,,World Bank (IT.NET.USER.ZS),
"Micronesia, Fed. Sts.",2001,Other,4.66,5237.0,112365,,World Bank (IT.NET.USER.ZS),
"Micronesia, Fed. Sts.",2002,Other,5.57,6263.0,112448,,World Bank (IT.NET.USER.ZS),
"Micronesia, Fed. Sts.",2003,Other,9.23,10367.0,112285,,World Bank (IT.NET.USER.ZS),
"Micronesia, Fed. Sts.",2004,Other,11.02,12332.0,111925,,World Bank (IT.NET.USER.ZS),
"Micronesia, Fed. Sts.",2005,Other,11.88,13237.0,111412,,World Bank (IT.NET.USER.ZS),
"Micronesia, Fed. Sts.",2006,Other,12.75,14118.0,110729,,World Bank (IT.NET.USER.ZS),
"Micronesia, Fed. Sts.",2007,Other,13.62,14967.0,109880,,World Bank (IT.NET.USER.ZS),
"Micronesia, Fed. Sts.",2008,Other,14.49,15785.0,108936,,World Bank (IT.NET.USER.ZS),
"Micronesia, Fed. Sts.",2009,Other,15.35,16571.0,107957,,World Bank (IT.NET.USER.ZS),
"Micronesia, Fed. Sts.",2010,Other,20.0,21508.0,107540,,World Bank (IT.NET.USER.ZS),
"Micronesia, Fed. Sts.",2011,Other,22.8,24555.0,107698,,World Bank (IT.NET.USER.ZS),
"Micronesia, Fed. Sts.",2012,Other,25.97,28024.0,107890,,World Bank (IT.NET.USER.ZS),
"Micronesia, Fed. Sts.",2013,Other,27.8,30058.0,108121,,World Bank (IT.NET.USER.ZS),
"Micronesia, Fed. Sts.",2014,Other,29.65,32139.0,108396,,World Bank (IT.NET.USER.ZS),
"Micronesia, Fed. Sts.",2015,Other,31.5,34247.0,108716,,World Bank (IT.NET.USER.ZS),
"Micronesia, Fed. Sts.",2016,Other,33.35,36379.0,109075,,World Bank (IT.NET.USER.ZS),
"Micronesia, Fed. Sts.",2017,Other,35.3,38651.0,109481,,World Bank (IT.NET.USER.ZS),
"Micronesia, Fed. Sts.",2018,Other,36.61,40243.0,109909,,World Bank (IT.NET.USER.ZS),
"Micronesia, Fed. Sts.",2019,Other,37.97,41878.0,110282,,World Bank (IT.NET.USER.ZS),
"Micronesia, Fed. Sts.",2020,Other,39.38,43682.0,110916,,World Bank (IT.NET.USER.ZS),
"Micronesia, Fed. Sts.",2022,Other,39.03,43756.0,112114,,World Bank (IT.NET.USER.ZS),
"Micronesia, Fed. Sts.",2023,Other,39.4,44375.0,112630,,World Bank (IT.NET.USER.ZS),
"Middle East, North Africa, Afghanistan & Pakistan",2005,Other,8.3,46165448.0,556210211,,World Bank (IT.NET.USER.ZS),
"Middle East, North Africa, Afghanistan & Pakistan",2006,Other,9.6,54710256.0,569898499,,World Bank (IT.NET.USER.ZS),
"Middle East, North Africa, Afghanistan & Pakistan",2007,Other,11.7,68298028.0,583743828,,World Bank (IT.NET.USER.ZS),
"Middle East, North Africa, Afghanistan & Pakistan",2008,Other,14.1,84289673.0,597799097,,World Bank (IT.NET.USER.ZS),
"Middle East, North Africa, Afghanistan & Pakistan",2009,Other,16.1,98552689.0,612128501,,World Bank (IT.NET.USER.ZS),
"Middle East, North Africa, Afghanistan & Pakistan",2010,Other,18.3,114343646.0,624828664,,World Bank (IT.NET.USER.ZS),
"Middle East, North Africa, Afghanistan & Pakistan",2011,Other,20.1,128449828.0,639053870,,World Bank (IT.NET.USER.ZS),
"Middle East, North Africa, Afghanistan & Pakistan",2012,Other,22.4,146333251.0,653273442,,World Bank (IT.NET.USER.ZS),
"Middle East, North Africa, Afghanistan & Pakistan",2013,Other,25.2,168200930.0,667464006,,World Bank (IT.NET.USER.ZS),
"Middle East, North Africa, Afghanistan & Pakistan",2014,Other,28.7,195365658.0,680716578,,World Bank (IT.NET.USER.ZS),
"Middle East, North Africa, Afghanistan & Pakistan",2015,Other,31.8,220766085.0,694232973,,World Bank (IT.NET.USER.ZS),
"Middle East, North Africa, Afghanistan & Pakistan",2016,Other,35.0,247458234.0,707023525,,World Bank (IT.NET.USER.ZS),
"Middle East, North Africa, Afghanistan & Pakistan",2017,Other,39.7,285398434.0,718887744,,World Bank (IT.NET.USER.ZS),
"Middle East, North Africa, Afghanistan & Pakistan",2018,Other,42.3,308943267.0,730362334,,World Bank (IT.NET.USER.ZS),
"Middle East, North Africa, Afghanistan & Pakistan",2019,Other,46.0,341648653.0,742714463,,World Bank (IT.NET.USER.ZS),
"Middle East, North Africa, Afghanistan & Pakistan",2020,Other,50.6,382741072.0,756405281,,World Bank (IT.NET.USER.ZS),
"Middle East, North Africa, Afghanistan & Pakistan",2021,Other,54.2,416027520.0,767578451,,World Bank (IT.NET.USER.ZS),
"Middle East, North Africa, Afghanistan & Pakistan",2022,Other,57.8,452197934.0,782349366,,World Bank (IT.NET.USER.ZS),
"Middle East, North Africa, Afghanistan & Pakistan",2023,Other,59.5,474691865.0,797801454,,World Bank (IT.NET.USER.ZS),
"Middle East, North Africa, Afghanistan & Pakistan (IDA & IBRD)",2005,Other,7.4,38030108.0,513920381,,World Bank (IT.NET.USER.ZS),
"Middle East, North Africa, Afghanistan & Pakistan (IDA & IBRD)",2006,Other,8.3,43637427.0,525752130,,World Bank (IT.NET.USER.ZS),
"Middle East, North Africa, Afghanistan & Pakistan (IDA & IBRD)",2007,Other,9.6,51584986.0,537343609,,World Bank (IT.NET.USER.ZS),
"Middle East, North Africa, Afghanistan & Pakistan (IDA & IBRD)",2008,Other,11.6,63694442.0,549090016,,World Bank (IT.NET.USER.ZS),
"Middle East, North Africa, Afghanistan & Pakistan (IDA & IBRD)",2009,Other,13.4,75220786.0,561349152,,World Bank (IT.NET.USER.ZS),
"Middle East, North Africa, Afghanistan & Pakistan (IDA & IBRD)",2010,Other,15.3,87762311.0,573609877,,World Bank (IT.NET.USER.ZS),
"Middle East, North Africa, Afghanistan & Pakistan (IDA & IBRD)",2011,Other,16.7,97822430.0,585763053,,World Bank (IT.NET.USER.ZS),
"Middle East, North Africa, Afghanistan & Pakistan (IDA & IBRD)",2012,Other,18.6,111151180.0,597586990,,World Bank (IT.NET.USER.ZS),
"Middle East, North Africa, Afghanistan & Pakistan (IDA & IBRD)",2013,Other,21.1,128514736.0,609074579,,World Bank (IT.NET.USER.ZS),
"Middle East, North Africa, Afghanistan & Pakistan (IDA & IBRD)",2014,Other,24.5,151995713.0,620390664,,World Bank (IT.NET.USER.ZS),
"Middle East, North Africa, Afghanistan & Pakistan (IDA & IBRD)",2015,Other,27.4,172916631.0,631082594,,World Bank (IT.NET.USER.ZS),
"Middle East, North Africa, Afghanistan & Pakistan (IDA & IBRD)",2016,Other,30.6,196290073.0,641470827,,World Bank (IT.NET.USER.ZS),
"Middle East, North Africa, Afghanistan & Pakistan (IDA & IBRD)",2017,Other,34.6,225700232.0,652312809,,World Bank (IT.NET.USER.ZS),
"Middle East, North Africa, Afghanistan & Pakistan (IDA & IBRD)",2018,Other,37.4,248290501.0,663878345,,World Bank (IT.NET.USER.ZS),
"Middle East, North Africa, Afghanistan & Pakistan (IDA & IBRD)",2019,Other,41.3,279107750.0,675805691,,World Bank (IT.NET.USER.ZS),
"Middle East, North Africa, Afghanistan & Pakistan (IDA & IBRD)",2020,Other,46.2,317730686.0,687728758,,World Bank (IT.NET.USER.ZS),
"Middle East, North Africa, Afghanistan & Pakistan (IDA & IBRD)",2021,Other,50.0,349768026.0,699536053,,World Bank (IT.NET.USER.ZS),
"Middle East, North Africa, Afghanistan & Pakistan (IDA & IBRD)",2022,Other,53.8,382768194.0,711465045,,World Bank (IT.NET.USER.ZS),
"Middle East, North Africa, Afghanistan & Pakistan (IDA & IBRD)",2023,Other,55.7,403218800.0,723911670,,World Bank (IT.NET.USER.ZS),
"Middle East, North Africa, Afghanistan & Pakistan (excluding high income)",2005,Other,7.5,38793058.0,517240777,,World Bank (IT.NET.USER.ZS),
"Middle East, North Africa, Afghanistan & Pakistan (excluding high income)",2006,Other,8.4,44449311.0,529158464,,World Bank (IT.NET.USER.ZS),
"Middle East, North Africa, Afghanistan & Pakistan (excluding high income)",2007,Other,9.7,52461296.0,540838105,,World Bank (IT.NET.USER.ZS),
"Middle East, North Africa, Afghanistan & Pakistan (excluding high income)",2008,Other,11.7,64663793.0,552681993,,World Bank (IT.NET.USER.ZS),
"Middle East, North Africa, Afghanistan & Pakistan (excluding high income)",2009,Other,13.5,76280164.0,565038251,,World Bank (IT.NET.USER.ZS),
"Middle East, North Africa, Afghanistan & Pakistan (excluding high income)",2010,Other,15.5,89496386.0,577396038,,World Bank (IT.NET.USER.ZS),
"Middle East, North Africa, Afghanistan & Pakistan (excluding high income)",2011,Other,16.9,99650181.0,589646039,,World Bank (IT.NET.USER.ZS),
"Middle East, North Africa, Afghanistan & Pakistan (excluding high income)",2012,Other,18.7,112493027.0,601566988,,World Bank (IT.NET.USER.ZS),
"Middle East, North Africa, Afghanistan & Pakistan (excluding high income)",2013,Other,21.3,130601224.0,613151287,,World Bank (IT.NET.USER.ZS),
"Middle East, North Africa, Afghanistan & Pakistan (excluding high income)",2014,Other,24.7,154267323.0,624564062,,World Bank (IT.NET.USER.ZS),
"Middle East, North Africa, Afghanistan & Pakistan (excluding high income)",2015,Other,27.6,175357341.0,635352686,,World Bank (IT.NET.USER.ZS),
"Middle East, North Africa, Afghanistan & Pakistan (excluding high income)",2016,Other,30.8,198918078.0,645837915,,World Bank (IT.NET.USER.ZS),
"Middle East, North Africa, Afghanistan & Pakistan (excluding high income)",2017,Other,34.8,228555130.0,656767614,,World Bank (IT.NET.USER.ZS),
"Middle East, North Africa, Afghanistan & Pakistan (excluding high income)",2018,Other,37.6,251336234.0,668447432,,World Bank (IT.NET.USER.ZS),
"Middle East, North Africa, Afghanistan & Pakistan (excluding high income)",2019,Other,41.5,282403764.0,680490997,,World Bank (IT.NET.USER.ZS),
"Middle East, North Africa, Afghanistan & Pakistan (excluding high income)",2020,Other,46.4,321334861.0,692532027,,World Bank (IT.NET.USER.ZS),
"Middle East, North Africa, Afghanistan & Pakistan (excluding high income)",2021,Other,50.2,353638319.0,704458802,,World Bank (IT.NET.USER.ZS),
"Middle East, North Africa, Afghanistan & Pakistan (excluding high income)",2022,Other,54.1,387631183.0,716508657,,World Bank (IT.NET.USER.ZS),
"Middle East, North Africa, Afghanistan & Pakistan (excluding high income)",2023,Other,55.9,407554292.0,729077445,,World Bank (IT.NET.USER.ZS),
Moldova,2000,Other,1.28,37519.0,2924668,,World Bank (IT.NET.USER.ZS),
Moldova,2001,Other,1.49,43416.0,2918135,,World Bank (IT.NET.USER.ZS),
Moldova,2002,Other,3.79,110261.0,2911385,,World Bank (IT.NET.USER.ZS),
Moldova,2003,Other,7.41,215056.0,2903198,,World Bank (IT.NET.USER.ZS),
Moldova,2004,Other,10.63,307830.0,2896023,,World Bank (IT.NET.USER.ZS),
Moldova,2005,Other,14.63,422666.0,2888985,,World Bank (IT.NET.USER.ZS),
Moldova,2006,Other,19.62,565264.0,2880967,,World Bank (IT.NET.USER.ZS),
Moldova,2007,Other,20.45,587794.0,2874299,,World Bank (IT.NET.USER.ZS),
Moldova,2008,Other,23.39,671020.0,2868833,,World Bank (IT.NET.USER.ZS),
Moldova,2009,Other,27.5,787934.0,2865213,,World Bank (IT.NET.USER.ZS),
Moldova,2010,Other,29.68,849547.0,2862354,,World Bank (IT.NET.USER.ZS),
Moldova,2011,Other,32.07,917426.0,2860699,,World Bank (IT.NET.USER.ZS),
Moldova,2012,Other,34.65,991102.0,2860324,,World Bank (IT.NET.USER.ZS),
Moldova,2013,Other,37.44,1070618.0,2859558,,World Bank (IT.NET.USER.ZS),
Moldova,2014,Other,67.0,1914736.0,2857815,,World Bank (IT.NET.USER.ZS),
Moldova,2015,Other,69.0,1956825.0,2835978,,World Bank (IT.NET.USER.ZS),
Moldova,2016,Other,71.0,1990262.0,2803186,,World Bank (IT.NET.USER.ZS),
Moldova,2017,Other,71.77,1977319.0,2755189,,World Bank (IT.NET.USER.ZS),
Moldova,2018,Other,72.54,1963870.0,2707203,,World Bank (IT.NET.USER.ZS),
Moldova,2019,Other,73.33,1953572.0,2664224,,World Bank (IT.NET.USER.ZS),
Moldova,2020,Other,74.12,1953114.0,2635130,,World Bank (IT.NET.USER.ZS),
Moldova,2021,Other,74.92,1944754.0,2595809,,World Bank (IT.NET.USER.ZS),
Moldova,2022,Other,74.92,1894442.0,2528654,,World Bank (IT.NET.USER.ZS),
Moldova,2023,Other,76.5,1880285.0,2457783,,World Bank (IT.NET.USER.ZS),
Monaco,2000,Other,42.18,13691.0,32455,,World Bank (IT.NET.USER.ZS),
Monaco,2001,Other,46.65,15135.0,32447,,World Bank (IT.NET.USER.ZS),
Monaco,2002,Other,48.05,15578.0,32422,,World Bank (IT.NET.USER.ZS),
Monaco,2003,Other,49.49,16022.0,32374,,World Bank (IT.NET.USER.ZS),
Monaco,2004,Other,52.49,16958.0,32307,,World Bank (IT.NET.USER.ZS),
Monaco,2005,Other,55.46,17865.0,32210,,World Bank (IT.NET.USER.ZS),
Monaco,2006,Other,61.48,19707.0,32057,,World Bank (IT.NET.USER.ZS),
Monaco,2007,Other,64.38,20496.0,31837,,World Bank (IT.NET.USER.ZS),
Monaco,2008,Other,67.25,21410.0,31836,,World Bank (IT.NET.USER.ZS),
Monaco,2009,Other,70.1,22687.0,32364,,World Bank (IT.NET.USER.ZS),
Monaco,2010,Other,75.0,24872.0,33163,,World Bank (IT.NET.USER.ZS),
Monaco,2011,Other,80.3,27259.0,33946,,World Bank (IT.NET.USER.ZS),
Monaco,2012,Other,87.0,30199.0,34711,,World Bank (IT.NET.USER.ZS),
Monaco,2013,Other,90.7,32150.0,35447,,World Bank (IT.NET.USER.ZS),
Monaco,2014,Other,92.4,33382.0,36128,,World Bank (IT.NET.USER.ZS),
Monaco,2015,Other,93.36,34318.0,36757,,World Bank (IT.NET.USER.ZS),
Monaco,2016,Other,95.21,35490.0,37276,,World Bank (IT.NET.USER.ZS),
Monaco,2017,Other,97.05,36568.0,37678,,World Bank (IT.NET.USER.ZS),
Monaco,2019,Other,98.0,37347.0,38109,,World Bank (IT.NET.USER.ZS),
Monaco,2020,Other,98.57,37506.0,38050,,World Bank (IT.NET.USER.ZS),
Monaco,2021,Other,99.08,38172.0,38527,,World Bank (IT.NET.USER.ZS),
Monaco,2022,Other,98.75,38445.0,38931,,World Bank (IT.NET.USER.ZS),
Monaco,2023,Other,98.87,38516.0,38956,,World Bank (IT.NET.USER.ZS),
Mongolia,2000,Other,1.26,29989.0,2388299,,World Bank (IT.NET.USER.ZS),
Mongolia,2001,Other,1.65,39971.0,2417751,,World Bank (IT.NET.USER.ZS),
Mongolia,2002,Other,2.04,49950.0,2449027,,World Bank (IT.NET.USER.ZS),
Mongolia,2005,Other,9.0,228277.0,2536407,,World Bank (IT.NET.USER.ZS),
Mongolia,2006,Other,9.0,231045.0,2567168,,World Bank (IT.NET.USER.ZS),
Mongolia,2007,Other,9.0,234166.0,2601850,,World Bank (IT.NET.USER.ZS),
Mongolia,2008,Other,9.8,259034.0,2643201,,World Bank (IT.NET.USER.ZS),
Mongolia,2009,Other,10.0,269112.0,2691115,,World Bank (IT.NET.USER.ZS),
Mongolia,2010,Other,10.2,279339.0,2738622,,World Bank (IT.NET.USER.ZS),
Mongolia,2011,Other,12.5,348289.0,2786317,,World Bank (IT.NET.USER.ZS),
Mongolia,2012,Other,16.4,465712.0,2839705,,World Bank (IT.NET.USER.ZS),
Mongolia,2013,Other,17.7,513124.0,2899011,,World Bank (IT.NET.USER.ZS),
Mongolia,2014,Other,19.94,590917.0,2963113,,World Bank (IT.NET.USER.ZS),
Mongolia,2015,Other,22.5,681045.0,3026864,,World Bank (IT.NET.USER.ZS),
Mongolia,2016,Other,22.27,687758.0,3088856,,World Bank (IT.NET.USER.ZS),
Mongolia,2017,Other,23.71,746744.0,3148917,,World Bank (IT.NET.USER.ZS),
Mongolia,2018,Other,47.13,1512020.0,3208189,,World Bank (IT.NET.USER.ZS),
Mongolia,2019,Other,51.08,1669127.0,3267673,,World Bank (IT.NET.USER.ZS),
Mongolia,2020,Other,62.5,2079503.0,3327204,,World Bank (IT.NET.USER.ZS),
Mongolia,2021,Other,81.61,2761364.0,3383741,,World Bank (IT.NET.USER.ZS),
Mongolia,2022,Other,81.08,2783987.0,3433748,,World Bank (IT.NET.USER.ZS),
Mongolia,2023,Other,83.74,2915222.0,3481145,,World Bank (IT.NET.USER.ZS),
Montenegro,2004,Other,25.35,155485.0,613353,,World Bank (IT.NET.USER.ZS),
Montenegro,2005,Other,27.1,166465.0,614261,,World Bank (IT.NET.USER.ZS),
Montenegro,2006,Other,28.9,177742.0,615025,,World Bank (IT.NET.USER.ZS),
Montenegro,2007,Other,30.8,189689.0,615875,,World Bank (IT.NET.USER.ZS),
Montenegro,2008,Other,32.9,202983.0,616969,,World Bank (IT.NET.USER.ZS),
Montenegro,2009,Other,35.1,217021.0,618294,,World Bank (IT.NET.USER.ZS),
Montenegro,2010,Other,37.5,232286.0,619428,,World Bank (IT.NET.USER.ZS),
Montenegro,2011,Other,35.61,220914.0,620345,,World Bank (IT.NET.USER.ZS),
Montenegro,2012,Other,56.84,353206.0,621418,,World Bank (IT.NET.USER.ZS),
Montenegro,2013,Other,60.31,375482.0,622587,,World Bank (IT.NET.USER.ZS),
Montenegro,2014,Other,63.89,398491.0,623744,,World Bank (IT.NET.USER.ZS),
Montenegro,2015,Other,68.12,425511.0,624651,,World Bank (IT.NET.USER.ZS),
Montenegro,2016,Other,69.88,437007.0,625353,,World Bank (IT.NET.USER.ZS),
Montenegro,2017,Other,71.27,446152.0,625982,,World Bank (IT.NET.USER.ZS),
Montenegro,2018,Other,71.52,448010.0,626438,,World Bank (IT.NET.USER.ZS),
Montenegro,2019,Other,73.48,460517.0,626753,,World Bank (IT.NET.USER.ZS),
Montenegro,2020,Other,77.61,486289.0,626590,,World Bank (IT.NET.USER.ZS),
Montenegro,2021,Other,82.22,513917.0,625053,,World Bank (IT.NET.USER.ZS),
Montenegro,2022,Other,88.22,550144.0,623591,,World Bank (IT.NET.USER.ZS),
Montenegro,2023,Other,88.55,552145.0,623529,,World Bank (IT.NET.USER.ZS),
Morocco,2000,Africa,0.69,197199.0,28423435,,World Bank (IT.NET.USER.ZS),
Morocco,2001,Africa,1.37,395175.0,28814643,,World Bank (IT.NET.USER.ZS),
Morocco,2002,Africa,2.37,692946.0,29198142,,World Bank (IT.NET.USER.ZS),
Morocco,2003,Africa,3.35,991638.0,29571415,,World Bank (IT.NET.USER.ZS),
Morocco,2004,Africa,11.61,3476927.0,29953018,,World Bank (IT.NET.USER.ZS),
Morocco,2005,Africa,15.08,4579357.0,30358144,,World Bank (IT.NET.USER.ZS),
Morocco,2006,Africa,19.77,6083829.0,30771178,,World Bank (IT.NET.USER.ZS),
Morocco,2007,Africa,21.5,6705091.0,31186468,,World Bank (IT.NET.USER.ZS),
Morocco,2008,Africa,33.1,10461840.0,31606767,,World Bank (IT.NET.USER.ZS),
Morocco,2009,Africa,41.3,13228711.0,32030778,,World Bank (IT.NET.USER.ZS),
Morocco,2010,Africa,52.0,16882848.0,32467016,,World Bank (IT.NET.USER.ZS),
Morocco,2011,Africa,46.11,15175166.0,32912588,,World Bank (IT.NET.USER.ZS),
Morocco,2012,Africa,55.42,18484158.0,33355241,,World Bank (IT.NET.USER.ZS),
Morocco,2013,Africa,56.0,18921040.0,33787571,,World Bank (IT.NET.USER.ZS),
Morocco,2014,Africa,56.77,19419640.0,34204780,,World Bank (IT.NET.USER.ZS),
Morocco,2015,Africa,57.08,19754011.0,34607588,,World Bank (IT.NET.USER.ZS),
Morocco,2016,Africa,58.27,20408601.0,35023457,,World Bank (IT.NET.USER.ZS),
Morocco,2017,Africa,61.76,21892476.0,35446392,,World Bank (IT.NET.USER.ZS),
Morocco,2018,Africa,64.8,23225550.0,35839760,,World Bank (IT.NET.USER.ZS),
Morocco,2019,Africa,84.12,30460739.0,36210898,,World Bank (IT.NET.USER.ZS),
Morocco,2020,Africa,84.12,30774769.0,36584208,,World Bank (IT.NET.USER.ZS),
Morocco,2021,Africa,88.13,32568068.0,36954442,,World Bank (IT.NET.USER.ZS),
Morocco,2022,Africa,89.9,33558829.0,37329064,,World Bank (IT.NET.USER.ZS),
Morocco,2023,Africa,91.0,34318380.0,37712505,56.3,World Bank (IT.NET.USER.ZS),DataReportal 2023
Mozambique,2000,Africa,0.11,19869.0,18129653,,World Bank (IT.NET.USER.ZS),
Mozambique,2001,Africa,0.16,29666.0,18537729,,World Bank (IT.NET.USER.ZS),
Mozambique,2002,Africa,0.26,49218.0,18958338,,World Bank (IT.NET.USER.ZS),
Mozambique,2003,Africa,0.42,81359.0,19392475,,World Bank (IT.NET.USER.ZS),
Mozambique,2004,Africa,0.68,134805.0,19840313,,World Bank (IT.NET.USER.ZS),
Mozambique,2005,Africa,0.85,173482.0,20304569,,World Bank (IT.NET.USER.ZS),
Mozambique,2006,Africa,0.84,175226.0,20787087,,World Bank (IT.NET.USER.ZS),
Mozambique,2007,Africa,0.91,193717.0,21287635,,World Bank (IT.NET.USER.ZS),
Mozambique,2008,Africa,1.56,340377.0,21819036,,World Bank (IT.NET.USER.ZS),
Mozambique,2009,Africa,2.68,600099.0,22391745,,World Bank (IT.NET.USER.ZS),
Mozambique,2010,Africa,4.17,959068.0,22999235,,World Bank (IT.NET.USER.ZS),
Mozambique,2011,Africa,4.6,1087856.0,23649039,,World Bank (IT.NET.USER.ZS),
Mozambique,2012,Africa,5.0,1216892.0,24337846,,World Bank (IT.NET.USER.ZS),
Mozambique,2013,Africa,5.5,1377839.0,25051611,,World Bank (IT.NET.USER.ZS),
Mozambique,2014,Africa,6.0,1547308.0,25788475,,World Bank (IT.NET.USER.ZS),
Mozambique,2015,Africa,6.5,1725592.0,26547572,,World Bank (IT.NET.USER.ZS),
Mozambique,2016,Africa,7.0,1913597.0,27337105,,World Bank (IT.NET.USER.ZS),
Mozambique,2017,Africa,7.8,2195944.0,28166393,,World Bank (IT.NET.USER.ZS),
Mozambique,2018,Africa,10.9,3163032.0,29018644,,World Bank (IT.NET.USER.ZS),
Mozambique,2019,Africa,12.48,3729361.0,29884380,,World Bank (IT.NET.USER.ZS),
Mozambique,2020,Africa,14.29,4398189.0,30783688,,World Bank (IT.NET.USER.ZS),
Mozambique,2021,Africa,16.36,5186635.0,31707800,,World Bank (IT.NET.USER.ZS),
Mozambique,2022,Africa,18.96,6192343.0,32656246,,World Bank (IT.NET.USER.ZS),
Mozambique,2023,Africa,19.95,6708735.0,33635160,,World Bank (IT.NET.USER.ZS),
Myanmar,2001,Other,0.0,132.0,45771139,,World Bank (IT.NET.USER.ZS),
Myanmar,2002,Other,0.0,197.0,46232653,,World Bank (IT.NET.USER.ZS),
Myanmar,2003,Other,0.02,11230.0,46667192,,World Bank (IT.NET.USER.ZS),
Myanmar,2004,Other,0.02,11455.0,47068772,,World Bank (IT.NET.USER.ZS),
Myanmar,2005,Other,0.07,30930.0,47438365,,World Bank (IT.NET.USER.ZS),
Myanmar,2006,Other,0.18,86992.0,47785135,,World Bank (IT.NET.USER.ZS),
Myanmar,2007,Other,0.22,104493.0,48125043,,World Bank (IT.NET.USER.ZS),
Myanmar,2008,Other,0.22,106460.0,48390793,,World Bank (IT.NET.USER.ZS),
Myanmar,2009,Other,0.22,107053.0,48660459,,World Bank (IT.NET.USER.ZS),
Myanmar,2010,Other,0.25,122561.0,49024382,,World Bank (IT.NET.USER.ZS),
Myanmar,2011,Other,0.98,484314.0,49419820,,World Bank (IT.NET.USER.ZS),
Myanmar,2012,Other,1.4,697724.0,49837446,,World Bank (IT.NET.USER.ZS),
Myanmar,2013,Other,1.8,904728.0,50262658,,World Bank (IT.NET.USER.ZS),
Myanmar,2014,Other,7.4,3750441.0,50681634,,World Bank (IT.NET.USER.ZS),
Myanmar,2015,Other,10.9,5568707.0,51089056,,World Bank (IT.NET.USER.ZS),
Myanmar,2016,Other,16.0,8239311.0,51495696,,World Bank (IT.NET.USER.ZS),
Myanmar,2017,Other,23.62,12258146.0,51894938,,World Bank (IT.NET.USER.ZS),
Myanmar,2018,Other,29.38,15357063.0,52272247,,World Bank (IT.NET.USER.ZS),
Myanmar,2019,Other,36.54,19235180.0,52640713,,World Bank (IT.NET.USER.ZS),
Myanmar,2020,Other,45.45,24094790.0,53016522,,World Bank (IT.NET.USER.ZS),
Namibia,2000,Other,1.64,29912.0,1818647,,World Bank (IT.NET.USER.ZS),
Namibia,2001,Other,2.42,44884.0,1857048,,World Bank (IT.NET.USER.ZS),
Namibia,2002,Other,2.63,49776.0,1889970,,World Bank (IT.NET.USER.ZS),
Namibia,2003,Other,3.36,64424.0,1917464,,World Bank (IT.NET.USER.ZS),
Namibia,2004,Other,3.8,73891.0,1942082,,World Bank (IT.NET.USER.ZS),
Namibia,2005,Other,4.01,78860.0,1966582,,World Bank (IT.NET.USER.ZS),
Namibia,2006,Other,4.4,87621.0,1991888,,World Bank (IT.NET.USER.ZS),
Namibia,2007,Other,4.84,97612.0,2018600,,World Bank (IT.NET.USER.ZS),
Namibia,2008,Other,5.33,109088.0,2047056,,World Bank (IT.NET.USER.ZS),
Namibia,2009,Other,6.5,135031.0,2077394,,World Bank (IT.NET.USER.ZS),
Namibia,2010,Other,11.6,244738.0,2109811,,World Bank (IT.NET.USER.ZS),
Namibia,2011,Other,12.0,257559.0,2146325,,World Bank (IT.NET.USER.ZS),
Namibia,2012,Other,12.94,284019.0,2194654,,World Bank (IT.NET.USER.ZS),
Namibia,2013,Other,13.9,313099.0,2252508,,World Bank (IT.NET.USER.ZS),
Namibia,2014,Other,14.84,343121.0,2312139,,World Bank (IT.NET.USER.ZS),
Namibia,2015,Other,25.69,609908.0,2374300,,World Bank (IT.NET.USER.ZS),
Namibia,2016,Other,31.03,756968.0,2439213,,World Bank (IT.NET.USER.ZS),
Namibia,2017,Other,36.84,923459.0,2506853,,World Bank (IT.NET.USER.ZS),
Namibia,2018,Other,42.82,1103630.0,2577327,,World Bank (IT.NET.USER.ZS),
Namibia,2019,Other,49.78,1319307.0,2650494,,World Bank (IT.NET.USER.ZS),
Namibia,2020,Other,57.86,1578884.0,2728762,,World Bank (IT.NET.USER.ZS),
Namibia,2021,Other,60.26,1693636.0,2810548,,World Bank (IT.NET.USER.ZS),
Namibia,2022,Other,63.0,1820406.0,2889662,,World Bank (IT.NET.USER.ZS),
Namibia,2023,Other,63.7,1887358.0,2963095,,World Bank (IT.NET.USER.ZS),
Nauru,2001,Other,2.99,303.0,10130,,World Bank (IT.NET.USER.ZS),
Nauru,2011,Other,54.0,5453.0,10098,,World Bank (IT.NET.USER.ZS),
Nauru,2017,Other,62.39,7064.0,11324,,World Bank (IT.NET.USER.ZS),
Nauru,2019,Other,74.74,8660.0,11587,,World Bank (IT.NET.USER.ZS),
Nauru,2020,Other,77.47,9019.0,11643,,World Bank (IT.NET.USER.ZS),
Nauru,2021,Other,80.29,9402.0,11709,,World Bank (IT.NET.USER.ZS),
Nauru,2022,Other,83.23,9822.0,11801,,World Bank (IT.NET.USER.ZS),
Nauru,2023,Other,83.04,9861.0,11875,,World Bank (IT.NET.USER.ZS),
Nepal,2000,Other,0.2,50235.0,24546509,,World Bank (IT.NET.USER.ZS),
Nepal,2001,Other,0.24,59876.0,24946748,,World Bank (IT.NET.USER.ZS),
Nepal,2002,Other,0.31,79269.0,25328981,,World Bank (IT.NET.USER.ZS),
Nepal,2003,Other,0.38,98339.0,25688758,,World Bank (IT.NET.USER.ZS),
Nepal,2004,Other,0.45,117034.0,26016656,,World Bank (IT.NET.USER.ZS),
Nepal,2005,Other,0.83,217461.0,26309458,,World Bank (IT.NET.USER.ZS),
Nepal,2006,Other,1.14,303215.0,26565425,,World Bank (IT.NET.USER.ZS),
Nepal,2007,Other,1.41,377718.0,26788492,,World Bank (IT.NET.USER.ZS),
Nepal,2008,Other,1.73,466928.0,26990037,,World Bank (IT.NET.USER.ZS),
Nepal,2009,Other,1.97,535309.0,27173035,,World Bank (IT.NET.USER.ZS),
Nepal,2010,Other,7.93,2168217.0,27341952,,World Bank (IT.NET.USER.ZS),
Nepal,2011,Other,9.0,2471804.0,27464494,,World Bank (IT.NET.USER.ZS),
Nepal,2012,Other,11.15,3069950.0,27534915,,World Bank (IT.NET.USER.ZS),
Nepal,2013,Other,13.3,3669470.0,27589996,,World Bank (IT.NET.USER.ZS),
Nepal,2014,Other,15.44,4272614.0,27672370,,World Bank (IT.NET.USER.ZS),
Nepal,2015,Other,17.58,4891839.0,27823629,,World Bank (IT.NET.USER.ZS),
Nepal,2016,Other,20.7,5786781.0,27955462,,World Bank (IT.NET.USER.ZS),
Nepal,2017,Other,24.3,6806736.0,28011258,,World Bank (IT.NET.USER.ZS),
Nepal,2018,Other,28.6,8030791.0,28079689,,World Bank (IT.NET.USER.ZS),
Nepal,2019,Other,33.34,9472283.0,28414064,,World Bank (IT.NET.USER.ZS),
Nepal,2020,Other,36.97,10707581.0,28966574,,World Bank (IT.NET.USER.ZS),
Nepal,2021,Other,40.99,12081542.0,29475010,,World Bank (IT.NET.USER.ZS),
Nepal,2022,Other,45.45,13505904.0,29715436,,World Bank (IT.NET.USER.ZS),
Nepal,2023,Other,45.81,13602153.0,29694614,,World Bank (IT.NET.USER.ZS),
Netherlands,2000,Europe,43.98,7004734.0,15925513,,World Bank (IT.NET.USER.ZS),
Netherlands,2001,Europe,49.37,7922490.0,16046180,,World Bank (IT.NET.USER.ZS),
Netherlands,2002,Europe,61.29,9897679.0,16148929,,World Bank (IT.NET.USER.ZS),
Netherlands,2003,Europe,64.35,10440982.0,16225302,,World Bank (IT.NET.USER.ZS),
Netherlands,2004,Europe,68.52,11156275.0,16281779,,World Bank (IT.NET.USER.ZS),
Netherlands,2005,Europe,81.0,13219093.0,16319868,,World Bank (IT.NET.USER.ZS),
Netherlands,2006,Europe,83.7,13681687.0,16346101,,World Bank (IT.NET.USER.ZS),
Netherlands,2007,Europe,85.82,14058772.0,16381696,,World Bank (IT.NET.USER.ZS),
Netherlands,2008,Europe,87.42,14376737.0,16445593,,World Bank (IT.NET.USER.ZS),
Netherlands,2009,Europe,89.63,14816187.0,16530388,,World Bank (IT.NET.USER.ZS),
Netherlands,2010,Europe,90.72,15073485.0,16615394,,World Bank (IT.NET.USER.ZS),
Netherlands,2011,Europe,91.42,15260808.0,16693074,,World Bank (IT.NET.USER.ZS),
Netherlands,2012,Europe,92.86,15558656.0,16754962,,World Bank (IT.NET.USER.ZS),
Netherlands,2013,Europe,93.96,15788839.0,16804432,,World Bank (IT.NET.USER.ZS),
Netherlands,2014,Europe,91.67,15459591.0,16865008,,World Bank (IT.NET.USER.ZS),
Netherlands,2015,Europe,91.72,15537998.0,16939923,,World Bank (IT.NET.USER.ZS),
Netherlands,2016,Europe,90.41,15397270.0,17030314,,World Bank (IT.NET.USER.ZS),
Netherlands,2017,Europe,93.2,15965902.0,17131296,,World Bank (IT.NET.USER.ZS),
Netherlands,2018,Europe,91.89,15834465.0,17231624,,World Bank (IT.NET.USER.ZS),
Netherlands,2019,Europe,93.29,16180788.0,17344874,,World Bank (IT.NET.USER.ZS),
Netherlands,2020,Europe,91.33,15929903.0,17441500,,World Bank (IT.NET.USER.ZS),
Netherlands,2021,Europe,92.05,16139690.0,17533044,,World Bank (IT.NET.USER.ZS),
Netherlands,2022,Europe,92.52,16376893.0,17700982,,World Bank (IT.NET.USER.ZS),
Netherlands,2023,Europe,97.01,17342020.0,17877117,87.0,World Bank (IT.NET.USER.ZS),DataReportal 2023
New Caledonia,2000,Other,13.94,31099.0,223098,,World Bank (IT.NET.USER.ZS),
New Caledonia,2001,Other,18.24,41527.0,227707,,World Bank (IT.NET.USER.ZS),
New Caledonia,2002,Other,22.39,51997.0,232236,,World Bank (IT.NET.USER.ZS),
New Caledonia,2003,Other,26.41,62503.0,236678,,World Bank (IT.NET.USER.ZS),
New Caledonia,2004,Other,30.3,72973.0,240852,,World Bank (IT.NET.USER.ZS),
New Caledonia,2005,Other,32.36,79079.0,244381,,World Bank (IT.NET.USER.ZS),
New Caledonia,2006,Other,33.52,82967.0,247547,,World Bank (IT.NET.USER.ZS),
New Caledonia,2007,Other,35.05,87879.0,250725,,World Bank (IT.NET.USER.ZS),
New Caledonia,2008,Other,34.51,87595.0,253825,,World Bank (IT.NET.USER.ZS),
New Caledonia,2009,Other,33.99,87439.0,257250,,World Bank (IT.NET.USER.ZS),
New Caledonia,2010,Other,42.0,109864.0,261582,,World Bank (IT.NET.USER.ZS),
New Caledonia,2011,Other,50.0,133272.0,266543,,World Bank (IT.NET.USER.ZS),
New Caledonia,2012,Other,58.0,157547.0,271633,,World Bank (IT.NET.USER.ZS),
New Caledonia,2013,Other,66.0,182703.0,276822,,World Bank (IT.NET.USER.ZS),
New Caledonia,2014,Other,70.0,196857.0,281224,,World Bank (IT.NET.USER.ZS),
New Caledonia,2015,Other,74.0,209549.0,283168,,World Bank (IT.NET.USER.ZS),
New Caledonia,2017,Other,82.01,232524.0,283546,,World Bank (IT.NET.USER.ZS),
New Zealand,2000,Oceania,47.38,1827761.0,3857700,,World Bank (IT.NET.USER.ZS),
New Zealand,2001,Oceania,53.24,2066018.0,3880500,,World Bank (IT.NET.USER.ZS),
New Zealand,2002,Oceania,59.08,2332804.0,3948500,,World Bank (IT.NET.USER.ZS),
New Zealand,2003,Oceania,60.96,2455083.0,4027200,,World Bank (IT.NET.USER.ZS),
New Zealand,2004,Oceania,61.85,2528022.0,4087500,,World Bank (IT.NET.USER.ZS),
New Zealand,2005,Oceania,62.72,2592790.0,4133900,,World Bank (IT.NET.USER.ZS),
New Zealand,2006,Oceania,69.0,2887374.0,4184600,,World Bank (IT.NET.USER.ZS),
New Zealand,2007,Oceania,69.76,2946523.0,4223800,,World Bank (IT.NET.USER.ZS),
New Zealand,2008,Oceania,72.03,3068334.0,4259800,,World Bank (IT.NET.USER.ZS),
New Zealand,2009,Oceania,79.7,3429172.0,4302600,,World Bank (IT.NET.USER.ZS),
New Zealand,2010,Oceania,80.46,3500573.0,4350700,,World Bank (IT.NET.USER.ZS),
New Zealand,2011,Oceania,81.23,3561123.0,4384000,,World Bank (IT.NET.USER.ZS),
New Zealand,2012,Oceania,81.64,3598970.0,4408100,,World Bank (IT.NET.USER.ZS),
New Zealand,2013,Oceania,82.78,3677170.0,4442100,,World Bank (IT.NET.USER.ZS),
New Zealand,2014,Oceania,84.0,3793860.0,4516500,,World Bank (IT.NET.USER.ZS),
New Zealand,2015,Oceania,85.2,3927209.0,4609400,,World Bank (IT.NET.USER.ZS),
New Zealand,2016,Oceania,86.5,4077696.0,4714100,,World Bank (IT.NET.USER.ZS),
New Zealand,2017,Oceania,87.7,4221527.0,4813600,,World Bank (IT.NET.USER.ZS),
New Zealand,2018,Oceania,89.0,4361534.0,4900600,,World Bank (IT.NET.USER.ZS),
New Zealand,2019,Oceania,89.86,4466496.0,4970300,,World Bank (IT.NET.USER.ZS),
New Zealand,2020,Oceania,90.92,4611877.0,5072400,,World Bank (IT.NET.USER.ZS),
New Zealand,2021,Oceania,91.99,4677354.0,5084600,,World Bank (IT.NET.USER.ZS),
New Zealand,2022,Oceania,93.07,4729686.0,5081700,,World Bank (IT.NET.USER.ZS),
New Zealand,2023,Oceania,93.33,4852957.0,5200000,83.5,World Bank (IT.NET.USER.ZS),DataReportal 2023
Nicaragua,2000,Other,0.98,49233.0,5022633,,World Bank (IT.NET.USER.ZS),
Nicaragua,2001,Other,1.45,73712.0,5087825,,World Bank (IT.NET.USER.ZS),
Nicaragua,2002,Other,1.71,88307.0,5149909,,World Bank (IT.NET.USER.ZS),
Nicaragua,2003,Other,1.88,97988.0,5210963,,World Bank (IT.NET.USER.ZS),
Nicaragua,2004,Other,2.32,122367.0,5272912,,World Bank (IT.NET.USER.ZS),
Nicaragua,2005,Other,2.57,137100.0,5342105,,World Bank (IT.NET.USER.ZS),
Nicaragua,2006,Other,2.81,152030.0,5418855,,World Bank (IT.NET.USER.ZS),
Nicaragua,2007,Other,3.9,214392.0,5497243,,World Bank (IT.NET.USER.ZS),
Nicaragua,2008,Other,5.3,295559.0,5576593,,World Bank (IT.NET.USER.ZS),
Nicaragua,2009,Other,7.3,412932.0,5656601,,World Bank (IT.NET.USER.ZS),
Nicaragua,2010,Other,10.0,573745.0,5737450,,World Bank (IT.NET.USER.ZS),
Nicaragua,2011,Other,10.6,616819.0,5819051,,World Bank (IT.NET.USER.ZS),
Nicaragua,2012,Other,13.5,796674.0,5901287,,World Bank (IT.NET.USER.ZS),
Nicaragua,2013,Other,15.5,927496.0,5983845,,World Bank (IT.NET.USER.ZS),
Nicaragua,2014,Other,17.6,1067703.0,6066492,,World Bank (IT.NET.USER.ZS),
Nicaragua,2015,Other,19.7,1211700.0,6149417,,World Bank (IT.NET.USER.ZS),
Nicaragua,2016,Other,24.57,1531478.0,6232666,,World Bank (IT.NET.USER.ZS),
Nicaragua,2017,Other,30.4,1920134.0,6316231,,World Bank (IT.NET.USER.ZS),
Nicaragua,2018,Other,33.91,2170459.0,6400080,,World Bank (IT.NET.USER.ZS),
Nicaragua,2019,Other,39.01,2529326.0,6483657,,World Bank (IT.NET.USER.ZS),
Nicaragua,2020,Other,44.87,2946157.0,6565267,,World Bank (IT.NET.USER.ZS),
Nicaragua,2021,Other,51.62,3430042.0,6644741,,World Bank (IT.NET.USER.ZS),
Nicaragua,2022,Other,59.38,3996662.0,6730654,,World Bank (IT.NET.USER.ZS),
Nicaragua,2023,Other,60.3,4114721.0,6823613,,World Bank (IT.NET.USER.ZS),
Niger,2000,Other,0.04,4174.0,11509630,,World Bank (IT.NET.USER.ZS),
Niger,2001,Other,0.11,12539.0,11920647,,World Bank (IT.NET.USER.ZS),
Niger,2002,Other,0.13,15702.0,12349144,,World Bank (IT.NET.USER.ZS),
Niger,2003,Other,0.16,19925.0,12796984,,World Bank (IT.NET.USER.ZS),
Niger,2004,Other,0.19,25196.0,13265836,,World Bank (IT.NET.USER.ZS),
Niger,2005,Other,0.22,30442.0,13756192,,World Bank (IT.NET.USER.ZS),
Niger,2006,Other,0.29,41950.0,14268581,,World Bank (IT.NET.USER.ZS),
Niger,2007,Other,0.39,57793.0,14803610,,World Bank (IT.NET.USER.ZS),
Niger,2008,Other,0.7,107533.0,15361915,,World Bank (IT.NET.USER.ZS),
Niger,2009,Other,0.76,121172.0,15943675,,World Bank (IT.NET.USER.ZS),
Niger,2010,Other,0.83,137355.0,16548835,,World Bank (IT.NET.USER.ZS),
Niger,2011,Other,0.9,154587.0,17176283,,World Bank (IT.NET.USER.ZS),
Niger,2012,Other,1.05,187286.0,17836769,,World Bank (IT.NET.USER.ZS),
Niger,2013,Other,1.15,212979.0,18519898,,World Bank (IT.NET.USER.ZS),
Niger,2014,Other,1.25,239944.0,19215909,,World Bank (IT.NET.USER.ZS),
Niger,2015,Other,2.48,493742.0,19939498,,World Bank (IT.NET.USER.ZS),
Niger,2016,Other,4.32,894204.0,20685753,,World Bank (IT.NET.USER.ZS),
Niger,2017,Other,10.22,2191627.0,21435446,,World Bank (IT.NET.USER.ZS),
Niger,2018,Other,10.74,2383398.0,22188069,,World Bank (IT.NET.USER.ZS),
Niger,2019,Other,11.29,2589769.0,22947757,,World Bank (IT.NET.USER.ZS),
Niger,2020,Other,11.86,2812150.0,23717613,,World Bank (IT.NET.USER.ZS),
Niger,2021,Other,12.46,3052207.0,24502140,,World Bank (IT.NET.USER.ZS),
Niger,2022,Other,13.09,3312704.0,25311973,,World Bank (IT.NET.USER.ZS),
Niger,2023,Other,12.98,3395760.0,26159867,,World Bank (IT.NET.USER.ZS),
Nigeria,2000,Africa,0.06,80987.0,126382494,,World Bank (IT.NET.USER.ZS),
Nigeria,2001,Africa,0.09,116748.0,129862595,,World Bank (IT.NET.USER.ZS),
Nigeria,2002,Africa,0.32,427727.0,133471989,,World Bank (IT.NET.USER.ZS),
Nigeria,2003,Africa,0.56,766381.0,137202644,,World Bank (IT.NET.USER.ZS),
Nigeria,2004,Africa,1.29,1814188.0,141057045,,World Bank (IT.NET.USER.ZS),
Nigeria,2005,Africa,3.55,5146888.0,145017253,,World Bank (IT.NET.USER.ZS),
Nigeria,2006,Africa,5.55,8266392.0,149077334,,World Bank (IT.NET.USER.ZS),
Nigeria,2007,Africa,6.77,10376194.0,153267261,,World Bank (IT.NET.USER.ZS),
Nigeria,2008,Africa,8.0,12607601.0,157595014,,World Bank (IT.NET.USER.ZS),
Nigeria,2009,Africa,9.3,15070600.0,162049464,,World Bank (IT.NET.USER.ZS),
Nigeria,2010,Africa,11.5,19163932.0,166642886,,World Bank (IT.NET.USER.ZS),
Nigeria,2011,Africa,13.8,23650385.0,171379598,,World Bank (IT.NET.USER.ZS),
Nigeria,2012,Africa,16.1,28368301.0,176200625,,World Bank (IT.NET.USER.ZS),
Nigeria,2013,Africa,19.1,34580444.0,181049443,,World Bank (IT.NET.USER.ZS),
Nigeria,2014,Africa,21.0,39038352.0,185896915,,World Bank (IT.NET.USER.ZS),
Nigeria,2015,Africa,22.51,42928248.0,190671878,,World Bank (IT.NET.USER.ZS),
Nigeria,2016,Africa,24.14,47175225.0,195443700,,World Bank (IT.NET.USER.ZS),
Nigeria,2017,Africa,25.88,51821678.0,200254579,,World Bank (IT.NET.USER.ZS),
Nigeria,2018,Africa,27.74,56857593.0,204938755,,World Bank (IT.NET.USER.ZS),
Nigeria,2019,Africa,29.74,62309620.0,209485641,,World Bank (IT.NET.USER.ZS),
Nigeria,2020,Africa,31.89,68240813.0,213996181,,World Bank (IT.NET.USER.ZS),
Nigeria,2021,Africa,35.51,77599312.0,218529286,,World Bank (IT.NET.USER.ZS),
Nigeria,2022,Africa,39.15,87357331.0,223150896,,World Bank (IT.NET.USER.ZS),
Nigeria,2023,Africa,40.06,91299021.0,227882945,14.8,World Bank (IT.NET.USER.ZS),DataReportal 2023
North America,2005,Other,68.3,223902455.0,327822042,,World Bank (IT.NET.USER.ZS),
North America,2006,Other,69.3,229392660.0,331013939,,World Bank (IT.NET.USER.ZS),
North America,2007,Other,74.8,249968961.0,334183103,,World Bank (IT.NET.USER.ZS),
North America,2008,Other,74.3,250691591.0,337404564,,World Bank (IT.NET.USER.ZS),
North America,2009,Other,71.9,244794452.0,340465163,,World Bank (IT.NET.USER.ZS),
North America,2010,Other,72.5,248999694.0,343447854,,World Bank (IT.NET.USER.ZS),
North America,2011,Other,71.0,245832115.0,346242415,,World Bank (IT.NET.USER.ZS),
North America,2012,Other,75.5,263582686.0,349116140,,World Bank (IT.NET.USER.ZS),
North America,2013,Other,72.8,256161977.0,351870848,,World Bank (IT.NET.USER.ZS),
North America,2014,Other,74.4,263937835.0,354755155,,World Bank (IT.NET.USER.ZS),
North America,2015,Other,76.1,272120726.0,357583083,,World Bank (IT.NET.USER.ZS),
North America,2016,Other,86.1,310414257.0,360527592,,World Bank (IT.NET.USER.ZS),
North America,2017,Other,87.8,318904756.0,363217262,,World Bank (IT.NET.USER.ZS),
North America,2018,Other,89.1,325808431.0,365666028,,World Bank (IT.NET.USER.ZS),
North America,2019,Other,89.7,330014220.0,367908829,,World Bank (IT.NET.USER.ZS),
North America,2020,Other,90.5,334552020.0,369670740,,World Bank (IT.NET.USER.ZS),
North America,2021,Other,91.5,338919909.0,370404272,,World Bank (IT.NET.USER.ZS),
North America,2022,Other,92.6,345414672.0,373018004,,World Bank (IT.NET.USER.ZS),
North America,2023,Other,93.3,351698467.0,376954413,,World Bank (IT.NET.USER.ZS),
North Macedonia,2000,Other,2.49,50366.0,2026350,,World Bank (IT.NET.USER.ZS),
North Macedonia,2001,Other,3.47,70573.0,2034882,,World Bank (IT.NET.USER.ZS),
North Macedonia,2002,Other,17.33,350093.0,2020157,,World Bank (IT.NET.USER.ZS),
North Macedonia,2003,Other,19.07,385734.0,2022725,,World Bank (IT.NET.USER.ZS),
North Macedonia,2004,Other,24.44,492756.0,2016186,,World Bank (IT.NET.USER.ZS),
North Macedonia,2005,Other,26.45,530410.0,2005330,,World Bank (IT.NET.USER.ZS),
North Macedonia,2006,Other,28.62,570765.0,1994287,,World Bank (IT.NET.USER.ZS),
North Macedonia,2007,Other,36.3,719805.0,1982933,,World Bank (IT.NET.USER.ZS),
North Macedonia,2008,Other,46.04,907675.0,1971493,,World Bank (IT.NET.USER.ZS),
North Macedonia,2009,Other,51.77,1014061.0,1958782,,World Bank (IT.NET.USER.ZS),
North Macedonia,2010,Other,51.9,1010129.0,1946298,,World Bank (IT.NET.USER.ZS),
North Macedonia,2011,Other,56.7,1098505.0,1937398,,World Bank (IT.NET.USER.ZS),
North Macedonia,2012,Other,57.45,1108681.0,1929821,,World Bank (IT.NET.USER.ZS),
North Macedonia,2013,Other,65.24,1254380.0,1922716,,World Bank (IT.NET.USER.ZS),
North Macedonia,2014,Other,68.06,1305060.0,1917557,,World Bank (IT.NET.USER.ZS),
North Macedonia,2015,Other,70.38,1345972.0,1912430,,World Bank (IT.NET.USER.ZS),
North Macedonia,2016,Other,72.16,1375535.0,1906313,,World Bank (IT.NET.USER.ZS),
North Macedonia,2017,Other,74.52,1414819.0,1898657,,World Bank (IT.NET.USER.ZS),
North Macedonia,2018,Other,79.17,1495519.0,1889051,,World Bank (IT.NET.USER.ZS),
North Macedonia,2019,Other,81.41,1527519.0,1876262,,World Bank (IT.NET.USER.ZS),
North Macedonia,2020,Other,81.41,1510988.0,1856124,,World Bank (IT.NET.USER.ZS),
North Macedonia,2021,Other,81.87,1504113.0,1837114,,World Bank (IT.NET.USER.ZS),
North Macedonia,2022,Other,83.85,1535896.0,1831712,,World Bank (IT.NET.USER.ZS),
North Macedonia,2023,Other,88.5,1617617.0,1827816,,World Bank (IT.NET.USER.ZS),
Norway,2000,Europe,52.0,2335303.0,4490967,,World Bank (IT.NET.USER.ZS),
Norway,2001,Europe,64.0,2888801.0,4513751,,World Bank (IT.NET.USER.ZS),
Norway,2002,Europe,72.84,3305595.0,4538159,,World Bank (IT.NET.USER.ZS),
Norway,2003,Europe,78.13,3566521.0,4564855,,World Bank (IT.NET.USER.ZS),
Norway,2004,Europe,77.69,3567455.0,4591910,,World Bank (IT.NET.USER.ZS),
Norway,2005,Europe,81.99,3790636.0,4623291,,World Bank (IT.NET.USER.ZS),
Norway,2006,Europe,82.55,3847389.0,4660677,,World Bank (IT.NET.USER.ZS),
Norway,2007,Europe,86.93,4093667.0,4709153,,World Bank (IT.NET.USER.ZS),
Norway,2008,Europe,90.57,4318570.0,4768212,,World Bank (IT.NET.USER.ZS),
Norway,2009,Europe,92.08,4446291.0,4828726,,World Bank (IT.NET.USER.ZS),
Norway,2010,Europe,93.39,4566072.0,4889252,,World Bank (IT.NET.USER.ZS),
Norway,2011,Europe,93.49,4630641.0,4953088,,World Bank (IT.NET.USER.ZS),
Norway,2012,Europe,94.65,4750078.0,5018573,,World Bank (IT.NET.USER.ZS),
Norway,2013,Europe,95.05,4828354.0,5079623,,World Bank (IT.NET.USER.ZS),
Norway,2014,Europe,96.3,4947181.0,5137232,,World Bank (IT.NET.USER.ZS),
Norway,2015,Europe,96.81,5023107.0,5188607,,World Bank (IT.NET.USER.ZS),
Norway,2016,Europe,97.3,5093093.0,5234519,,World Bank (IT.NET.USER.ZS),
Norway,2017,Europe,96.36,5084760.0,5276968,,World Bank (IT.NET.USER.ZS),
Norway,2018,Europe,96.49,5125556.0,5311916,,World Bank (IT.NET.USER.ZS),
Norway,2019,Europe,98.0,5240938.0,5347896,,World Bank (IT.NET.USER.ZS),
Norway,2020,Europe,94.61,5089390.0,5379475,,World Bank (IT.NET.USER.ZS),
Norway,2021,Europe,99.0,5354237.0,5408320,,World Bank (IT.NET.USER.ZS),
Norway,2022,Europe,99.0,5402555.0,5457127,,World Bank (IT.NET.USER.ZS),
Norway,2023,Europe,99.0,5464405.0,5519601,83.5,World Bank (IT.NET.USER.ZS),DataReportal 2023
Oman,2000,Other,3.52,80341.0,2282131,,World Bank (IT.NET.USER.ZS),
Oman,2001,Other,5.89,136161.0,2310217,,World Bank (IT.NET.USER.ZS),
Oman,2002,Other,6.87,160641.0,2337140,,World Bank (IT.NET.USER.ZS),
Oman,2003,Other,7.26,171511.0,2363796,,World Bank (IT.NET.USER.ZS),
Oman,2004,Other,6.76,162538.0,2404821,,World Bank (IT.NET.USER.ZS),
Oman,2005,Other,6.68,164403.0,2459802,,World Bank (IT.NET.USER.ZS),
Oman,2006,Other,8.3,208720.0,2514795,,World Bank (IT.NET.USER.ZS),
Oman,2007,Other,16.68,428705.0,2570174,,World Bank (IT.NET.USER.ZS),
Oman,2008,Other,20.0,525306.0,2626529,,World Bank (IT.NET.USER.ZS),
Oman,2009,Other,26.8,719489.0,2684659,,World Bank (IT.NET.USER.ZS),
Oman,2010,Other,35.83,987932.0,2757446,,World Bank (IT.NET.USER.ZS),
Oman,2011,Other,48.0,1476846.0,3076763,,World Bank (IT.NET.USER.ZS),
Oman,2012,Other,60.0,2128264.0,3547106,,World Bank (IT.NET.USER.ZS),
Oman,2013,Other,66.45,2547635.0,3833913,,World Bank (IT.NET.USER.ZS),
Oman,2014,Other,70.22,2810513.0,4002439,,World Bank (IT.NET.USER.ZS),
Oman,2015,Other,73.53,3077153.0,4184895,,World Bank (IT.NET.USER.ZS),
Oman,2016,Other,76.85,3374187.0,4390877,,World Bank (IT.NET.USER.ZS),
Oman,2017,Other,80.19,3638338.0,4537396,,World Bank (IT.NET.USER.ZS),
Oman,2018,Other,85.5,3931185.0,4597877,,World Bank (IT.NET.USER.ZS),
Oman,2019,Other,90.26,4144027.0,4591241,,World Bank (IT.NET.USER.ZS),
Oman,2020,Other,95.23,4306878.0,4522497,,World Bank (IT.NET.USER.ZS),
Oman,2021,Other,95.24,4286150.0,4500424,,World Bank (IT.NET.USER.ZS),
Oman,2022,Other,95.25,4505318.0,4730226,,World Bank (IT.NET.USER.ZS),
Oman,2023,Other,95.25,4809515.0,5049269,,World Bank (IT.NET.USER.ZS),
Pakistan,2001,Asia,1.32,2100068.0,159270907,,World Bank (IT.NET.USER.ZS),
Pakistan,2002,Asia,2.58,4206942.0,163222549,,World Bank (IT.NET.USER.ZS),
Pakistan,2003,Asia,5.04,8424292.0,167110248,,World Bank (IT.NET.USER.ZS),
Pakistan,2004,Asia,6.16,10558619.0,171286000,,World Bank (IT.NET.USER.ZS),
Pakistan,2005,Asia,6.33,11110224.0,175453212,,World Bank (IT.NET.USER.ZS),
Pakistan,2006,Asia,6.5,11679375.0,179682690,,World Bank (IT.NET.USER.ZS),
Pakistan,2007,Asia,6.8,12545540.0,184493231,,World Bank (IT.NET.USER.ZS),
Pakistan,2008,Asia,7.0,13264938.0,189499113,,World Bank (IT.NET.USER.ZS),
Pakistan,2009,Asia,7.5,14578240.0,194376534,,World Bank (IT.NET.USER.ZS),
Pakistan,2010,Asia,8.0,15939124.0,199239047,,World Bank (IT.NET.USER.ZS),
Pakistan,2011,Asia,8.0,16299685.0,203746065,,World Bank (IT.NET.USER.ZS),
Pakistan,2012,Asia,8.1,16821038.0,207667125,,World Bank (IT.NET.USER.ZS),
Pakistan,2013,Asia,9.0,18996658.0,211073978,,World Bank (IT.NET.USER.ZS),
Pakistan,2014,Asia,10.0,21426465.0,214264647,,World Bank (IT.NET.USER.ZS),
Pakistan,2015,Asia,11.0,23901997.0,217290883,,World Bank (IT.NET.USER.ZS),
Pakistan,2016,Asia,12.39,27265182.0,220138869,,World Bank (IT.NET.USER.ZS),
Pakistan,2017,Asia,13.78,30767152.0,223273967,,World Bank (IT.NET.USER.ZS),
Pakistan,2018,Asia,15.34,34810892.0,226928892,,World Bank (IT.NET.USER.ZS),
Pakistan,2019,Asia,17.07,39399795.0,230800899,,World Bank (IT.NET.USER.ZS),
Pakistan,2020,Asia,18.93,44497581.0,235001746,,World Bank (IT.NET.USER.ZS),
Palau,2002,Other,20.24,3948.0,19503,,World Bank (IT.NET.USER.ZS),
Palau,2003,Other,21.6,4247.0,19659,,World Bank (IT.NET.USER.ZS),
Palau,2004,Other,26.97,5346.0,19820,,World Bank (IT.NET.USER.ZS),
Palau,2022,Other,82.57,14663.0,17759,,World Bank (IT.NET.USER.ZS),
Palau,2023,Other,82.92,14699.0,17727,,World Bank (IT.NET.USER.ZS),
Panama,2000,Other,6.55,197324.0,3010369,,World Bank (IT.NET.USER.ZS),
Panama,2001,Other,7.27,223106.0,3069537,,World Bank (IT.NET.USER.ZS),
Panama,2002,Other,8.52,266560.0,3129344,,World Bank (IT.NET.USER.ZS),
Panama,2003,Other,9.99,318580.0,3189807,,World Bank (IT.NET.USER.ZS),
Panama,2004,Other,11.14,362207.0,3251155,,World Bank (IT.NET.USER.ZS),
Panama,2005,Other,11.48,380468.0,3313026,,World Bank (IT.NET.USER.ZS),
Panama,2006,Other,17.35,585553.0,3375024,,World Bank (IT.NET.USER.ZS),
Panama,2007,Other,22.29,766217.0,3437490,,World Bank (IT.NET.USER.ZS),
Panama,2008,Other,33.82,1183919.0,3500648,,World Bank (IT.NET.USER.ZS),
Panama,2009,Other,39.08,1392960.0,3564381,,World Bank (IT.NET.USER.ZS),
Panama,2010,Other,40.1,1455043.0,3628535,,World Bank (IT.NET.USER.ZS),
Panama,2011,Other,42.7,1577127.0,3693505,,World Bank (IT.NET.USER.ZS),
Panama,2012,Other,40.3,1515051.0,3759256,,World Bank (IT.NET.USER.ZS),
Panama,2013,Other,44.03,1684292.0,3825329,,World Bank (IT.NET.USER.ZS),
Panama,2014,Other,44.92,1748480.0,3892101,,World Bank (IT.NET.USER.ZS),
Panama,2015,Other,51.21,2027753.0,3960035,,World Bank (IT.NET.USER.ZS),
Panama,2016,Other,54.0,2175706.0,4029086,,World Bank (IT.NET.USER.ZS),
Panama,2017,Other,59.95,2457201.0,4098707,,World Bank (IT.NET.USER.ZS),
Panama,2018,Other,61.81,2575968.0,4167860,,World Bank (IT.NET.USER.ZS),
Panama,2019,Other,63.63,2694472.0,4234700,,World Bank (IT.NET.USER.ZS),
Panama,2020,Other,64.82,2783077.0,4293261,,World Bank (IT.NET.USER.ZS),
Panama,2021,Other,66.04,2869823.0,4345405,,World Bank (IT.NET.USER.ZS),
Panama,2022,Other,67.28,2961012.0,4400773,,World Bank (IT.NET.USER.ZS),
Panama,2023,Other,68.55,3056413.0,4458759,,World Bank (IT.NET.USER.ZS),
Papua New Guinea,2000,Other,0.84,46248.0,5537064,,World Bank (IT.NET.USER.ZS),
Papua New Guinea,2001,Other,0.9,51791.0,5728435,,World Bank (IT.NET.USER.ZS),
Papua New Guinea,2002,Other,1.32,78295.0,5924003,,World Bank (IT.NET.USER.ZS),
Papua New Guinea,2003,Other,1.37,84169.0,6123997,,World Bank (IT.NET.USER.ZS),
Papua New Guinea,2004,Other,1.51,95421.0,6328041,,World Bank (IT.NET.USER.ZS),
Papua New Guinea,2005,Other,1.72,112169.0,6535905,,World Bank (IT.NET.USER.ZS),
Papua New Guinea,2006,Other,1.75,118388.0,6747720,,World Bank (IT.NET.USER.ZS),
Papua New Guinea,2007,Other,1.79,124686.0,6963345,,World Bank (IT.NET.USER.ZS),
Papua New Guinea,2008,Other,1.15,82605.0,7183002,,World Bank (IT.NET.USER.ZS),
Papua New Guinea,2009,Other,1.61,119244.0,7406438,,World Bank (IT.NET.USER.ZS),
Papua New Guinea,2010,Other,1.28,97709.0,7633523,,World Bank (IT.NET.USER.ZS),
Papua New Guinea,2011,Other,2.0,157187.0,7859346,,World Bank (IT.NET.USER.ZS),
Papua New Guinea,2012,Other,3.5,282849.0,8081390,,World Bank (IT.NET.USER.ZS),
Papua New Guinea,2013,Other,5.1,423438.0,8302698,,World Bank (IT.NET.USER.ZS),
Papua New Guinea,2014,Other,6.5,554024.0,8523441,,World Bank (IT.NET.USER.ZS),
Papua New Guinea,2015,Other,7.9,690716.0,8743246,,World Bank (IT.NET.USER.ZS),
Papua New Guinea,2016,Other,9.6,860459.0,8961718,,World Bank (IT.NET.USER.ZS),
Papua New Guinea,2017,Other,11.21,1028860.0,9178714,,World Bank (IT.NET.USER.ZS),
Papua New Guinea,2018,Other,12.36,1160964.0,9394513,,World Bank (IT.NET.USER.ZS),
Papua New Guinea,2019,Other,13.62,1309151.0,9609010,,World Bank (IT.NET.USER.ZS),
Papua New Guinea,2020,Other,15.02,1474364.0,9815746,,World Bank (IT.NET.USER.ZS),
Papua New Guinea,2021,Other,16.56,1658096.0,10012896,,World Bank (IT.NET.USER.ZS),
Papua New Guinea,2022,Other,18.26,1862752.0,10203169,,World Bank (IT.NET.USER.ZS),
Papua New Guinea,2023,Other,18.56,1928451.0,10389635,,World Bank (IT.NET.USER.ZS),
Paraguay,2000,Other,0.75,38136.0,5100868,,World Bank (IT.NET.USER.ZS),
Paraguay,2001,Other,1.1,57002.0,5187689,,World Bank (IT.NET.USER.ZS),
Paraguay,2002,Other,1.79,94439.0,5261328,,World Bank (IT.NET.USER.ZS),
Paraguay,2003,Other,2.11,112491.0,5326436,,World Bank (IT.NET.USER.ZS),
Paraguay,2004,Other,3.45,186023.0,5388175,,World Bank (IT.NET.USER.ZS),
Paraguay,2005,Other,7.91,430781.0,5448097,,World Bank (IT.NET.USER.ZS),
Paraguay,2006,Other,7.96,438325.0,5505148,,World Bank (IT.NET.USER.ZS),
Paraguay,2007,Other,11.21,623207.0,5559386,,World Bank (IT.NET.USER.ZS),
Paraguay,2008,Other,14.27,801057.0,5613574,,World Bank (IT.NET.USER.ZS),
Paraguay,2009,Other,18.9,1071864.0,5671236,,World Bank (IT.NET.USER.ZS),
Paraguay,2010,Other,19.8,1136118.0,5737971,,World Bank (IT.NET.USER.ZS),
Paraguay,2011,Other,24.76,1439906.0,5814626,,World Bank (IT.NET.USER.ZS),
Paraguay,2012,Other,29.34,1730182.0,5897008,,World Bank (IT.NET.USER.ZS),
Paraguay,2013,Other,36.9,2207522.0,5982445,,World Bank (IT.NET.USER.ZS),
Paraguay,2014,Other,43.01,2610466.0,6069811,,World Bank (IT.NET.USER.ZS),
Paraguay,2015,Other,49.72,3062078.0,6159103,,World Bank (IT.NET.USER.ZS),
Paraguay,2016,Other,53.4,3337291.0,6249126,,World Bank (IT.NET.USER.ZS),
Paraguay,2017,Other,61.08,3871385.0,6338660,,World Bank (IT.NET.USER.ZS),
Paraguay,2018,Other,64.99,4177383.0,6427382,,World Bank (IT.NET.USER.ZS),
Paraguay,2019,Other,68.52,4463963.0,6515058,,World Bank (IT.NET.USER.ZS),
Paraguay,2020,Other,73.96,4883961.0,6603739,,World Bank (IT.NET.USER.ZS),
Paraguay,2021,Other,77.02,5148049.0,6684182,,World Bank (IT.NET.USER.ZS),
Paraguay,2022,Other,76.26,5155473.0,6760464,,World Bank (IT.NET.USER.ZS),
Paraguay,2023,Other,78.09,5344923.0,6844146,,World Bank (IT.NET.USER.ZS),
Peru,2000,South America,3.08,818279.0,26598331,,World Bank (IT.NET.USER.ZS),
Peru,2001,South America,7.58,2043583.0,26964601,,World Bank (IT.NET.USER.ZS),
Peru,2002,South America,8.97,2446921.0,27288217,,World Bank (IT.NET.USER.ZS),
Peru,2003,South America,11.6,3199337.0,27580490,,World Bank (IT.NET.USER.ZS),
Peru,2004,South America,14.1,3927159.0,27852190,,World Bank (IT.NET.USER.ZS),
Peru,2005,South America,17.1,4805302.0,28101180,,World Bank (IT.NET.USER.ZS),
Peru,2006,South America,20.7,5863170.0,28324491,,World Bank (IT.NET.USER.ZS),
Peru,2007,South America,25.2,7189736.0,28530699,,World Bank (IT.NET.USER.ZS),
Peru,2008,South America,30.57,8779411.0,28719041,,World Bank (IT.NET.USER.ZS),
Peru,2009,South America,31.4,9073599.0,28896811,,World Bank (IT.NET.USER.ZS),
Peru,2010,South America,34.77,10113209.0,29086019,,World Bank (IT.NET.USER.ZS),
Peru,2011,South America,36.01,10552401.0,29304086,,World Bank (IT.NET.USER.ZS),
Peru,2012,South America,38.2,11288240.0,29550366,,World Bank (IT.NET.USER.ZS),
Peru,2013,South America,39.2,11688624.0,29817919,,World Bank (IT.NET.USER.ZS),
Peru,2014,South America,40.24,12120011.0,30115826,,World Bank (IT.NET.USER.ZS),
Peru,2015,South America,40.85,12442722.0,30457600,,World Bank (IT.NET.USER.ZS),
Peru,2016,South America,45.46,14032445.0,30866494,,World Bank (IT.NET.USER.ZS),
Peru,2017,South America,50.45,15803408.0,31324637,,World Bank (IT.NET.USER.ZS),
Peru,2018,South America,55.05,17561003.0,31897584,,World Bank (IT.NET.USER.ZS),
Peru,2019,South America,59.95,19453521.0,32449303,,World Bank (IT.NET.USER.ZS),
Peru,2020,South America,65.25,21427763.0,32838579,,World Bank (IT.NET.USER.ZS),
Peru,2021,South America,71.11,23576427.0,33155882,,World Bank (IT.NET.USER.ZS),
Peru,2022,South America,74.67,24997767.0,33475438,,World Bank (IT.NET.USER.ZS),
Peru,2023,South America,79.48,26902136.0,33845617,64.3,World Bank (IT.NET.USER.ZS),DataReportal 2023
Philippines,2000,Asia,1.98,1578377.0,79625397,,World Bank (IT.NET.USER.ZS),
Philippines,2001,Asia,2.52,2054578.0,81401488,,World Bank (IT.NET.USER.ZS),
Philippines,2002,Asia,4.33,3598773.0,83068889,,World Bank (IT.NET.USER.ZS),
Philippines,2003,Asia,4.86,4115995.0,84731835,,World Bank (IT.NET.USER.ZS),
Philippines,2004,Asia,5.24,4530207.0,86394504,,World Bank (IT.NET.USER.ZS),
Philippines,2005,Asia,5.4,4750750.0,88015962,,World Bank (IT.NET.USER.ZS),
Philippines,2006,Asia,5.74,5138341.0,89508986,,World Bank (IT.NET.USER.ZS),
Philippines,2007,Asia,5.97,5437188.0,91075184,,World Bank (IT.NET.USER.ZS),
Philippines,2008,Asia,6.22,5765884.0,92699095,,World Bank (IT.NET.USER.ZS),
Philippines,2009,Asia,9.0,8494582.0,94384250,,World Bank (IT.NET.USER.ZS),
Philippines,2010,Asia,25.0,24084281.0,96337125,,World Bank (IT.NET.USER.ZS),
Philippines,2011,Asia,29.0,28492098.0,98248614,,World Bank (IT.NET.USER.ZS),
Philippines,2012,Asia,30.8,30854057.0,100175512,,World Bank (IT.NET.USER.ZS),
Philippines,2013,Asia,32.7,33378963.0,102076336,,World Bank (IT.NET.USER.ZS),
Philippines,2014,Asia,34.7,36007195.0,103767130,,World Bank (IT.NET.USER.ZS),
Philippines,2015,Asia,36.9,38860496.0,105312992,,World Bank (IT.NET.USER.ZS),
Philippines,2016,Asia,39.2,41840403.0,106735719,,World Bank (IT.NET.USER.ZS),
Philippines,2017,Asia,41.6,44977791.0,108119693,,World Bank (IT.NET.USER.ZS),
Philippines,2018,Asia,44.1,48274190.0,109465287,,World Bank (IT.NET.USER.ZS),
Philippines,2019,Asia,43.03,47675501.0,110804683,,World Bank (IT.NET.USER.ZS),
Philippines,2020,Asia,53.76,60260380.0,112081264,,World Bank (IT.NET.USER.ZS),
Philippines,2021,Asia,66.91,75673356.0,113100950,,World Bank (IT.NET.USER.ZS),
Philippines,2022,Asia,75.21,85713883.0,113964338,,World Bank (IT.NET.USER.ZS),
Philippines,2023,Asia,77.87,89462326.0,114891199,83.1,World Bank (IT.NET.USER.ZS),DataReportal 2023
Poland,2000,Europe,7.29,2787305.0,38258629,,World Bank (IT.NET.USER.ZS),
Poland,2001,Europe,9.9,3786816.0,38248076,,World Bank (IT.NET.USER.ZS),
Poland,2002,Europe,21.15,8085722.0,38230364,,World Bank (IT.NET.USER.ZS),
Poland,2003,Europe,24.87,9501477.0,38204570,,World Bank (IT.NET.USER.ZS),
Poland,2004,Europe,32.53,12420677.0,38182222,,World Bank (IT.NET.USER.ZS),
Poland,2005,Europe,38.81,14812009.0,38165445,,World Bank (IT.NET.USER.ZS),
Poland,2006,Europe,44.58,17003377.0,38141267,,World Bank (IT.NET.USER.ZS),
Poland,2007,Europe,48.6,18526592.0,38120560,,World Bank (IT.NET.USER.ZS),
Poland,2008,Europe,53.13,20256216.0,38125759,,World Bank (IT.NET.USER.ZS),
Poland,2009,Europe,58.97,22498000.0,38151603,,World Bank (IT.NET.USER.ZS),
Poland,2010,Europe,62.32,23708269.0,38042794,,World Bank (IT.NET.USER.ZS),
Poland,2011,Europe,61.95,23580186.0,38063255,,World Bank (IT.NET.USER.ZS),
Poland,2012,Europe,62.31,23717156.0,38063164,,World Bank (IT.NET.USER.ZS),
Poland,2013,Europe,62.85,23907959.0,38040196,,World Bank (IT.NET.USER.ZS),
Poland,2014,Europe,66.6,25315335.0,38011735,,World Bank (IT.NET.USER.ZS),
Poland,2015,Europe,68.0,25829616.0,37986412,,World Bank (IT.NET.USER.ZS),
Poland,2016,Europe,73.3,27832341.0,37970087,,World Bank (IT.NET.USER.ZS),
Poland,2017,Europe,75.99,28855311.0,37974826,,World Bank (IT.NET.USER.ZS),
Poland,2018,Europe,77.54,29446280.0,37974750,,World Bank (IT.NET.USER.ZS),
Poland,2019,Europe,80.44,30537874.0,37965475,,World Bank (IT.NET.USER.ZS),
Poland,2020,Europe,83.18,31207433.0,37515748,,World Bank (IT.NET.USER.ZS),
Poland,2021,Europe,85.37,31572972.0,36981559,,World Bank (IT.NET.USER.ZS),
Poland,2022,Europe,86.94,32013246.0,36821749,,World Bank (IT.NET.USER.ZS),
Poland,2023,Europe,86.41,31703282.0,36687353,67.3,World Bank (IT.NET.USER.ZS),DataReportal 2023
Portugal,2000,Europe,16.43,1690678.0,10289898,,World Bank (IT.NET.USER.ZS),
Portugal,2001,Europe,18.09,1874320.0,10362722,,World Bank (IT.NET.USER.ZS),
Portugal,2002,Europe,19.37,2018283.0,10419631,,World Bank (IT.NET.USER.ZS),
Portugal,2003,Europe,29.67,3103132.0,10458821,,World Bank (IT.NET.USER.ZS),
Portugal,2004,Europe,31.78,3331771.0,10483861,,World Bank (IT.NET.USER.ZS),
Portugal,2005,Europe,34.99,3675115.0,10503330,,World Bank (IT.NET.USER.ZS),
Portugal,2006,Europe,38.01,3999522.0,10522288,,World Bank (IT.NET.USER.ZS),
Portugal,2007,Europe,42.09,4437534.0,10542964,,World Bank (IT.NET.USER.ZS),
Portugal,2008,Europe,44.13,4659324.0,10558177,,World Bank (IT.NET.USER.ZS),
Portugal,2009,Europe,48.27,5101293.0,10568247,,World Bank (IT.NET.USER.ZS),
Portugal,2010,Europe,53.3,5635462.0,10573100,,World Bank (IT.NET.USER.ZS),
Portugal,2011,Europe,55.25,5833052.0,10557560,,World Bank (IT.NET.USER.ZS),
Portugal,2012,Europe,60.34,6344657.0,10514844,,World Bank (IT.NET.USER.ZS),
Portugal,2013,Europe,62.1,6493520.0,10457295,,World Bank (IT.NET.USER.ZS),
Portugal,2014,Europe,64.59,6718298.0,10401062,,World Bank (IT.NET.USER.ZS),
Portugal,2015,Europe,68.63,7109044.0,10358076,,World Bank (IT.NET.USER.ZS),
Portugal,2016,Europe,70.42,7271552.0,10325452,,World Bank (IT.NET.USER.ZS),
Portugal,2017,Europe,73.79,7600716.0,10300300,,World Bank (IT.NET.USER.ZS),
Portugal,2018,Europe,74.66,7678001.0,10283822,,World Bank (IT.NET.USER.ZS),
Portugal,2019,Europe,75.35,7750327.0,10286263,,World Bank (IT.NET.USER.ZS),
Portugal,2020,Europe,78.26,8058667.0,10297081,,World Bank (IT.NET.USER.ZS),
Portugal,2021,Europe,82.31,8528722.0,10361831,,World Bank (IT.NET.USER.ZS),
Portugal,2022,Europe,84.5,8816688.0,10434332,,World Bank (IT.NET.USER.ZS),
Portugal,2023,Europe,85.79,9075029.0,10578174,,World Bank (IT.NET.USER.ZS),
Puerto Rico (US),2000,Other,10.47,399147.0,3810605,,World Bank (IT.NET.USER.ZS),
Puerto Rico (US),2001,Other,15.63,596876.0,3818774,,World Bank (IT.NET.USER.ZS),
Puerto Rico (US),2002,Other,17.55,670970.0,3823701,,World Bank (IT.NET.USER.ZS),
Puerto Rico (US),2003,Other,19.71,754010.0,3826095,,World Bank (IT.NET.USER.ZS),
Puerto Rico (US),2004,Other,22.13,846916.0,3826878,,World Bank (IT.NET.USER.ZS),
Puerto Rico (US),2005,Other,23.4,894201.0,3821362,,World Bank (IT.NET.USER.ZS),
Puerto Rico (US),2006,Other,25.44,968138.0,3805214,,World Bank (IT.NET.USER.ZS),
Puerto Rico (US),2007,Other,27.86,1053942.0,3782995,,World Bank (IT.NET.USER.ZS),
Puerto Rico (US),2008,Other,38.0,1429129.0,3760866,,World Bank (IT.NET.USER.ZS),
Puerto Rico (US),2009,Other,41.5,1552270.0,3740410,,World Bank (IT.NET.USER.ZS),
Puerto Rico (US),2010,Other,45.3,1687183.0,3724465,,World Bank (IT.NET.USER.ZS),
Puerto Rico (US),2011,Other,48.0,1772863.0,3693464,,World Bank (IT.NET.USER.ZS),
Puerto Rico (US),2012,Other,69.0,2526120.0,3661045,,World Bank (IT.NET.USER.ZS),
Puerto Rico (US),2013,Other,69.0,2505684.0,3631427,,World Bank (IT.NET.USER.ZS),
Puerto Rico (US),2014,Other,76.13,2729412.0,3585017,,World Bank (IT.NET.USER.ZS),
Puerto Rico (US),2015,Other,63.47,2243641.0,3535167,,World Bank (IT.NET.USER.ZS),
Puerto Rico (US),2016,Other,68.64,2389101.0,3480432,,World Bank (IT.NET.USER.ZS),
Puerto Rico (US),2017,Other,68.74,2344636.0,3410837,,World Bank (IT.NET.USER.ZS),
Puerto Rico (US),2018,Other,70.86,2331664.0,3290690,,World Bank (IT.NET.USER.ZS),
Puerto Rico (US),2019,Other,77.74,2567394.0,3302691,,World Bank (IT.NET.USER.ZS),
Puerto Rico (US),2021,Other,84.79,2766344.0,3262711,,World Bank (IT.NET.USER.ZS),
Puerto Rico (US),2022,Other,87.29,2810915.0,3220137,,World Bank (IT.NET.USER.ZS),
Qatar,2000,Other,4.86,31370.0,644989,,World Bank (IT.NET.USER.ZS),
Qatar,2001,Other,6.17,41830.0,677925,,World Bank (IT.NET.USER.ZS),
Qatar,2002,Other,10.23,72729.0,711205,,World Bank (IT.NET.USER.ZS),
Qatar,2003,Other,19.24,143294.0,744682,,World Bank (IT.NET.USER.ZS),
Qatar,2004,Other,20.7,160092.0,773332,,World Bank (IT.NET.USER.ZS),
Qatar,2005,Other,24.73,204152.0,825408,,World Bank (IT.NET.USER.ZS),
Qatar,2006,Other,28.97,281869.0,972831,,World Bank (IT.NET.USER.ZS),
Qatar,2007,Other,37.0,447180.0,1208595,,World Bank (IT.NET.USER.ZS),
Qatar,2008,Other,44.3,632134.0,1426938,,World Bank (IT.NET.USER.ZS),
Qatar,2009,Other,53.1,854327.0,1608903,,World Bank (IT.NET.USER.ZS),
Qatar,2010,Other,69.0,1115614.0,1616832,,World Bank (IT.NET.USER.ZS),
Qatar,2011,Other,69.0,1121085.0,1624761,,World Bank (IT.NET.USER.ZS),
Qatar,2012,Other,69.3,1193650.0,1722438,,World Bank (IT.NET.USER.ZS),
Qatar,2013,Other,85.3,1634711.0,1916426,,World Bank (IT.NET.USER.ZS),
Qatar,2014,Other,91.49,1968631.0,2151745,,World Bank (IT.NET.USER.ZS),
Qatar,2015,Other,92.88,2177738.0,2344557,,World Bank (IT.NET.USER.ZS),
Qatar,2016,Other,95.12,2356345.0,2477113,,World Bank (IT.NET.USER.ZS),
Qatar,2017,Other,97.39,2479345.0,2545820,,World Bank (IT.NET.USER.ZS),
Qatar,2018,Other,99.65,2571775.0,2580734,,World Bank (IT.NET.USER.ZS),
Qatar,2019,Other,99.65,2629496.0,2638657,,World Bank (IT.NET.USER.ZS),
Qatar,2020,Other,99.65,2784448.0,2794148,,World Bank (IT.NET.USER.ZS),
Qatar,2021,Other,99.65,2496213.0,2504910,,World Bank (IT.NET.USER.ZS),
Qatar,2022,Other,98.04,2605196.0,2657333,,World Bank (IT.NET.USER.ZS),
Qatar,2023,Other,98.15,2606956.0,2656032,,World Bank (IT.NET.USER.ZS),
Romania,2000,Other,3.61,811026.0,22442971,,World Bank (IT.NET.USER.ZS),
Romania,2001,Other,4.54,1004497.0,22131970,,World Bank (IT.NET.USER.ZS),
Romania,2002,Other,6.58,1429867.0,21730496,,World Bank (IT.NET.USER.ZS),
Romania,2003,Other,8.9,1920115.0,21574326,,World Bank (IT.NET.USER.ZS),
Romania,2004,Other,15.0,3217762.0,21451748,,World Bank (IT.NET.USER.ZS),
Romania,2005,Other,21.5,4583732.0,21319685,,World Bank (IT.NET.USER.ZS),
Romania,2006,Other,24.66,5226381.0,21193760,,World Bank (IT.NET.USER.ZS),
Romania,2007,Other,28.3,5909884.0,20882982,,World Bank (IT.NET.USER.ZS),
Romania,2008,Other,32.42,6658379.0,20537875,,World Bank (IT.NET.USER.ZS),
Romania,2009,Other,36.6,7454500.0,20367487,,World Bank (IT.NET.USER.ZS),
Romania,2010,Other,39.93,8084576.0,20246871,,World Bank (IT.NET.USER.ZS),
Romania,2011,Other,40.01,8061025.0,20147528,,World Bank (IT.NET.USER.ZS),
Romania,2012,Other,45.88,9202625.0,20058035,,World Bank (IT.NET.USER.ZS),
Romania,2013,Other,49.76,9944785.0,19983693,,World Bank (IT.NET.USER.ZS),
Romania,2014,Other,54.08,10766442.0,19908979,,World Bank (IT.NET.USER.ZS),
Romania,2015,Other,55.76,11049813.0,19815616,,World Bank (IT.NET.USER.ZS),
Romania,2016,Other,59.5,11723627.0,19702267,,World Bank (IT.NET.USER.ZS),
Romania,2017,Other,63.75,12487273.0,19588715,,World Bank (IT.NET.USER.ZS),
Romania,2018,Other,70.68,13764451.0,19473970,,World Bank (IT.NET.USER.ZS),
Romania,2019,Other,73.66,14268667.0,19371648,,World Bank (IT.NET.USER.ZS),
Romania,2020,Other,78.46,15114604.0,19265250,,World Bank (IT.NET.USER.ZS),
Romania,2021,Other,83.59,15984211.0,19122059,,World Bank (IT.NET.USER.ZS),
Romania,2022,Other,85.5,16287058.0,19048502,,World Bank (IT.NET.USER.ZS),
Romania,2023,Other,89.2,17003107.0,19061062,,World Bank (IT.NET.USER.ZS),
Russian Federation,2000,Other,1.98,2898557.0,146596869,,World Bank (IT.NET.USER.ZS),
Russian Federation,2001,Other,2.94,4298085.0,145976482,,World Bank (IT.NET.USER.ZS),
Russian Federation,2002,Other,4.13,5998647.0,145306497,,World Bank (IT.NET.USER.ZS),
Russian Federation,2003,Other,8.3,12004187.0,144648618,,World Bank (IT.NET.USER.ZS),
Russian Federation,2004,Other,12.86,18526176.0,144067316,,World Bank (IT.NET.USER.ZS),
Russian Federation,2005,Other,15.23,21853179.0,143518814,,World Bank (IT.NET.USER.ZS),
Russian Federation,2006,Other,18.02,25782265.0,143049637,,World Bank (IT.NET.USER.ZS),
Russian Federation,2007,Other,24.66,35215741.0,142805114,,World Bank (IT.NET.USER.ZS),
Russian Federation,2008,Other,32.0,45677557.0,142742366,,World Bank (IT.NET.USER.ZS),
Russian Federation,2009,Other,42.55,60755166.0,142785348,,World Bank (IT.NET.USER.ZS),
Russian Federation,2010,Other,49.0,69996239.0,142849468,,World Bank (IT.NET.USER.ZS),
Russian Federation,2011,Other,58.0,82950553.0,143018195,,World Bank (IT.NET.USER.ZS),
Russian Federation,2012,Other,66.0,94629775.0,143378447,,World Bank (IT.NET.USER.ZS),
Russian Federation,2013,Other,67.97,97744692.0,143805638,,World Bank (IT.NET.USER.ZS),
Russian Federation,2014,Other,70.52,101712582.0,144237223,,World Bank (IT.NET.USER.ZS),
Russian Federation,2015,Other,70.1,101392044.0,144640716,,World Bank (IT.NET.USER.ZS),
Russian Federation,2016,Other,73.09,105993880.0,145015460,,World Bank (IT.NET.USER.ZS),
Russian Federation,2017,Other,76.01,110434702.0,145293260,,World Bank (IT.NET.USER.ZS),
Russian Federation,2018,Other,80.86,117575774.0,145398106,,World Bank (IT.NET.USER.ZS),
Russian Federation,2019,Other,82.64,120205744.0,145453291,,World Bank (IT.NET.USER.ZS),
Russian Federation,2020,Other,84.99,123450634.0,145245148,,World Bank (IT.NET.USER.ZS),
Russian Federation,2021,Other,88.21,127686685.0,144746762,,World Bank (IT.NET.USER.ZS),
Russian Federation,2022,Other,90.42,130416138.0,144236933,,World Bank (IT.NET.USER.ZS),
Russian Federation,2023,Other,92.24,132672361.0,143826130,,World Bank (IT.NET.USER.ZS),
Rwanda,2000,Other,0.06,5161.0,8213931,,World Bank (IT.NET.USER.ZS),
Rwanda,2001,Other,0.24,19945.0,8287094,,World Bank (IT.NET.USER.ZS),
Rwanda,2002,Other,0.29,24594.0,8400180,,World Bank (IT.NET.USER.ZS),
Rwanda,2003,Other,0.36,30648.0,8586875,,World Bank (IT.NET.USER.ZS),
Rwanda,2004,Other,0.43,37988.0,8816844,,World Bank (IT.NET.USER.ZS),
Rwanda,2005,Other,0.56,50343.0,9054528,,World Bank (IT.NET.USER.ZS),
Rwanda,2007,Other,2.12,202019.0,9549933,,World Bank (IT.NET.USER.ZS),
Rwanda,2008,Other,4.5,441192.0,9804269,,World Bank (IT.NET.USER.ZS),
Rwanda,2009,Other,7.7,774653.0,10060432,,World Bank (IT.NET.USER.ZS),
Rwanda,2010,Other,8.0,825404.0,10317553,,World Bank (IT.NET.USER.ZS),
Rwanda,2011,Other,7.0,740161.0,10573733,,World Bank (IT.NET.USER.ZS),
Rwanda,2012,Other,8.02,868980.0,10829901,,World Bank (IT.NET.USER.ZS),
Rwanda,2013,Other,9.0,998401.0,11093340,,World Bank (IT.NET.USER.ZS),
Rwanda,2014,Other,10.6,1204664.0,11364757,,World Bank (IT.NET.USER.ZS),
Rwanda,2015,Other,12.46,1449881.0,11640022,,World Bank (IT.NET.USER.ZS),
Rwanda,2016,Other,14.64,1744623.0,11919183,,World Bank (IT.NET.USER.ZS),
Rwanda,2017,Other,17.2,2098754.0,12202060,,World Bank (IT.NET.USER.ZS),
Rwanda,2018,Other,19.17,2393524.0,12487996,,World Bank (IT.NET.USER.ZS),
Rwanda,2019,Other,21.36,2728720.0,12776103,,World Bank (IT.NET.USER.ZS),
Rwanda,2020,Other,23.8,3109669.0,13065837,,World Bank (IT.NET.USER.ZS),
Rwanda,2021,Other,24.44,3264239.0,13355260,,World Bank (IT.NET.USER.ZS),
Rwanda,2022,Other,28.02,3824582.0,13651030,,World Bank (IT.NET.USER.ZS),
Rwanda,2023,Other,28.81,4019697.0,13954471,,World Bank (IT.NET.USER.ZS),
Samoa,2000,Other,0.57,1029.0,181685,,World Bank (IT.NET.USER.ZS),
Samoa,2001,Other,1.69,3095.0,183166,,World Bank (IT.NET.USER.ZS),
Samoa,2002,Other,2.24,4141.0,184471,,World Bank (IT.NET.USER.ZS),
Samoa,2003,Other,2.8,5191.0,185430,,World Bank (IT.NET.USER.ZS),
Samoa,2004,Other,3.08,5728.0,186249,,World Bank (IT.NET.USER.ZS),
Samoa,2005,Other,3.35,6269.0,186978,,World Bank (IT.NET.USER.ZS),
Samoa,2006,Other,4.47,8389.0,187709,,World Bank (IT.NET.USER.ZS),
Samoa,2007,Other,4.75,8966.0,188753,,World Bank (IT.NET.USER.ZS),
Samoa,2008,Other,5.03,9565.0,190107,,World Bank (IT.NET.USER.ZS),
Samoa,2009,Other,6.0,11491.0,191513,,World Bank (IT.NET.USER.ZS),
Samoa,2010,Other,7.0,13512.0,193023,,World Bank (IT.NET.USER.ZS),
Samoa,2011,Other,11.0,21418.0,194713,,World Bank (IT.NET.USER.ZS),
Samoa,2012,Other,12.92,25392.0,196498,,World Bank (IT.NET.USER.ZS),
Samoa,2013,Other,15.3,30335.0,198268,,World Bank (IT.NET.USER.ZS),
Samoa,2014,Other,21.2,42408.0,200037,,World Bank (IT.NET.USER.ZS),
San Marino,2000,Other,48.8,13078.0,26799,,World Bank (IT.NET.USER.ZS),
San Marino,2001,Other,50.34,13664.0,27143,,World Bank (IT.NET.USER.ZS),
San Marino,2002,Other,50.83,13975.0,27491,,World Bank (IT.NET.USER.ZS),
San Marino,2003,Other,50.0,13922.0,27843,,World Bank (IT.NET.USER.ZS),
San Marino,2004,Other,50.57,14895.0,29457,,World Bank (IT.NET.USER.ZS),
San Marino,2006,Other,50.21,15155.0,30184,,World Bank (IT.NET.USER.ZS),
San Marino,2007,Other,50.36,15719.0,31211,,World Bank (IT.NET.USER.ZS),
San Marino,2008,Other,54.52,17262.0,31662,,World Bank (IT.NET.USER.ZS),
San Marino,2009,Other,54.21,17925.0,33066,,World Bank (IT.NET.USER.ZS),
San Marino,2011,Other,49.6,16180.0,32620,,World Bank (IT.NET.USER.ZS),
San Marino,2016,Other,55.0,18206.0,33101,,World Bank (IT.NET.USER.ZS),
San Marino,2017,Other,60.18,20357.0,33825,,World Bank (IT.NET.USER.ZS),
San Marino,2019,Other,67.85,23519.0,34663,,World Bank (IT.NET.USER.ZS),
San Marino,2020,Other,77.95,27103.0,34770,,World Bank (IT.NET.USER.ZS),
San Marino,2021,Other,81.67,27974.0,34252,,World Bank (IT.NET.USER.ZS),
San Marino,2022,Other,97.33,32853.0,33755,,World Bank (IT.NET.USER.ZS),
San Marino,2023,Other,97.34,32958.0,33860,,World Bank (IT.NET.USER.ZS),
Sao Tome and Principe,2000,Other,4.64,6680.0,144018,,World Bank (IT.NET.USER.ZS),
Sao Tome and Principe,2001,Other,6.31,9238.0,146375,,World Bank (IT.NET.USER.ZS),
Sao Tome and Principe,2002,Other,7.58,11365.0,149922,,World Bank (IT.NET.USER.ZS),
Sao Tome and Principe,2003,Other,10.16,15630.0,153814,,World Bank (IT.NET.USER.ZS),
Sao Tome and Principe,2004,Other,13.32,21011.0,157705,,World Bank (IT.NET.USER.ZS),
Sao Tome and Principe,2005,Other,13.76,22241.0,161639,,World Bank (IT.NET.USER.ZS),
Sao Tome and Principe,2006,Other,14.18,23491.0,165638,,World Bank (IT.NET.USER.ZS),
Sao Tome and Principe,2007,Other,14.59,24760.0,169700,,World Bank (IT.NET.USER.ZS),
Sao Tome and Principe,2008,Other,15.48,26903.0,173793,,World Bank (IT.NET.USER.ZS),
Sao Tome and Principe,2009,Other,16.41,29186.0,177853,,World Bank (IT.NET.USER.ZS),
Sao Tome and Principe,2010,Other,18.75,34088.0,181802,,World Bank (IT.NET.USER.ZS),
Sao Tome and Principe,2011,Other,20.16,37429.0,185649,,World Bank (IT.NET.USER.ZS),
Sao Tome and Principe,2012,Other,21.57,40867.0,189439,,World Bank (IT.NET.USER.ZS),
Sao Tome and Principe,2013,Other,23.0,44424.0,193148,,World Bank (IT.NET.USER.ZS),
Sao Tome and Principe,2014,Other,24.41,48031.0,196767,,World Bank (IT.NET.USER.ZS),
Sao Tome and Principe,2015,Other,25.82,51715.0,200291,,World Bank (IT.NET.USER.ZS),
Sao Tome and Principe,2016,Other,28.0,57033.0,203689,,World Bank (IT.NET.USER.ZS),
Sao Tome and Principe,2017,Other,32.62,67506.0,206970,,World Bank (IT.NET.USER.ZS),
Sao Tome and Principe,2018,Other,37.99,79858.0,210187,,World Bank (IT.NET.USER.ZS),
Sao Tome and Principe,2019,Other,44.26,94443.0,213392,,World Bank (IT.NET.USER.ZS),
Sao Tome and Principe,2020,Other,51.55,112098.0,217435,,World Bank (IT.NET.USER.ZS),
Sao Tome and Principe,2021,Other,54.95,121966.0,221961,,World Bank (IT.NET.USER.ZS),
Sao Tome and Principe,2022,Other,58.57,132542.0,226305,,World Bank (IT.NET.USER.ZS),
Sao Tome and Principe,2023,Other,58.7,135524.0,230871,,World Bank (IT.NET.USER.ZS),
Saudi Arabia,2000,Asia,2.21,357640.0,16177722,,World Bank (IT.NET.USER.ZS),
Saudi Arabia,2001,Asia,4.68,797717.0,17041397,,World Bank (IT.NET.USER.ZS),
Saudi Arabia,2002,Asia,6.38,1143559.0,17910910,,World Bank (IT.NET.USER.ZS),
Saudi Arabia,2003,Asia,8.0,1503239.0,18786767,,World Bank (IT.NET.USER.ZS),
Saudi Arabia,2004,Asia,10.23,2013079.0,19669480,,World Bank (IT.NET.USER.ZS),
Saudi Arabia,2005,Asia,12.71,2612141.0,20559890,,World Bank (IT.NET.USER.ZS),
Saudi Arabia,2006,Asia,19.46,4175854.0,21459144,,World Bank (IT.NET.USER.ZS),
Saudi Arabia,2007,Asia,30.0,6710494.0,22368313,,World Bank (IT.NET.USER.ZS),
Saudi Arabia,2008,Asia,36.0,8383636.0,23287877,,World Bank (IT.NET.USER.ZS),
Saudi Arabia,2009,Asia,38.0,9202709.0,24217654,,World Bank (IT.NET.USER.ZS),
Saudi Arabia,2010,Asia,41.0,9831180.0,23978487,,World Bank (IT.NET.USER.ZS),
Saudi Arabia,2011,Asia,47.5,11918637.0,25091867,,World Bank (IT.NET.USER.ZS),
Saudi Arabia,2012,Asia,54.0,14131185.0,26168861,,World Bank (IT.NET.USER.ZS),
Saudi Arabia,2013,Asia,60.5,16712522.0,27624004,,World Bank (IT.NET.USER.ZS),
Saudi Arabia,2014,Asia,64.71,18319966.0,28309273,,World Bank (IT.NET.USER.ZS),
Saudi Arabia,2015,Asia,69.62,20757043.0,29816382,,World Bank (IT.NET.USER.ZS),
Saudi Arabia,2016,Asia,74.88,23178279.0,30954198,,World Bank (IT.NET.USER.ZS),
Saudi Arabia,2017,Asia,94.18,29173110.0,30977355,,World Bank (IT.NET.USER.ZS),
Saudi Arabia,2018,Asia,93.31,28176150.0,30196281,,World Bank (IT.NET.USER.ZS),
Saudi Arabia,2019,Asia,95.72,28778492.0,30063799,,World Bank (IT.NET.USER.ZS),
Saudi Arabia,2020,Asia,97.86,30878022.0,31552510,,World Bank (IT.NET.USER.ZS),
Saudi Arabia,2021,Asia,100.0,30784383.0,30784383,,World Bank (IT.NET.USER.ZS),
Saudi Arabia,2022,Asia,100.0,32175224.0,32175224,,World Bank (IT.NET.USER.ZS),
Saudi Arabia,2023,Asia,100.0,33702731.0,33702731,96.2,World Bank (IT.NET.USER.ZS),DataReportal 2023
Senegal,2000,Other,0.4,40269.0,9968260,,World Bank (IT.NET.USER.ZS),
Senegal,2001,Other,0.98,100474.0,10212942,,World Bank (IT.NET.USER.ZS),
Senegal,2002,Other,1.01,105338.0,10466214,,World Bank (IT.NET.USER.ZS),
Senegal,2003,Other,2.1,225299.0,10721176,,World Bank (IT.NET.USER.ZS),
Senegal,2004,Other,4.39,481397.0,10975704,,World Bank (IT.NET.USER.ZS),
Senegal,2005,Other,4.79,537807.0,11235472,,World Bank (IT.NET.USER.ZS),
Senegal,2006,Other,5.61,645355.0,11500094,,World Bank (IT.NET.USER.ZS),
Senegal,2007,Other,6.89,810977.0,11770344,,World Bank (IT.NET.USER.ZS),
Senegal,2008,Other,7.12,857886.0,12048959,,World Bank (IT.NET.USER.ZS),
Senegal,2009,Other,7.5,925304.0,12337389,,World Bank (IT.NET.USER.ZS),
Senegal,2010,Other,8.0,1010833.0,12635413,,World Bank (IT.NET.USER.ZS),
Senegal,2011,Other,9.8,1269972.0,12958897,,World Bank (IT.NET.USER.ZS),
Senegal,2012,Other,10.8,1437533.0,13310495,,World Bank (IT.NET.USER.ZS),
Senegal,2013,Other,13.1,1796121.0,13710849,,World Bank (IT.NET.USER.ZS),
Senegal,2014,Other,17.7,2504922.0,14152102,,World Bank (IT.NET.USER.ZS),
Senegal,2015,Other,21.7,3166753.0,14593331,,World Bank (IT.NET.USER.ZS),
Senegal,2016,Other,25.66,3858580.0,15034521,,World Bank (IT.NET.USER.ZS),
Senegal,2017,Other,29.64,4587270.0,15475002,,World Bank (IT.NET.USER.ZS),
Senegal,2018,Other,35.3,5617818.0,15914498,,World Bank (IT.NET.USER.ZS),
Senegal,2019,Other,43.38,7093848.0,16352922,,World Bank (IT.NET.USER.ZS),
Senegal,2020,Other,53.31,8950131.0,16789219,,World Bank (IT.NET.USER.ZS),
Senegal,2021,Other,55.04,9478434.0,17220867,,World Bank (IT.NET.USER.ZS),
Senegal,2022,Other,56.83,10030822.0,17651103,,World Bank (IT.NET.USER.ZS),
Senegal,2023,Other,59.19,10699646.0,18077573,,World Bank (IT.NET.USER.ZS),
Serbia,2004,Other,23.5,1753842.0,7463157,,World Bank (IT.NET.USER.ZS),
Serbia,2005,Other,26.3,1956922.0,7440769,,World Bank (IT.NET.USER.ZS),
Serbia,2006,Other,27.2,2015947.0,7411569,,World Bank (IT.NET.USER.ZS),
Serbia,2007,Other,33.15,2446993.0,7381579,,World Bank (IT.NET.USER.ZS),
Serbia,2008,Other,35.6,2616679.0,7350222,,World Bank (IT.NET.USER.ZS),
Serbia,2009,Other,38.1,2789227.0,7320807,,World Bank (IT.NET.USER.ZS),
Serbia,2010,Other,40.9,2982197.0,7291436,,World Bank (IT.NET.USER.ZS),
Serbia,2011,Other,42.2,3053811.0,7236519,,World Bank (IT.NET.USER.ZS),
Serbia,2012,Other,48.1,3463920.0,7201497,,World Bank (IT.NET.USER.ZS),
Serbia,2013,Other,53.45,3830549.0,7166553,,World Bank (IT.NET.USER.ZS),
Serbia,2014,Other,62.08,4427063.0,7131787,,World Bank (IT.NET.USER.ZS),
Serbia,2015,Other,65.32,4634493.0,7095383,,World Bank (IT.NET.USER.ZS),
Serbia,2016,Other,67.06,4733088.0,7058322,,World Bank (IT.NET.USER.ZS),
Serbia,2017,Other,70.33,4937828.0,7020858,,World Bank (IT.NET.USER.ZS),
Serbia,2018,Other,73.36,5122488.0,6982604,,World Bank (IT.NET.USER.ZS),
Serbia,2019,Other,77.42,5376777.0,6945235,,World Bank (IT.NET.USER.ZS),
Serbia,2020,Other,78.37,5406710.0,6899126,,World Bank (IT.NET.USER.ZS),
Serbia,2021,Other,81.17,5547141.0,6834326,,World Bank (IT.NET.USER.ZS),
Serbia,2022,Other,83.54,5567364.0,6664449,,World Bank (IT.NET.USER.ZS),
Serbia,2023,Other,85.36,5653381.0,6623183,,World Bank (IT.NET.USER.ZS),
Seychelles,2000,Other,7.4,6000.0,81131,,World Bank (IT.NET.USER.ZS),
Seychelles,2001,Other,11.02,8944.0,81202,,World Bank (IT.NET.USER.ZS),
Seychelles,2002,Other,14.3,11976.0,83723,,World Bank (IT.NET.USER.ZS),
Seychelles,2003,Other,14.59,12080.0,82781,,World Bank (IT.NET.USER.ZS),
Seychelles,2004,Other,24.27,20018.0,82475,,World Bank (IT.NET.USER.ZS),
Seychelles,2005,Other,25.41,21057.0,82858,,World Bank (IT.NET.USER.ZS),
Seychelles,2006,Other,34.95,29569.0,84600,,World Bank (IT.NET.USER.ZS),
Seychelles,2007,Other,38.38,32636.0,85033,,World Bank (IT.NET.USER.ZS),
Seychelles,2008,Other,40.44,35165.0,86956,,World Bank (IT.NET.USER.ZS),
Seychelles,2010,Other,41.0,36806.0,89770,,World Bank (IT.NET.USER.ZS),
Seychelles,2011,Other,43.16,37743.0,87441,,World Bank (IT.NET.USER.ZS),
Seychelles,2012,Other,47.08,41570.0,88303,,World Bank (IT.NET.USER.ZS),
Seychelles,2013,Other,50.4,45334.0,89949,,World Bank (IT.NET.USER.ZS),
Seychelles,2014,Other,51.25,46826.0,91359,,World Bank (IT.NET.USER.ZS),
Seychelles,2015,Other,54.26,50689.0,93419,,World Bank (IT.NET.USER.ZS),
Seychelles,2016,Other,56.51,53506.0,94677,,World Bank (IT.NET.USER.ZS),
Seychelles,2017,Other,62.55,59953.0,95843,,World Bank (IT.NET.USER.ZS),
Seychelles,2018,Other,69.24,66995.0,96762,,World Bank (IT.NET.USER.ZS),
Seychelles,2019,Other,76.63,74814.0,97625,,World Bank (IT.NET.USER.ZS),
Seychelles,2020,Other,79.25,78033.0,98462,,World Bank (IT.NET.USER.ZS),
Seychelles,2021,Other,82.0,81387.0,99258,,World Bank (IT.NET.USER.ZS),
Seychelles,2022,Other,84.83,101697.0,119878,,World Bank (IT.NET.USER.ZS),
Seychelles,2023,Other,86.0,103006.0,119773,,World Bank (IT.NET.USER.ZS),
Sierra Leone,2000,Other,0.12,5231.0,4423611,,World Bank (IT.NET.USER.ZS),
Sierra Leone,2001,Other,0.16,7521.0,4692716,,World Bank (IT.NET.USER.ZS),
Sierra Leone,2002,Other,0.18,8760.0,4971435,,World Bank (IT.NET.USER.ZS),
Sierra Leone,2003,Other,0.19,9847.0,5177687,,World Bank (IT.NET.USER.ZS),
Sierra Leone,2004,Other,0.2,10873.0,5355717,,World Bank (IT.NET.USER.ZS),
Sierra Leone,2005,Other,0.22,11851.0,5501712,,World Bank (IT.NET.USER.ZS),
Sierra Leone,2006,Other,0.23,12807.0,5624466,,World Bank (IT.NET.USER.ZS),
Sierra Leone,2007,Other,0.24,13787.0,5749352,,World Bank (IT.NET.USER.ZS),
Sierra Leone,2008,Other,0.25,14737.0,5894722,,World Bank (IT.NET.USER.ZS),
Sierra Leone,2009,Other,0.26,15745.0,6055646,,World Bank (IT.NET.USER.ZS),
Sierra Leone,2010,Other,0.58,36092.0,6222714,,World Bank (IT.NET.USER.ZS),
Sierra Leone,2011,Other,0.9,57485.0,6387251,,World Bank (IT.NET.USER.ZS),
Sierra Leone,2012,Other,2.5,163777.0,6551080,,World Bank (IT.NET.USER.ZS),
Sierra Leone,2013,Other,4.0,268562.0,6714051,,World Bank (IT.NET.USER.ZS),
Sierra Leone,2014,Other,6.06,416523.0,6876385,,World Bank (IT.NET.USER.ZS),
Sierra Leone,2015,Other,6.34,446497.0,7037655,,World Bank (IT.NET.USER.ZS),
Sierra Leone,2016,Other,7.68,553376.0,7205328,,World Bank (IT.NET.USER.ZS),
Sierra Leone,2017,Other,9.3,686061.0,7379299,,World Bank (IT.NET.USER.ZS),
Sierra Leone,2018,Other,14.42,1089542.0,7554563,,World Bank (IT.NET.USER.ZS),
Sierra Leone,2019,Other,15.71,1214982.0,7731991,,World Bank (IT.NET.USER.ZS),
Sierra Leone,2020,Other,17.12,1354693.0,7912558,,World Bank (IT.NET.USER.ZS),
Sierra Leone,2021,Other,18.65,1509959.0,8094602,,World Bank (IT.NET.USER.ZS),
Sierra Leone,2022,Other,21.51,1780242.0,8276807,,World Bank (IT.NET.USER.ZS),
Sierra Leone,2023,Other,23.71,2006292.0,8460512,,World Bank (IT.NET.USER.ZS),
Singapore,2000,Asia,36.0,1450039.0,4027887,,World Bank (IT.NET.USER.ZS),
Singapore,2001,Asia,41.67,1724327.0,4138012,,World Bank (IT.NET.USER.ZS),
Singapore,2002,Asia,47.0,1962696.0,4175950,,World Bank (IT.NET.USER.ZS),
Singapore,2003,Asia,53.84,2215338.0,4114826,,World Bank (IT.NET.USER.ZS),
Singapore,2004,Asia,62.0,2583332.0,4166664,,World Bank (IT.NET.USER.ZS),
Singapore,2005,Asia,61.0,2602115.0,4265762,,World Bank (IT.NET.USER.ZS),
Singapore,2006,Asia,59.0,2596805.0,4401365,,World Bank (IT.NET.USER.ZS),
Singapore,2007,Asia,69.9,3207431.0,4588599,,World Bank (IT.NET.USER.ZS),
Singapore,2008,Asia,69.0,3339183.0,4839396,,World Bank (IT.NET.USER.ZS),
Singapore,2009,Asia,69.0,3441425.0,4987573,,World Bank (IT.NET.USER.ZS),
Singapore,2010,Asia,71.0,3604480.0,5076732,,World Bank (IT.NET.USER.ZS),
Singapore,2011,Asia,71.0,3680418.0,5183688,,World Bank (IT.NET.USER.ZS),
Singapore,2012,Asia,72.0,3824955.0,5312437,,World Bank (IT.NET.USER.ZS),
Singapore,2013,Asia,80.9,4368035.0,5399162,,World Bank (IT.NET.USER.ZS),
Singapore,2014,Asia,79.03,4322681.0,5469724,,World Bank (IT.NET.USER.ZS),
Singapore,2015,Asia,79.01,4373369.0,5535002,,World Bank (IT.NET.USER.ZS),
Singapore,2016,Asia,84.45,4735478.0,5607283,,World Bank (IT.NET.USER.ZS),
Singapore,2017,Asia,84.45,4739675.0,5612253,,World Bank (IT.NET.USER.ZS),
Singapore,2018,Asia,88.17,4971375.0,5638676,,World Bank (IT.NET.USER.ZS),
Singapore,2019,Asia,88.95,5073282.0,5703569,,World Bank (IT.NET.USER.ZS),
Singapore,2020,Asia,92.0,5231190.0,5685807,,World Bank (IT.NET.USER.ZS),
Singapore,2021,Asia,96.92,5285851.0,5453566,,World Bank (IT.NET.USER.ZS),
Singapore,2022,Asia,95.95,5408940.0,5637022,,World Bank (IT.NET.USER.ZS),
Singapore,2023,Asia,94.29,5579466.0,5917648,86.5,World Bank (IT.NET.USER.ZS),DataReportal 2023
Slovak Republic,2000,Other,9.43,507984.0,5388720,,World Bank (IT.NET.USER.ZS),
Slovak Republic,2001,Other,12.53,673882.0,5378867,,World Bank (IT.NET.USER.ZS),
Slovak Republic,2002,Other,40.14,2158292.0,5376912,,World Bank (IT.NET.USER.ZS),
Slovak Republic,2003,Other,43.04,2312700.0,5373374,,World Bank (IT.NET.USER.ZS),
Slovak Republic,2004,Other,52.89,2841399.0,5372280,,World Bank (IT.NET.USER.ZS),
Slovak Republic,2005,Other,55.19,2965252.0,5372807,,World Bank (IT.NET.USER.ZS),
Slovak Republic,2006,Other,56.08,3013209.0,5373054,,World Bank (IT.NET.USER.ZS),
Slovak Republic,2007,Other,61.8,3321516.0,5374622,,World Bank (IT.NET.USER.ZS),
Slovak Republic,2008,Other,66.05,3552983.0,5379233,,World Bank (IT.NET.USER.ZS),
Slovak Republic,2009,Other,70.0,3770484.0,5386406,,World Bank (IT.NET.USER.ZS),
Slovak Republic,2010,Other,75.71,4081850.0,5391428,,World Bank (IT.NET.USER.ZS),
Slovak Republic,2011,Other,74.44,4018557.0,5398384,,World Bank (IT.NET.USER.ZS),
Slovak Republic,2012,Other,76.71,4148153.0,5407579,,World Bank (IT.NET.USER.ZS),
Slovak Republic,2013,Other,77.88,4216091.0,5413393,,World Bank (IT.NET.USER.ZS),
Slovak Republic,2014,Other,79.98,4334069.0,5418649,,World Bank (IT.NET.USER.ZS),
Slovak Republic,2015,Other,77.63,4210751.0,5423801,,World Bank (IT.NET.USER.ZS),
Slovak Republic,2016,Other,80.48,4370481.0,5430798,,World Bank (IT.NET.USER.ZS),
Slovak Republic,2017,Other,81.63,4439809.0,5439232,,World Bank (IT.NET.USER.ZS),
Slovak Republic,2018,Other,80.45,4381869.0,5446771,,World Bank (IT.NET.USER.ZS),
Slovak Republic,2019,Other,82.85,4518960.0,5454147,,World Bank (IT.NET.USER.ZS),
Slovak Republic,2020,Other,89.92,4908627.0,5458827,,World Bank (IT.NET.USER.ZS),
Slovak Republic,2021,Other,88.93,4843997.0,5447247,,World Bank (IT.NET.USER.ZS),
Slovak Republic,2022,Other,89.07,4837935.0,5431752,,World Bank (IT.NET.USER.ZS),
Slovak Republic,2023,Other,87.21,4732830.0,5426740,,World Bank (IT.NET.USER.ZS),
Slovenia,2000,Other,15.11,300532.0,1988925,,World Bank (IT.NET.USER.ZS),
Slovenia,2001,Other,30.18,601122.0,1992060,,World Bank (IT.NET.USER.ZS),
Slovenia,2002,Other,27.84,555255.0,1994530,,World Bank (IT.NET.USER.ZS),
Slovenia,2003,Other,31.85,635737.0,1995733,,World Bank (IT.NET.USER.ZS),
Slovenia,2004,Other,40.81,814981.0,1997012,,World Bank (IT.NET.USER.ZS),
Slovenia,2005,Other,46.81,936422.0,2000474,,World Bank (IT.NET.USER.ZS),
Slovenia,2006,Other,54.01,1083909.0,2006868,,World Bank (IT.NET.USER.ZS),
Slovenia,2007,Other,56.74,1145082.0,2018122,,World Bank (IT.NET.USER.ZS),
Slovenia,2008,Other,58.0,1172363.0,2021316,,World Bank (IT.NET.USER.ZS),
Slovenia,2009,Other,64.0,1305388.0,2039669,,World Bank (IT.NET.USER.ZS),
Slovenia,2010,Other,70.0,1434008.0,2048583,,World Bank (IT.NET.USER.ZS),
Slovenia,2011,Other,67.34,1382384.0,2052843,,World Bank (IT.NET.USER.ZS),
Slovenia,2012,Other,68.35,1406068.0,2057159,,World Bank (IT.NET.USER.ZS),
Slovenia,2013,Other,72.68,1497083.0,2059953,,World Bank (IT.NET.USER.ZS),
Slovenia,2014,Other,71.59,1476094.0,2061980,,World Bank (IT.NET.USER.ZS),
Slovenia,2015,Other,73.1,1508414.0,2063531,,World Bank (IT.NET.USER.ZS),
Slovenia,2016,Other,75.5,1559076.0,2065042,,World Bank (IT.NET.USER.ZS),
Slovenia,2017,Other,78.89,1630079.0,2066388,,World Bank (IT.NET.USER.ZS),
Slovenia,2018,Other,79.75,1653930.0,2073894,,World Bank (IT.NET.USER.ZS),
Slovenia,2019,Other,83.11,1735622.0,2088385,,World Bank (IT.NET.USER.ZS),
Slovenia,2020,Other,86.6,1820722.0,2102419,,World Bank (IT.NET.USER.ZS),
Slovenia,2021,Other,89.0,1876275.0,2108079,,World Bank (IT.NET.USER.ZS),
Slovenia,2022,Other,88.91,1877899.0,2112076,,World Bank (IT.NET.USER.ZS),
Slovenia,2023,Other,90.38,1916429.0,2120461,,World Bank (IT.NET.USER.ZS),
Small states,2005,Other,19.6,3273071.0,16699341,,World Bank (IT.NET.USER.ZS),
Small states,2006,Other,21.1,3559263.0,16868546,,World Bank (IT.NET.USER.ZS),
Small states,2007,Other,23.3,3972056.0,17047450,,World Bank (IT.NET.USER.ZS),
Small states,2008,Other,25.6,4410456.0,17228345,,World Bank (IT.NET.USER.ZS),
Small states,2009,Other,28.7,4993491.0,17398922,,World Bank (IT.NET.USER.ZS),
Small states,2010,Other,32.0,5624064.0,17575200,,World Bank (IT.NET.USER.ZS),
Small states,2011,Other,35.5,6300618.0,17748220,,World Bank (IT.NET.USER.ZS),
Small states,2012,Other,38.5,6901684.0,17926451,,World Bank (IT.NET.USER.ZS),
Small states,2013,Other,41.2,7460167.0,18107202,,World Bank (IT.NET.USER.ZS),
Small states,2014,Other,44.7,8176562.0,18292084,,World Bank (IT.NET.USER.ZS),
Small states,2015,Other,47.7,8816190.0,18482578,,World Bank (IT.NET.USER.ZS),
Small states,2016,Other,50.9,9503562.0,18671045,,World Bank (IT.NET.USER.ZS),
Small states,2017,Other,55.6,10489221.0,18865506,,World Bank (IT.NET.USER.ZS),
Small states,2018,Other,58.0,11069262.0,19084934,,World Bank (IT.NET.USER.ZS),
Small states,2019,Other,62.1,11981386.0,19293697,,World Bank (IT.NET.USER.ZS),
Small states,2020,Other,65.6,12773735.0,19472157,,World Bank (IT.NET.USER.ZS),
Small states,2021,Other,69.1,13575765.0,19646549,,World Bank (IT.NET.USER.ZS),
Small states,2022,Other,70.5,13995917.0,19852364,,World Bank (IT.NET.USER.ZS),
Small states,2023,Other,71.7,14362415.0,20031262,,World Bank (IT.NET.USER.ZS),
Solomon Islands,2000,Other,0.48,2120.0,440469,,World Bank (IT.NET.USER.ZS),
Solomon Islands,2001,Other,0.47,2104.0,449125,,World Bank (IT.NET.USER.ZS),
Solomon Islands,2002,Other,0.5,2297.0,457671,,World Bank (IT.NET.USER.ZS),
Solomon Islands,2003,Other,0.56,2590.0,466154,,World Bank (IT.NET.USER.ZS),
Solomon Islands,2004,Other,0.65,3083.0,474611,,World Bank (IT.NET.USER.ZS),
Solomon Islands,2005,Other,0.84,4079.0,483080,,World Bank (IT.NET.USER.ZS),
Solomon Islands,2006,Other,1.65,8093.0,491594,,World Bank (IT.NET.USER.ZS),
Solomon Islands,2007,Other,2.0,10003.0,500156,,World Bank (IT.NET.USER.ZS),
Solomon Islands,2008,Other,3.0,15264.0,508790,,World Bank (IT.NET.USER.ZS),
Solomon Islands,2009,Other,4.0,20726.0,518141,,World Bank (IT.NET.USER.ZS),
Solomon Islands,2010,Other,5.0,26648.0,532968,,World Bank (IT.NET.USER.ZS),
Solomon Islands,2011,Other,6.0,33177.0,552945,,World Bank (IT.NET.USER.ZS),
Solomon Islands,2012,Other,7.0,40138.0,573606,,World Bank (IT.NET.USER.ZS),
Solomon Islands,2013,Other,8.0,47596.0,594945,,World Bank (IT.NET.USER.ZS),
Solomon Islands,2014,Other,9.0,55522.0,616908,,World Bank (IT.NET.USER.ZS),
Solomon Islands,2015,Other,10.0,63945.0,639415,,World Bank (IT.NET.USER.ZS),
Solomon Islands,2016,Other,11.0,72868.0,662379,,World Bank (IT.NET.USER.ZS),
Solomon Islands,2017,Other,15.15,103868.0,685672,,World Bank (IT.NET.USER.ZS),
Solomon Islands,2018,Other,20.86,147914.0,709101,,World Bank (IT.NET.USER.ZS),
Solomon Islands,2019,Other,22.49,163752.0,728147,,World Bank (IT.NET.USER.ZS),
Solomon Islands,2020,Other,24.2,180157.0,744498,,World Bank (IT.NET.USER.ZS),
Solomon Islands,2021,Other,26.04,198563.0,762591,,World Bank (IT.NET.USER.ZS),
Solomon Islands,2022,Other,28.02,218834.0,781066,,World Bank (IT.NET.USER.ZS),
Solomon Islands,2023,Other,28.67,229381.0,800005,,World Bank (IT.NET.USER.ZS),
"Somalia, Fed. Rep.",2000,Other,0.02,1768.0,8838713,,World Bank (IT.NET.USER.ZS),
"Somalia, Fed. Rep.",2001,Other,0.08,7270.0,9198493,,World Bank (IT.NET.USER.ZS),
"Somalia, Fed. Rep.",2002,Other,0.12,11041.0,9550063,,World Bank (IT.NET.USER.ZS),
"Somalia, Fed. Rep.",2003,Other,0.38,37278.0,9909157,,World Bank (IT.NET.USER.ZS),
"Somalia, Fed. Rep.",2004,Other,1.05,108306.0,10280998,,World Bank (IT.NET.USER.ZS),
"Somalia, Fed. Rep.",2005,Other,1.08,114670.0,10644228,,World Bank (IT.NET.USER.ZS),
"Somalia, Fed. Rep.",2006,Other,1.1,120752.0,10975502,,World Bank (IT.NET.USER.ZS),
"Somalia, Fed. Rep.",2007,Other,1.12,127062.0,11322582,,World Bank (IT.NET.USER.ZS),
"Somalia, Fed. Rep.",2008,Other,1.14,133274.0,11663084,,World Bank (IT.NET.USER.ZS),
"Somalia, Fed. Rep.",2009,Other,1.16,138822.0,11961201,,World Bank (IT.NET.USER.ZS),
"Somalia, Fed. Rep.",2011,Other,1.25,154360.0,12348830,,World Bank (IT.NET.USER.ZS),
"Somalia, Fed. Rep.",2012,Other,1.38,171553.0,12461160,,World Bank (IT.NET.USER.ZS),
"Somalia, Fed. Rep.",2013,Other,1.5,193044.0,12869594,,World Bank (IT.NET.USER.ZS),
"Somalia, Fed. Rep.",2014,Other,1.63,217434.0,13339491,,World Bank (IT.NET.USER.ZS),
"Somalia, Fed. Rep.",2015,Other,1.76,243003.0,13806963,,World Bank (IT.NET.USER.ZS),
"Somalia, Fed. Rep.",2016,Other,1.88,269756.0,14348740,,World Bank (IT.NET.USER.ZS),
"Somalia, Fed. Rep.",2019,Other,2.73,437870.0,16030971,,World Bank (IT.NET.USER.ZS),
"Somalia, Fed. Rep.",2020,Other,15.02,2501625.0,16651191,,World Bank (IT.NET.USER.ZS),
"Somalia, Fed. Rep.",2021,Other,23.87,4123520.0,17271431,,World Bank (IT.NET.USER.ZS),
"Somalia, Fed. Rep.",2022,Other,27.6,4913324.0,17801897,,World Bank (IT.NET.USER.ZS),
"Somalia, Fed. Rep.",2023,Other,26.12,4795289.0,18358615,,World Bank (IT.NET.USER.ZS),
South Africa,2000,Africa,5.35,2522366.0,47159719,,World Bank (IT.NET.USER.ZS),
South Africa,2001,Africa,6.35,3018884.0,47566800,,World Bank (IT.NET.USER.ZS),
South Africa,2002,Africa,6.71,3222258.0,48019415,,World Bank (IT.NET.USER.ZS),
South Africa,2003,Africa,7.01,3398755.0,48500348,,World Bank (IT.NET.USER.ZS),
South Africa,2004,Africa,8.43,4127585.0,48991421,,World Bank (IT.NET.USER.ZS),
South Africa,2005,Africa,7.49,3706082.0,49490033,,World Bank (IT.NET.USER.ZS),
South Africa,2006,Africa,7.61,3803439.0,49998277,,World Bank (IT.NET.USER.ZS),
South Africa,2007,Africa,8.07,4075320.0,50528584,,World Bank (IT.NET.USER.ZS),
South Africa,2008,Africa,8.43,4308961.0,51114599,,World Bank (IT.NET.USER.ZS),
South Africa,2009,Africa,10.0,5172852.0,51728516,,World Bank (IT.NET.USER.ZS),
South Africa,2010,Africa,24.0,12562572.0,52344051,,World Bank (IT.NET.USER.ZS),
South Africa,2011,Africa,33.97,18002471.0,52995205,,World Bank (IT.NET.USER.ZS),
South Africa,2012,Africa,41.0,22050852.0,53782567,,World Bank (IT.NET.USER.ZS),
South Africa,2013,Africa,46.5,25425638.0,54678791,,World Bank (IT.NET.USER.ZS),
South Africa,2014,Africa,49.0,27241471.0,55594838,,World Bank (IT.NET.USER.ZS),
South Africa,2015,Africa,51.92,29450351.0,56723537,,World Bank (IT.NET.USER.ZS),
South Africa,2016,Africa,54.0,30920158.0,57259551,,World Bank (IT.NET.USER.ZS),
South Africa,2017,Africa,56.17,32372172.0,57635162,,World Bank (IT.NET.USER.ZS),
South Africa,2018,Africa,62.4,36574514.0,58613001,,World Bank (IT.NET.USER.ZS),
South Africa,2019,Africa,69.7,41530908.0,59587885,,World Bank (IT.NET.USER.ZS),
South Africa,2020,Africa,72.11,43673229.0,60562381,,World Bank (IT.NET.USER.ZS),
South Africa,2021,Africa,74.97,46107639.0,61502603,,World Bank (IT.NET.USER.ZS),
South Africa,2022,Africa,78.29,48838052.0,62378410,,World Bank (IT.NET.USER.ZS),
South Africa,2023,Africa,78.34,49518496.0,63212384,36.4,World Bank (IT.NET.USER.ZS),DataReportal 2023
South Asia,2005,Other,2.1,28284614.0,1346886384,,World Bank (IT.NET.USER.ZS),
South Asia,2006,Other,2.6,35546871.0,1367187349,,World Bank (IT.NET.USER.ZS),
South Asia,2007,Other,3.7,51317130.0,1386949456,,World Bank (IT.NET.USER.ZS),
South Asia,2008,Other,4.1,57647934.0,1406047164,,World Bank (IT.NET.USER.ZS),
South Asia,2009,Other,4.9,69843140.0,1425370200,,World Bank (IT.NET.USER.ZS),
South Asia,2010,Other,7.1,102592658.0,1444967010,,World Bank (IT.NET.USER.ZS),
South Asia,2011,Other,9.4,137651027.0,1464372623,,World Bank (IT.NET.USER.ZS),
South Asia,2012,Other,10.4,154289520.0,1483553073,,World Bank (IT.NET.USER.ZS),
South Asia,2013,Other,11.7,175694453.0,1501661991,,World Bank (IT.NET.USER.ZS),
South Asia,2014,Other,13.0,197579102.0,1519839246,,World Bank (IT.NET.USER.ZS),
South Asia,2015,Other,14.7,225993401.0,1537370078,,World Bank (IT.NET.USER.ZS),
South Asia,2016,Other,16.7,259703681.0,1555111864,,World Bank (IT.NET.USER.ZS),
South Asia,2017,Other,18.8,295633840.0,1572520427,,World Bank (IT.NET.USER.ZS),
South Asia,2018,Other,20.9,332135425.0,1589164714,,World Bank (IT.NET.USER.ZS),
South Asia,2019,Other,29.7,476807657.0,1605412986,,World Bank (IT.NET.USER.ZS),
South Asia,2020,Other,42.5,688956202.0,1621073417,,World Bank (IT.NET.USER.ZS),
South Asia,2021,Other,48.0,784696971.0,1634785356,,World Bank (IT.NET.USER.ZS),
South Asia,2022,Other,54.2,893221184.0,1648009565,,World Bank (IT.NET.USER.ZS),
South Asia,2023,Other,58.3,969284478.0,1662580579,,World Bank (IT.NET.USER.ZS),
South Asia (IDA & IBRD),2005,Other,2.1,28284614.0,1346886384,,World Bank (IT.NET.USER.ZS),
South Asia (IDA & IBRD),2006,Other,2.6,35546871.0,1367187349,,World Bank (IT.NET.USER.ZS),
South Asia (IDA & IBRD),2007,Other,3.7,51317130.0,1386949456,,World Bank (IT.NET.USER.ZS),
South Asia (IDA & IBRD),2008,Other,4.1,57647934.0,1406047164,,World Bank (IT.NET.USER.ZS),
South Asia (IDA & IBRD),2009,Other,4.9,69843140.0,1425370200,,World Bank (IT.NET.USER.ZS),
South Asia (IDA & IBRD),2010,Other,7.1,102592658.0,1444967010,,World Bank (IT.NET.USER.ZS),
South Asia (IDA & IBRD),2011,Other,9.4,137651027.0,1464372623,,World Bank (IT.NET.USER.ZS),
South Asia (IDA & IBRD),2012,Other,10.4,154289520.0,1483553073,,World Bank (IT.NET.USER.ZS),
South Asia (IDA & IBRD),2013,Other,11.7,175694453.0,1501661991,,World Bank (IT.NET.USER.ZS),
South Asia (IDA & IBRD),2014,Other,13.0,197579102.0,1519839246,,World Bank (IT.NET.USER.ZS),
South Asia (IDA & IBRD),2015,Other,14.7,225993401.0,1537370078,,World Bank (IT.NET.USER.ZS),
South Asia (IDA & IBRD),2016,Other,16.7,259703681.0,1555111864,,World Bank (IT.NET.USER.ZS),
South Asia (IDA & IBRD),2017,Other,18.8,295633840.0,1572520427,,World Bank (IT.NET.USER.ZS),
South Asia (IDA & IBRD),2018,Other,20.9,332135425.0,1589164714,,World Bank (IT.NET.USER.ZS),
South Asia (IDA & IBRD),2019,Other,29.7,476807657.0,1605412986,,World Bank (IT.NET.USER.ZS),
South Asia (IDA & IBRD),2020,Other,42.5,688956202.0,1621073417,,World Bank (IT.NET.USER.ZS),
South Asia (IDA & IBRD),2021,Other,48.0,784696971.0,1634785356,,World Bank (IT.NET.USER.ZS),
South Asia (IDA & IBRD),2022,Other,54.2,893221184.0,1648009565,,World Bank (IT.NET.USER.ZS),
South Asia (IDA & IBRD),2023,Other,58.3,969284478.0,1662580579,,World Bank (IT.NET.USER.ZS),
South Sudan,2012,Other,1.5,161344.0,10756240,,World Bank (IT.NET.USER.ZS),
South Sudan,2013,Other,2.2,245658.0,11166275,,World Bank (IT.NET.USER.ZS),
South Sudan,2014,Other,2.6,292112.0,11235073,,World Bank (IT.NET.USER.ZS),
South Sudan,2015,Other,3.0,333227.0,11107561,,World Bank (IT.NET.USER.ZS),
South Sudan,2016,Other,3.5,379054.0,10830102,,World Bank (IT.NET.USER.ZS),
South Sudan,2017,Other,4.1,420625.0,10259154,,World Bank (IT.NET.USER.ZS),
South Sudan,2018,Other,4.8,485903.0,10122977,,World Bank (IT.NET.USER.ZS),
South Sudan,2019,Other,6.67,695344.0,10423384,,World Bank (IT.NET.USER.ZS),
Spain,2000,Europe,13.62,5527356.0,40567864,,World Bank (IT.NET.USER.ZS),
Spain,2001,Europe,18.15,7413828.0,40850412,,World Bank (IT.NET.USER.ZS),
Spain,2002,Europe,20.39,8447895.0,41431558,,World Bank (IT.NET.USER.ZS),
Spain,2003,Europe,39.93,16845527.0,42187645,,World Bank (IT.NET.USER.ZS),
Spain,2004,Europe,44.01,18889926.0,42921895,,World Bank (IT.NET.USER.ZS),
Spain,2005,Europe,47.88,20901131.0,43653155,,World Bank (IT.NET.USER.ZS),
Spain,2006,Europe,50.37,22362930.0,44397319,,World Bank (IT.NET.USER.ZS),
Spain,2007,Europe,55.11,24924491.0,45226803,,World Bank (IT.NET.USER.ZS),
Spain,2008,Europe,59.6,27388647.0,45954106,,World Bank (IT.NET.USER.ZS),
Spain,2009,Europe,62.4,28930478.0,46362946,,World Bank (IT.NET.USER.ZS),
Spain,2010,Europe,65.8,30647598.0,46576897,,World Bank (IT.NET.USER.ZS),
Spain,2011,Europe,67.09,31359675.0,46742697,,World Bank (IT.NET.USER.ZS),
Spain,2012,Europe,69.81,32652270.0,46773055,,World Bank (IT.NET.USER.ZS),
Spain,2013,Europe,71.64,33384917.0,46604197,,World Bank (IT.NET.USER.ZS),
Spain,2014,Europe,76.19,35396903.0,46460733,,World Bank (IT.NET.USER.ZS),
Spain,2015,Europe,78.69,36529539.0,46422303,,World Bank (IT.NET.USER.ZS),
Spain,2016,Europe,80.56,37427296.0,46458139,,World Bank (IT.NET.USER.ZS),
Spain,2017,Europe,84.6,39400308.0,46571232,,World Bank (IT.NET.USER.ZS),
Spain,2018,Europe,86.11,40282696.0,46782011,,World Bank (IT.NET.USER.ZS),
Spain,2019,Europe,90.72,42745275.0,47118501,,World Bank (IT.NET.USER.ZS),
Spain,2020,Europe,93.21,44141658.0,47359424,,World Bank (IT.NET.USER.ZS),
Spain,2021,Europe,93.9,44548572.0,47443821,,World Bank (IT.NET.USER.ZS),
Spain,2022,Europe,94.49,45150958.0,47786102,,World Bank (IT.NET.USER.ZS),
Spain,2023,Europe,95.45,46150382.0,48352528,82.6,World Bank (IT.NET.USER.ZS),DataReportal 2023
Sri Lanka,2000,Other,0.65,124905.0,19293054,,World Bank (IT.NET.USER.ZS),
Sri Lanka,2001,Other,0.79,155592.0,19600362,,World Bank (IT.NET.USER.ZS),
Sri Lanka,2002,Other,1.05,208044.0,19805752,,World Bank (IT.NET.USER.ZS),
Sri Lanka,2003,Other,1.46,291009.0,19951521,,World Bank (IT.NET.USER.ZS),
Sri Lanka,2004,Other,1.45,290499.0,20087605,,World Bank (IT.NET.USER.ZS),
Sri Lanka,2005,Other,1.79,362280.0,20216524,,World Bank (IT.NET.USER.ZS),
Sri Lanka,2006,Other,2.54,516456.0,20352411,,World Bank (IT.NET.USER.ZS),
Sri Lanka,2007,Other,3.88,795111.0,20492545,,World Bank (IT.NET.USER.ZS),
Sri Lanka,2008,Other,4.82,995264.0,20629378,,World Bank (IT.NET.USER.ZS),
Sri Lanka,2009,Other,5.87,1218091.0,20756435,,World Bank (IT.NET.USER.ZS),
Sri Lanka,2010,Other,6.91,1443246.0,20879089,,World Bank (IT.NET.USER.ZS),
Sri Lanka,2011,Other,7.96,1671564.0,21009048,,World Bank (IT.NET.USER.ZS),
Sri Lanka,2012,Other,9.0,1905336.0,21169458,,World Bank (IT.NET.USER.ZS),
Sri Lanka,2013,Other,10.04,2067640.0,20585000,,World Bank (IT.NET.USER.ZS),
Sri Lanka,2014,Other,10.5,2181691.0,20778000,,World Bank (IT.NET.USER.ZS),
Sri Lanka,2015,Other,15.26,3200546.0,20970000,,World Bank (IT.NET.USER.ZS),
Sri Lanka,2016,Other,22.19,4706277.0,21209000,,World Bank (IT.NET.USER.ZS),
Sri Lanka,2017,Other,25.08,5379447.0,21453000,,World Bank (IT.NET.USER.ZS),
Sri Lanka,2018,Other,28.34,6140455.0,21670000,,World Bank (IT.NET.USER.ZS),
Sri Lanka,2019,Other,32.02,6981517.0,21803000,,World Bank (IT.NET.USER.ZS),
Sri Lanka,2020,Other,36.18,7931332.0,21919000,,World Bank (IT.NET.USER.ZS),
Sri Lanka,2021,Other,44.45,9849026.0,22156000,,World Bank (IT.NET.USER.ZS),
Sri Lanka,2022,Other,48.3,10713423.0,22181000,,World Bank (IT.NET.USER.ZS),
Sri Lanka,2023,Other,51.2,11282944.0,22037000,,World Bank (IT.NET.USER.ZS),
St. Kitts and Nevis,2000,Other,5.86,2653.0,45248,,World Bank (IT.NET.USER.ZS),
St. Kitts and Nevis,2001,Other,7.71,3530.0,45761,,World Bank (IT.NET.USER.ZS),
St. Kitts and Nevis,2002,Other,21.15,9734.0,46020,,World Bank (IT.NET.USER.ZS),
St. Kitts and Nevis,2003,Other,22.97,10607.0,46176,,World Bank (IT.NET.USER.ZS),
St. Kitts and Nevis,2004,Other,24.74,11457.0,46315,,World Bank (IT.NET.USER.ZS),
St. Kitts and Nevis,2005,Other,34.0,15789.0,46437,,World Bank (IT.NET.USER.ZS),
St. Kitts and Nevis,2006,Other,38.5,17929.0,46569,,World Bank (IT.NET.USER.ZS),
St. Kitts and Nevis,2007,Other,43.5,20317.0,46706,,World Bank (IT.NET.USER.ZS),
St. Kitts and Nevis,2008,Other,49.2,23043.0,46835,,World Bank (IT.NET.USER.ZS),
St. Kitts and Nevis,2009,Other,55.7,26132.0,46916,,World Bank (IT.NET.USER.ZS),
St. Kitts and Nevis,2010,Other,63.0,29513.0,46846,,World Bank (IT.NET.USER.ZS),
St. Kitts and Nevis,2011,Other,63.2,29632.0,46886,,World Bank (IT.NET.USER.ZS),
St. Kitts and Nevis,2012,Other,64.0,30101.0,47033,,World Bank (IT.NET.USER.ZS),
St. Kitts and Nevis,2013,Other,64.6,30407.0,47069,,World Bank (IT.NET.USER.ZS),
St. Kitts and Nevis,2014,Other,65.38,30788.0,47089,,World Bank (IT.NET.USER.ZS),
St. Kitts and Nevis,2015,Other,66.17,31159.0,47087,,World Bank (IT.NET.USER.ZS),
St. Kitts and Nevis,2016,Other,66.97,31528.0,47075,,World Bank (IT.NET.USER.ZS),
St. Kitts and Nevis,2017,Other,67.78,31893.0,47050,,World Bank (IT.NET.USER.ZS),
St. Kitts and Nevis,2018,Other,68.6,32250.0,47008,,World Bank (IT.NET.USER.ZS),
St. Kitts and Nevis,2019,Other,69.43,32601.0,46952,,World Bank (IT.NET.USER.ZS),
St. Kitts and Nevis,2020,Other,70.28,32938.0,46870,,World Bank (IT.NET.USER.ZS),
St. Kitts and Nevis,2021,Other,74.37,34778.0,46763,,World Bank (IT.NET.USER.ZS),
St. Kitts and Nevis,2022,Other,75.76,35388.0,46709,,World Bank (IT.NET.USER.ZS),
St. Kitts and Nevis,2023,Other,76.59,35812.0,46758,,World Bank (IT.NET.USER.ZS),
St. Lucia,2000,Other,5.09,8074.0,158616,,World Bank (IT.NET.USER.ZS),
St. Lucia,2001,Other,8.18,13110.0,160237,,World Bank (IT.NET.USER.ZS),
St. Lucia,2002,Other,14.64,23667.0,161641,,World Bank (IT.NET.USER.ZS),
St. Lucia,2003,Other,20.98,34196.0,162976,,World Bank (IT.NET.USER.ZS),
St. Lucia,2004,Other,21.4,35139.0,164239,,World Bank (IT.NET.USER.ZS),
St. Lucia,2005,Other,21.57,35684.0,165450,,World Bank (IT.NET.USER.ZS),
St. Lucia,2006,Other,24.5,40827.0,166639,,World Bank (IT.NET.USER.ZS),
St. Lucia,2007,Other,27.9,46804.0,167758,,World Bank (IT.NET.USER.ZS),
St. Lucia,2008,Other,30.0,50642.0,168808,,World Bank (IT.NET.USER.ZS),
St. Lucia,2009,Other,31.0,52659.0,169869,,World Bank (IT.NET.USER.ZS),
St. Lucia,2010,Other,32.5,55544.0,170906,,World Bank (IT.NET.USER.ZS),
St. Lucia,2011,Other,34.0,58412.0,171801,,World Bank (IT.NET.USER.ZS),
St. Lucia,2012,Other,45.87,79157.0,172587,,World Bank (IT.NET.USER.ZS),
St. Lucia,2013,Other,49.39,85622.0,173369,,World Bank (IT.NET.USER.ZS),
St. Lucia,2014,Other,53.18,92606.0,174138,,World Bank (IT.NET.USER.ZS),
St. Lucia,2015,Other,57.26,100156.0,174905,,World Bank (IT.NET.USER.ZS),
St. Lucia,2016,Other,58.22,102266.0,175646,,World Bank (IT.NET.USER.ZS),
St. Lucia,2017,Other,59.16,104324.0,176342,,World Bank (IT.NET.USER.ZS),
St. Lucia,2018,Other,60.11,106410.0,177017,,World Bank (IT.NET.USER.ZS),
St. Lucia,2019,Other,61.08,108516.0,177661,,World Bank (IT.NET.USER.ZS),
St. Lucia,2020,Other,62.06,110629.0,178250,,World Bank (IT.NET.USER.ZS),
St. Lucia,2021,Other,63.06,112582.0,178522,,World Bank (IT.NET.USER.ZS),
St. Lucia,2022,Other,66.95,119697.0,178781,,World Bank (IT.NET.USER.ZS),
St. Lucia,2023,Other,67.44,120917.0,179285,,World Bank (IT.NET.USER.ZS),
St. Vincent and the Grenadines,2000,Other,3.25,3685.0,113545,,World Bank (IT.NET.USER.ZS),
St. Vincent and the Grenadines,2001,Other,5.09,5783.0,113501,,World Bank (IT.NET.USER.ZS),
St. Vincent and the Grenadines,2002,Other,5.55,6290.0,113347,,World Bank (IT.NET.USER.ZS),
St. Vincent and the Grenadines,2003,Other,6.46,7311.0,113141,,World Bank (IT.NET.USER.ZS),
St. Vincent and the Grenadines,2004,Other,7.37,8317.0,112835,,World Bank (IT.NET.USER.ZS),
St. Vincent and the Grenadines,2005,Other,9.2,10343.0,112450,,World Bank (IT.NET.USER.ZS),
St. Vincent and the Grenadines,2006,Other,12.0,13442.0,112014,,World Bank (IT.NET.USER.ZS),
St. Vincent and the Grenadines,2007,Other,16.0,17845.0,111531,,World Bank (IT.NET.USER.ZS),
St. Vincent and the Grenadines,2008,Other,21.0,23316.0,111028,,World Bank (IT.NET.USER.ZS),
St. Vincent and the Grenadines,2009,Other,31.0,34257.0,110508,,World Bank (IT.NET.USER.ZS),
St. Vincent and the Grenadines,2010,Other,33.7,37056.0,109959,,World Bank (IT.NET.USER.ZS),
St. Vincent and the Grenadines,2011,Other,36.7,40131.0,109349,,World Bank (IT.NET.USER.ZS),
St. Vincent and the Grenadines,2012,Other,40.0,43494.0,108736,,World Bank (IT.NET.USER.ZS),
St. Vincent and the Grenadines,2013,Other,43.5,47039.0,108135,,World Bank (IT.NET.USER.ZS),
St. Vincent and the Grenadines,2014,Other,47.4,50972.0,107535,,World Bank (IT.NET.USER.ZS),
St. Vincent and the Grenadines,2015,Other,49.4,52838.0,106960,,World Bank (IT.NET.USER.ZS),
St. Vincent and the Grenadines,2016,Other,51.5,54770.0,106349,,World Bank (IT.NET.USER.ZS),
St. Vincent and the Grenadines,2017,Other,53.7,56741.0,105663,,World Bank (IT.NET.USER.ZS),
St. Vincent and the Grenadines,2018,Other,56.0,58759.0,104926,,World Bank (IT.NET.USER.ZS),
St. Vincent and the Grenadines,2019,Other,59.58,62059.0,104167,,World Bank (IT.NET.USER.ZS),
St. Vincent and the Grenadines,2020,Other,63.38,65616.0,103526,,World Bank (IT.NET.USER.ZS),
St. Vincent and the Grenadines,2021,Other,68.83,70789.0,102841,,World Bank (IT.NET.USER.ZS),
St. Vincent and the Grenadines,2022,Other,74.75,76284.0,102046,,World Bank (IT.NET.USER.ZS),
St. Vincent and the Grenadines,2023,Other,75.54,76536.0,101323,,World Bank (IT.NET.USER.ZS),
Sub-Saharan Africa,2005,Other,2.0,15593302.0,779665113,,World Bank (IT.NET.USER.ZS),
Sub-Saharan Africa,2006,Other,2.6,20833004.0,801269368,,World Bank (IT.NET.USER.ZS),
Sub-Saharan Africa,2007,Other,3.1,25530511.0,823564883,,World Bank (IT.NET.USER.ZS),
Sub-Saharan Africa,2008,Other,3.6,30479647.0,846656872,,World Bank (IT.NET.USER.ZS),
Sub-Saharan Africa,2009,Other,4.3,37424934.0,870347292,,World Bank (IT.NET.USER.ZS),
Sub-Saharan Africa,2010,Other,6.0,53679999.0,894666657,,World Bank (IT.NET.USER.ZS),
Sub-Saharan Africa,2011,Other,7.5,68964609.0,919528126,,World Bank (IT.NET.USER.ZS),
Sub-Saharan Africa,2012,Other,9.2,86937269.0,944970310,,World Bank (IT.NET.USER.ZS),
Sub-Saharan Africa,2013,Other,11.2,108778085.0,971232906,,World Bank (IT.NET.USER.ZS),
Sub-Saharan Africa,2014,Other,13.4,133726779.0,997961037,,World Bank (IT.NET.USER.ZS),
Sub-Saharan Africa,2015,Other,16.2,166090680.0,1025251114,,World Bank (IT.NET.USER.ZS),
Sub-Saharan Africa,2016,Other,18.3,192666818.0,1052824144,,World Bank (IT.NET.USER.ZS),
Sub-Saharan Africa,2017,Other,20.0,216188329.0,1080941647,,World Bank (IT.NET.USER.ZS),
Sub-Saharan Africa,2018,Other,22.0,244199340.0,1109997000,,World Bank (IT.NET.USER.ZS),
Sub-Saharan Africa,2019,Other,24.4,277993011.0,1139315618,,World Bank (IT.NET.USER.ZS),
Sub-Saharan Africa,2020,Other,26.7,312127125.0,1169015451,,World Bank (IT.NET.USER.ZS),
Sub-Saharan Africa,2021,Other,29.0,347713458.0,1199011925,,World Bank (IT.NET.USER.ZS),
Sub-Saharan Africa,2022,Other,31.1,382283866.0,1229208573,,World Bank (IT.NET.USER.ZS),
Sub-Saharan Africa,2023,Other,32.3,406944457.0,1259889959,,World Bank (IT.NET.USER.ZS),
Sub-Saharan Africa (IDA & IBRD countries),2005,Other,2.0,15593302.0,779665113,,World Bank (IT.NET.USER.ZS),
Sub-Saharan Africa (IDA & IBRD countries),2006,Other,2.5,20031734.0,801269368,,World Bank (IT.NET.USER.ZS),
Sub-Saharan Africa (IDA & IBRD countries),2007,Other,3.4,28001206.0,823564883,,World Bank (IT.NET.USER.ZS),
Sub-Saharan Africa (IDA & IBRD countries),2008,Other,3.8,32172961.0,846656872,,World Bank (IT.NET.USER.ZS),
Sub-Saharan Africa (IDA & IBRD countries),2009,Other,4.5,39165628.0,870347292,,World Bank (IT.NET.USER.ZS),
Sub-Saharan Africa (IDA & IBRD countries),2010,Other,6.1,54574666.0,894666657,,World Bank (IT.NET.USER.ZS),
Sub-Saharan Africa (IDA & IBRD countries),2011,Other,7.6,69884138.0,919528126,,World Bank (IT.NET.USER.ZS),
Sub-Saharan Africa (IDA & IBRD countries),2012,Other,9.2,86937269.0,944970310,,World Bank (IT.NET.USER.ZS),
Sub-Saharan Africa (IDA & IBRD countries),2013,Other,11.1,107806853.0,971232906,,World Bank (IT.NET.USER.ZS),
Sub-Saharan Africa (IDA & IBRD countries),2014,Other,13.3,132728818.0,997961037,,World Bank (IT.NET.USER.ZS),
Sub-Saharan Africa (IDA & IBRD countries),2015,Other,16.1,165065429.0,1025251114,,World Bank (IT.NET.USER.ZS),
Sub-Saharan Africa (IDA & IBRD countries),2016,Other,18.2,191613994.0,1052824144,,World Bank (IT.NET.USER.ZS),
Sub-Saharan Africa (IDA & IBRD countries),2017,Other,19.9,215107388.0,1080941647,,World Bank (IT.NET.USER.ZS),
Sub-Saharan Africa (IDA & IBRD countries),2018,Other,22.1,245309337.0,1109997000,,World Bank (IT.NET.USER.ZS),
Sub-Saharan Africa (IDA & IBRD countries),2019,Other,24.4,277993011.0,1139315618,,World Bank (IT.NET.USER.ZS),
Sub-Saharan Africa (IDA & IBRD countries),2020,Other,26.8,313296141.0,1169015451,,World Bank (IT.NET.USER.ZS),
Sub-Saharan Africa (IDA & IBRD countries),2021,Other,28.9,346514446.0,1199011925,,World Bank (IT.NET.USER.ZS),
Sub-Saharan Africa (IDA & IBRD countries),2022,Other,31.1,382283866.0,1229208573,,World Bank (IT.NET.USER.ZS),
Sub-Saharan Africa (IDA & IBRD countries),2023,Other,32.1,404424677.0,1259889959,,World Bank (IT.NET.USER.ZS),
Sub-Saharan Africa (excluding high income),2005,Other,2.2,15426725.0,701214785,,World Bank (IT.NET.USER.ZS),
Sub-Saharan Africa (excluding high income),2006,Other,2.8,20173476.0,720481278,,World Bank (IT.NET.USER.ZS),
Sub-Saharan Africa (excluding high income),2007,Other,3.7,27393935.0,740376633,,World Bank (IT.NET.USER.ZS),
Sub-Saharan Africa (excluding high income),2008,Other,4.2,31963102.0,761026248,,World Bank (IT.NET.USER.ZS),
Sub-Saharan Africa (excluding high income),2009,Other,4.9,38330366.0,782252358,,World Bank (IT.NET.USER.ZS),
Sub-Saharan Africa (excluding high income),2010,Other,6.7,53870571.0,804038373,,World Bank (IT.NET.USER.ZS),
Sub-Saharan Africa (excluding high income),2011,Other,8.3,68582129.0,826290715,,World Bank (IT.NET.USER.ZS),
Sub-Saharan Africa (excluding high income),2012,Other,9.9,84059241.0,849083240,,World Bank (IT.NET.USER.ZS),
Sub-Saharan Africa (excluding high income),2013,Other,11.8,102979096.0,872704206,,World Bank (IT.NET.USER.ZS),
Sub-Saharan Africa (excluding high income),2014,Other,13.9,124648815.0,896754068,,World Bank (IT.NET.USER.ZS),
Sub-Saharan Africa (excluding high income),2015,Other,16.3,150170361.0,921290560,,World Bank (IT.NET.USER.ZS),
Sub-Saharan Africa (excluding high income),2016,Other,18.5,175012091.0,946011305,,World Bank (IT.NET.USER.ZS),
Sub-Saharan Africa (excluding high income),2017,Other,20.4,198120582.0,971179323,,World Bank (IT.NET.USER.ZS),
Sub-Saharan Africa (excluding high income),2018,Other,22.8,227369828.0,997236086,,World Bank (IT.NET.USER.ZS),
Sub-Saharan Africa (excluding high income),2019,Other,25.3,258940594.0,1023480610,,World Bank (IT.NET.USER.ZS),
Sub-Saharan Africa (excluding high income),2020,Other,28.0,293999809.0,1049999318,,World Bank (IT.NET.USER.ZS),
Sub-Saharan Africa (excluding high income),2021,Other,30.3,326262546.0,1076774079,,World Bank (IT.NET.USER.ZS),
Sub-Saharan Africa (excluding high income),2022,Other,32.7,360911341.0,1103704408,,World Bank (IT.NET.USER.ZS),
Sub-Saharan Africa (excluding high income),2023,Other,33.5,378911295.0,1131078494,,World Bank (IT.NET.USER.ZS),
Sudan,2000,Other,0.03,7173.0,27816745,,World Bank (IT.NET.USER.ZS),
Sudan,2001,Other,0.14,39976.0,28516770,,World Bank (IT.NET.USER.ZS),
Sudan,2002,Other,0.44,128454.0,29228727,,World Bank (IT.NET.USER.ZS),
Sudan,2003,Other,0.54,160982.0,29896035,,World Bank (IT.NET.USER.ZS),
Sudan,2004,Other,0.79,241875.0,30556637,,World Bank (IT.NET.USER.ZS),
Sudan,2007,Other,8.66,2837374.0,32764135,,World Bank (IT.NET.USER.ZS),
Sudan,2015,Other,12.0,4802932.0,40024431,,World Bank (IT.NET.USER.ZS),
Sudan,2016,Other,14.1,5817645.0,41259892,,World Bank (IT.NET.USER.ZS),
Sudan,2017,Other,18.6,7944861.0,42714306,,World Bank (IT.NET.USER.ZS),
Suriname,2000,Other,2.51,11947.0,476643,,World Bank (IT.NET.USER.ZS),
Suriname,2001,Other,3.06,14910.0,486560,,World Bank (IT.NET.USER.ZS),
Suriname,2002,Other,4.16,20664.0,496551,,World Bank (IT.NET.USER.ZS),
Suriname,2003,Other,4.72,23902.0,506414,,World Bank (IT.NET.USER.ZS),
Suriname,2004,Other,6.08,31226.0,513923,,World Bank (IT.NET.USER.ZS),
Suriname,2005,Other,6.4,33252.0,519313,,World Bank (IT.NET.USER.ZS),
Suriname,2006,Other,9.5,49873.0,524997,,World Bank (IT.NET.USER.ZS),
Suriname,2007,Other,14.11,74926.0,531016,,World Bank (IT.NET.USER.ZS),
Suriname,2008,Other,21.06,113144.0,537245,,World Bank (IT.NET.USER.ZS),
Suriname,2009,Other,31.36,170463.0,543568,,World Bank (IT.NET.USER.ZS),
Suriname,2010,Other,31.59,173721.0,549923,,World Bank (IT.NET.USER.ZS),
Suriname,2011,Other,32.0,178006.0,556269,,World Bank (IT.NET.USER.ZS),
Suriname,2012,Other,34.68,195128.0,562633,,World Bank (IT.NET.USER.ZS),
Suriname,2013,Other,37.4,212813.0,569020,,World Bank (IT.NET.USER.ZS),
Suriname,2014,Other,40.08,230610.0,575373,,World Bank (IT.NET.USER.ZS),
Suriname,2015,Other,42.76,248726.0,581627,,World Bank (IT.NET.USER.ZS),
Suriname,2016,Other,45.4,266842.0,587757,,World Bank (IT.NET.USER.ZS),
Suriname,2017,Other,48.95,290594.0,593713,,World Bank (IT.NET.USER.ZS),
Suriname,2018,Other,55.1,330344.0,599513,,World Bank (IT.NET.USER.ZS),
Suriname,2019,Other,62.03,375779.0,605768,,World Bank (IT.NET.USER.ZS),
Suriname,2023,Other,87.4,549646.0,628886,,World Bank (IT.NET.USER.ZS),
Sweden,2000,Europe,45.69,4053458.0,8872109,,World Bank (IT.NET.USER.ZS),
Sweden,2001,Europe,51.77,4605053.0,8895960,,World Bank (IT.NET.USER.ZS),
Sweden,2002,Europe,70.57,6298343.0,8924958,,World Bank (IT.NET.USER.ZS),
Sweden,2003,Europe,79.13,7088647.0,8958229,,World Bank (IT.NET.USER.ZS),
Sweden,2004,Europe,83.89,7544673.0,8993531,,World Bank (IT.NET.USER.ZS),
Sweden,2005,Europe,84.83,7659786.0,9029572,,World Bank (IT.NET.USER.ZS),
Sweden,2006,Europe,87.76,7969051.0,9080505,,World Bank (IT.NET.USER.ZS),
Sweden,2007,Europe,82.01,7502350.0,9148092,,World Bank (IT.NET.USER.ZS),
Sweden,2008,Europe,90.0,8297673.0,9219637,,World Bank (IT.NET.USER.ZS),
Sweden,2009,Europe,91.0,8461649.0,9298515,,World Bank (IT.NET.USER.ZS),
Sweden,2010,Europe,90.0,8440313.0,9378126,,World Bank (IT.NET.USER.ZS),
Sweden,2011,Europe,92.77,8766034.0,9449213,,World Bank (IT.NET.USER.ZS),
Sweden,2012,Europe,93.18,8870152.0,9519374,,World Bank (IT.NET.USER.ZS),
Sweden,2013,Europe,94.78,9099585.0,9600379,,World Bank (IT.NET.USER.ZS),
Sweden,2014,Europe,92.52,8971191.0,9696110,,World Bank (IT.NET.USER.ZS),
Sweden,2015,Europe,90.61,8879062.0,9799186,,World Bank (IT.NET.USER.ZS),
Sweden,2016,Europe,89.65,8896140.0,9923085,,World Bank (IT.NET.USER.ZS),
Sweden,2017,Europe,93.01,9354289.0,10057698,,World Bank (IT.NET.USER.ZS),
Sweden,2018,Europe,89.25,9081069.0,10175214,,World Bank (IT.NET.USER.ZS),
Sweden,2019,Europe,94.49,9712874.0,10278887,,World Bank (IT.NET.USER.ZS),
Sweden,2020,Europe,94.54,9788085.0,10353442,,World Bank (IT.NET.USER.ZS),
Sweden,2021,Europe,94.67,9860681.0,10415811,,World Bank (IT.NET.USER.ZS),
Sweden,2022,Europe,95.01,9963612.0,10486941,,World Bank (IT.NET.USER.ZS),
Sweden,2023,Europe,95.7,10083902.0,10536632,82.1,World Bank (IT.NET.USER.ZS),DataReportal 2023
Switzerland,2000,Other,47.1,3383782.0,7184250,,World Bank (IT.NET.USER.ZS),
Switzerland,2001,Other,55.1,3983650.0,7229854,,World Bank (IT.NET.USER.ZS),
Switzerland,2002,Other,61.4,4472838.0,7284753,,World Bank (IT.NET.USER.ZS),
Switzerland,2003,Other,65.1,4777690.0,7339001,,World Bank (IT.NET.USER.ZS),
Switzerland,2004,Other,67.8,5010166.0,7389625,,World Bank (IT.NET.USER.ZS),
Switzerland,2005,Other,70.1,5213418.0,7437115,,World Bank (IT.NET.USER.ZS),
Switzerland,2006,Other,75.7,5665338.0,7483934,,World Bank (IT.NET.USER.ZS),
Switzerland,2007,Other,77.2,5829462.0,7551117,,World Bank (IT.NET.USER.ZS),
Switzerland,2008,Other,79.2,6056959.0,7647675,,World Bank (IT.NET.USER.ZS),
Switzerland,2009,Other,81.3,6295735.0,7743831,,World Bank (IT.NET.USER.ZS),
Switzerland,2010,Other,83.9,6565099.0,7824909,,World Bank (IT.NET.USER.ZS),
Switzerland,2011,Other,85.19,6740811.0,7912398,,World Bank (IT.NET.USER.ZS),
Switzerland,2012,Other,85.2,6813326.0,7996861,,World Bank (IT.NET.USER.ZS),
Switzerland,2013,Other,86.34,6984341.0,8089346,,World Bank (IT.NET.USER.ZS),
Switzerland,2014,Other,83.62,6847123.0,8188649,,World Bank (IT.NET.USER.ZS),
Switzerland,2015,Other,87.48,7245362.0,8282396,,World Bank (IT.NET.USER.ZS),
Switzerland,2016,Other,89.13,7463549.0,8373338,,World Bank (IT.NET.USER.ZS),
Switzerland,2017,Other,89.69,7580130.0,8451840,,World Bank (IT.NET.USER.ZS),
Switzerland,2018,Other,91.8,7816154.0,8514329,,World Bank (IT.NET.USER.ZS),
Switzerland,2019,Other,93.15,7987538.0,8575280,,World Bank (IT.NET.USER.ZS),
Switzerland,2020,Other,94.35,8150110.0,8638167,,World Bank (IT.NET.USER.ZS),
Switzerland,2021,Other,95.57,8318880.0,8704546,,World Bank (IT.NET.USER.ZS),
Switzerland,2022,Other,96.45,8465747.0,8777088,,World Bank (IT.NET.USER.ZS),
Switzerland,2023,Other,97.34,8652767.0,8888822,,World Bank (IT.NET.USER.ZS),
Syrian Arab Republic,2000,Other,0.18,30231.0,16637888,,World Bank (IT.NET.USER.ZS),
Syrian Arab Republic,2001,Other,0.35,60321.0,17051338,,World Bank (IT.NET.USER.ZS),
Syrian Arab Republic,2002,Other,2.09,365630.0,17468332,,World Bank (IT.NET.USER.ZS),
Syrian Arab Republic,2003,Other,3.4,607873.0,17889296,,World Bank (IT.NET.USER.ZS),
Syrian Arab Republic,2004,Other,4.32,792445.0,18336875,,World Bank (IT.NET.USER.ZS),
Syrian Arab Republic,2005,Other,5.65,1062639.0,18814091,,World Bank (IT.NET.USER.ZS),
Syrian Arab Republic,2006,Other,7.83,1538089.0,19637022,,World Bank (IT.NET.USER.ZS),
Syrian Arab Republic,2007,Other,11.5,2401674.0,20884125,,World Bank (IT.NET.USER.ZS),
Syrian Arab Republic,2008,Other,14.0,3029119.0,21636564,,World Bank (IT.NET.USER.ZS),
Syrian Arab Republic,2009,Other,17.3,3802016.0,21976969,,World Bank (IT.NET.USER.ZS),
Syrian Arab Republic,2010,Other,20.7,4653861.0,22482421,,World Bank (IT.NET.USER.ZS),
Syrian Arab Republic,2011,Other,22.5,5147572.0,22878098,,World Bank (IT.NET.USER.ZS),
Syrian Arab Republic,2012,Other,24.3,5530645.0,22759763,,World Bank (IT.NET.USER.ZS),
Syrian Arab Republic,2013,Other,26.2,5676732.0,21666917,,World Bank (IT.NET.USER.ZS),
Syrian Arab Republic,2014,Other,28.09,5694871.0,20273659,,World Bank (IT.NET.USER.ZS),
Syrian Arab Republic,2015,Other,29.98,5823461.0,19424618,,World Bank (IT.NET.USER.ZS),
Syrian Arab Republic,2016,Other,31.87,6116998.0,19193834,,World Bank (IT.NET.USER.ZS),
Syrian Arab Republic,2017,Other,32.7,6286467.0,19224668,,World Bank (IT.NET.USER.ZS),
Syrian Arab Republic,2018,Other,33.77,6611438.0,19577845,,World Bank (IT.NET.USER.ZS),
Tajikistan,2000,Other,0.05,3054.0,6284735,,World Bank (IT.NET.USER.ZS),
Tajikistan,2001,Other,0.05,3284.0,6407377,,World Bank (IT.NET.USER.ZS),
Tajikistan,2002,Other,0.06,3623.0,6531669,,World Bank (IT.NET.USER.ZS),
Tajikistan,2003,Other,0.06,4300.0,6658575,,World Bank (IT.NET.USER.ZS),
Tajikistan,2004,Other,0.08,5261.0,6790547,,World Bank (IT.NET.USER.ZS),
Tajikistan,2005,Other,0.3,20683.0,6924720,,World Bank (IT.NET.USER.ZS),
Tajikistan,2006,Other,3.77,266240.0,7057566,,World Bank (IT.NET.USER.ZS),
Tajikistan,2007,Other,7.2,517831.0,7194477,,World Bank (IT.NET.USER.ZS),
Tajikistan,2008,Other,8.78,644312.0,7338403,,World Bank (IT.NET.USER.ZS),
Tajikistan,2009,Other,10.07,754266.0,7490230,,World Bank (IT.NET.USER.ZS),
Tajikistan,2010,Other,11.55,883822.0,7652141,,World Bank (IT.NET.USER.ZS),
Tajikistan,2011,Other,13.03,1019569.0,7824785,,World Bank (IT.NET.USER.ZS),
Tajikistan,2012,Other,14.51,1162844.0,8014084,,World Bank (IT.NET.USER.ZS),
Tajikistan,2013,Other,16.0,1314676.0,8216724,,World Bank (IT.NET.USER.ZS),
Tajikistan,2014,Other,17.49,1473629.0,8425552,,World Bank (IT.NET.USER.ZS),
Tajikistan,2015,Other,18.98,1640601.0,8643840,,World Bank (IT.NET.USER.ZS),
Tajikistan,2016,Other,20.47,1814795.0,8865631,,World Bank (IT.NET.USER.ZS),
Tajikistan,2017,Other,21.96,1995274.0,9085946,,World Bank (IT.NET.USER.ZS),
Tajikistan,2018,Other,32.6,3034190.0,9307333,,World Bank (IT.NET.USER.ZS),
Tajikistan,2019,Other,22.69,2161997.0,9529966,,World Bank (IT.NET.USER.ZS),
Tajikistan,2020,Other,27.54,2685360.0,9749310,,World Bank (IT.NET.USER.ZS),
Tajikistan,2021,Other,36.71,3658413.0,9966908,,World Bank (IT.NET.USER.ZS),
Tajikistan,2022,Other,48.91,4980563.0,10182222,,World Bank (IT.NET.USER.ZS),
Tajikistan,2023,Other,54.42,5653661.0,10389799,,World Bank (IT.NET.USER.ZS),
Tanzania,2000,Africa,0.12,40151.0,34260139,,World Bank (IT.NET.USER.ZS),
Tanzania,2001,Africa,0.17,60295.0,35198299,,World Bank (IT.NET.USER.ZS),
Tanzania,2002,Africa,0.22,80364.0,36121304,,World Bank (IT.NET.USER.ZS),
Tanzania,2003,Africa,0.68,251083.0,37089555,,World Bank (IT.NET.USER.ZS),
Tanzania,2004,Africa,0.88,334441.0,38109668,,World Bank (IT.NET.USER.ZS),
Tanzania,2005,Africa,1.1,431003.0,39182076,,World Bank (IT.NET.USER.ZS),
Tanzania,2006,Africa,1.3,523834.0,40294902,,World Bank (IT.NET.USER.ZS),
Tanzania,2007,Africa,1.6,662968.0,41435512,,World Bank (IT.NET.USER.ZS),
Tanzania,2008,Africa,1.9,808844.0,42570728,,World Bank (IT.NET.USER.ZS),
Tanzania,2009,Africa,2.4,1047216.0,43633982,,World Bank (IT.NET.USER.ZS),
Tanzania,2010,Africa,2.9,1297996.0,44758488,,World Bank (IT.NET.USER.ZS),
Tanzania,2011,Africa,3.2,1472940.0,46029367,,World Bank (IT.NET.USER.ZS),
Tanzania,2012,Africa,3.95,1871283.0,47374260,,World Bank (IT.NET.USER.ZS),
Tanzania,2013,Africa,4.4,2148262.0,48824128,,World Bank (IT.NET.USER.ZS),
Tanzania,2014,Africa,7.0,3524606.0,50351512,,World Bank (IT.NET.USER.ZS),
Tanzania,2015,Africa,10.0,5202096.0,52020962,,World Bank (IT.NET.USER.ZS),
Tanzania,2016,Africa,13.5,7268520.0,53824013,,World Bank (IT.NET.USER.ZS),
Tanzania,2017,Africa,14.46,8049300.0,55652890,,World Bank (IT.NET.USER.ZS),
Tanzania,2018,Africa,15.49,8897416.0,57437145,,World Bank (IT.NET.USER.ZS),
Tanzania,2019,Africa,16.59,9817647.0,59174891,,World Bank (IT.NET.USER.ZS),
Tanzania,2020,Africa,19.48,11878354.0,60972798,,World Bank (IT.NET.USER.ZS),
Tanzania,2021,Africa,22.88,14372708.0,62830412,,World Bank (IT.NET.USER.ZS),
Tanzania,2022,Africa,26.86,17381983.0,64711821,,World Bank (IT.NET.USER.ZS),
Tanzania,2023,Africa,28.43,18940651.0,66617606,10.2,World Bank (IT.NET.USER.ZS),DataReportal 2023
Thailand,2000,Asia,3.69,2324384.0,63007815,,World Bank (IT.NET.USER.ZS),
Thailand,2001,Asia,5.56,3536665.0,63651141,,World Bank (IT.NET.USER.ZS),
Thailand,2002,Asia,7.53,4840066.0,64266437,,World Bank (IT.NET.USER.ZS),
Thailand,2003,Asia,9.3,6032108.0,64868166,,World Bank (IT.NET.USER.ZS),
Thailand,2004,Asia,10.68,6988514.0,65452047,,World Bank (IT.NET.USER.ZS),
Thailand,2005,Asia,15.03,9919780.0,66017420,,World Bank (IT.NET.USER.ZS),
Thailand,2006,Asia,17.16,11423491.0,66567687,,World Bank (IT.NET.USER.ZS),
Thailand,2007,Asia,20.03,13440610.0,67102394,,World Bank (IT.NET.USER.ZS),
Thailand,2008,Asia,18.2,12306809.0,67619830,,World Bank (IT.NET.USER.ZS),
Thailand,2009,Asia,20.1,13692337.0,68121080,,World Bank (IT.NET.USER.ZS),
Thailand,2010,Asia,22.4,15361796.0,68579447,,World Bank (IT.NET.USER.ZS),
Thailand,2011,Asia,23.67,16333955.0,69007208,,World Bank (IT.NET.USER.ZS),
Thailand,2012,Asia,26.46,18372792.0,69436098,,World Bank (IT.NET.USER.ZS),
Thailand,2013,Asia,28.94,20213176.0,69845114,,World Bank (IT.NET.USER.ZS),
Thailand,2014,Asia,34.89,24495719.0,70216367,,World Bank (IT.NET.USER.ZS),
Thailand,2015,Asia,39.32,27733908.0,70540795,,World Bank (IT.NET.USER.ZS),
Thailand,2016,Asia,47.5,33661943.0,70859841,,World Bank (IT.NET.USER.ZS),
Thailand,2017,Asia,52.89,37637996.0,71160187,,World Bank (IT.NET.USER.ZS),
Thailand,2018,Asia,56.82,40554090.0,71376079,,World Bank (IT.NET.USER.ZS),
Thailand,2019,Asia,66.65,47671324.0,71522271,,World Bank (IT.NET.USER.ZS),
Thailand,2020,Asia,77.84,55768411.0,71641484,,World Bank (IT.NET.USER.ZS),
Thailand,2021,Asia,85.27,61161585.0,71727332,,World Bank (IT.NET.USER.ZS),
Thailand,2022,Asia,87.98,63110766.0,71735329,,World Bank (IT.NET.USER.ZS),
Thailand,2023,Asia,89.54,64198956.0,71702435,75.6,World Bank (IT.NET.USER.ZS),DataReportal 2023
Timor-Leste,2002,Other,0.0,,879159,,World Bank (IT.NET.USER.ZS),
Timor-Leste,2005,Other,0.1,939.0,948311,,World Bank (IT.NET.USER.ZS),
Timor-Leste,2006,Other,0.5,4883.0,976597,,World Bank (IT.NET.USER.ZS),
Timor-Leste,2007,Other,1.0,10049.0,1004889,,World Bank (IT.NET.USER.ZS),
Timor-Leste,2008,Other,1.5,15486.0,1032429,,World Bank (IT.NET.USER.ZS),
Timor-Leste,2009,Other,2.0,21176.0,1058782,,World Bank (IT.NET.USER.ZS),
Timor-Leste,2010,Other,3.0,32540.0,1084679,,World Bank (IT.NET.USER.ZS),
Timor-Leste,2011,Other,4.0,44408.0,1110207,,World Bank (IT.NET.USER.ZS),
Timor-Leste,2012,Other,7.0,79442.0,1134885,,World Bank (IT.NET.USER.ZS),
Timor-Leste,2013,Other,11.0,127456.0,1158695,,World Bank (IT.NET.USER.ZS),
Timor-Leste,2014,Other,17.5,206833.0,1181903,,World Bank (IT.NET.USER.ZS),
Timor-Leste,2015,Other,18.6,224154.0,1205131,,World Bank (IT.NET.USER.ZS),
Timor-Leste,2016,Other,21.2,260402.0,1228312,,World Bank (IT.NET.USER.ZS),
Timor-Leste,2017,Other,24.2,302912.0,1251703,,World Bank (IT.NET.USER.ZS),
Timor-Leste,2018,Other,27.6,352165.0,1275959,,World Bank (IT.NET.USER.ZS),
Timor-Leste,2019,Other,28.0,364324.0,1300945,,World Bank (IT.NET.USER.ZS),
Timor-Leste,2020,Other,32.01,424505.0,1326053,,World Bank (IT.NET.USER.ZS),
Timor-Leste,2021,Other,35.04,473116.0,1350139,,World Bank (IT.NET.USER.ZS),
Togo,2000,Other,0.8,41120.0,5140037,,World Bank (IT.NET.USER.ZS),
Togo,2001,Other,0.9,47496.0,5277382,,World Bank (IT.NET.USER.ZS),
Togo,2002,Other,1.0,54133.0,5413274,,World Bank (IT.NET.USER.ZS),
Togo,2003,Other,1.2,66626.0,5552167,,World Bank (IT.NET.USER.ZS),
Togo,2004,Other,1.5,85448.0,5696508,,World Bank (IT.NET.USER.ZS),
Togo,2005,Other,1.8,105203.0,5844631,,World Bank (IT.NET.USER.ZS),
Togo,2006,Other,2.0,120213.0,6010668,,World Bank (IT.NET.USER.ZS),
Togo,2007,Other,2.2,136144.0,6188344,,World Bank (IT.NET.USER.ZS),
Togo,2008,Other,2.4,152851.0,6368812,,World Bank (IT.NET.USER.ZS),
Togo,2009,Other,2.6,170348.0,6551865,,World Bank (IT.NET.USER.ZS),
Togo,2010,Other,3.0,201978.0,6732590,,World Bank (IT.NET.USER.ZS),
Togo,2011,Other,3.5,242077.0,6916474,,World Bank (IT.NET.USER.ZS),
Togo,2012,Other,4.0,284029.0,7100736,,World Bank (IT.NET.USER.ZS),
Togo,2013,Other,4.5,327845.0,7285442,,World Bank (IT.NET.USER.ZS),
Togo,2014,Other,5.7,425930.0,7472450,,World Bank (IT.NET.USER.ZS),
Togo,2015,Other,7.12,545619.0,7663195,,World Bank (IT.NET.USER.ZS),
Togo,2016,Other,11.31,888773.0,7858289,,World Bank (IT.NET.USER.ZS),
Togo,2017,Other,12.36,995881.0,8057140,,World Bank (IT.NET.USER.ZS),
Togo,2018,Other,15.5,1280111.0,8258778,,World Bank (IT.NET.USER.ZS),
Togo,2019,Other,20.73,1754166.0,8463068,,World Bank (IT.NET.USER.ZS),
Togo,2020,Other,29.02,2516274.0,8669720,,World Bank (IT.NET.USER.ZS),
Togo,2021,Other,30.34,2693558.0,8878379,,World Bank (IT.NET.USER.ZS),
Togo,2022,Other,35.61,3236628.0,9089738,,World Bank (IT.NET.USER.ZS),
Togo,2023,Other,37.57,3495658.0,9304337,,World Bank (IT.NET.USER.ZS),
Tonga,2000,Other,2.43,2500.0,102677,,World Bank (IT.NET.USER.ZS),
Tonga,2001,Other,2.83,2918.0,103288,,World Bank (IT.NET.USER.ZS),
Tonga,2002,Other,2.91,3020.0,103874,,World Bank (IT.NET.USER.ZS),
Tonga,2003,Other,2.99,3119.0,104464,,World Bank (IT.NET.USER.ZS),
Tonga,2004,Other,3.95,4153.0,105071,,World Bank (IT.NET.USER.ZS),
Tonga,2005,Other,4.91,5186.0,105671,,World Bank (IT.NET.USER.ZS),
Tonga,2006,Other,5.85,6220.0,106253,,World Bank (IT.NET.USER.ZS),
Tonga,2007,Other,7.18,7663.0,106726,,World Bank (IT.NET.USER.ZS),
Tonga,2008,Other,8.11,8680.0,107020,,World Bank (IT.NET.USER.ZS),
Tonga,2009,Other,10.0,10720.0,107203,,World Bank (IT.NET.USER.ZS),
Tonga,2010,Other,16.0,17184.0,107400,,World Bank (IT.NET.USER.ZS),
Tonga,2011,Other,25.0,26892.0,107570,,World Bank (IT.NET.USER.ZS),
Tonga,2012,Other,30.0,32238.0,107460,,World Bank (IT.NET.USER.ZS),
Tonga,2013,Other,32.75,35072.0,107078,,World Bank (IT.NET.USER.ZS),
Tonga,2014,Other,35.95,38331.0,106609,,World Bank (IT.NET.USER.ZS),
Tonga,2015,Other,38.65,41007.0,106095,,World Bank (IT.NET.USER.ZS),
Tonga,2016,Other,39.95,42157.0,105524,,World Bank (IT.NET.USER.ZS),
Tonga,2017,Other,46.2,48675.0,105356,,World Bank (IT.NET.USER.ZS),
Tonga,2018,Other,48.81,51525.0,105567,,World Bank (IT.NET.USER.ZS),
Tonga,2019,Other,51.56,54486.0,105669,,World Bank (IT.NET.USER.ZS),
Tonga,2020,Other,54.47,57581.0,105704,,World Bank (IT.NET.USER.ZS),
Tonga,2021,Other,57.55,60708.0,105490,,World Bank (IT.NET.USER.ZS),
Tonga,2022,Other,61.61,64714.0,105042,,World Bank (IT.NET.USER.ZS),
Tonga,2023,Other,64.13,67080.0,104597,,World Bank (IT.NET.USER.ZS),
Trinidad and Tobago,2000,Other,7.72,101905.0,1319774,,World Bank (IT.NET.USER.ZS),
Trinidad and Tobago,2001,Other,15.38,203934.0,1325567,,World Bank (IT.NET.USER.ZS),
Trinidad and Tobago,2002,Other,22.0,293025.0,1332011,,World Bank (IT.NET.USER.ZS),
Trinidad and Tobago,2003,Other,25.97,347686.0,1338709,,World Bank (IT.NET.USER.ZS),
Trinidad and Tobago,2004,Other,27.02,363579.0,1345380,,World Bank (IT.NET.USER.ZS),
Trinidad and Tobago,2005,Other,28.98,375102.0,1294494,,World Bank (IT.NET.USER.ZS),
Trinidad and Tobago,2006,Other,30.0,389431.0,1297944,,World Bank (IT.NET.USER.ZS),
Trinidad and Tobago,2007,Other,32.3,420930.0,1303188,,World Bank (IT.NET.USER.ZS),
Trinidad and Tobago,2008,Other,34.8,455388.0,1308587,,World Bank (IT.NET.USER.ZS),
Trinidad and Tobago,2009,Other,44.3,580377.0,1310106,,World Bank (IT.NET.USER.ZS),
Trinidad and Tobago,2010,Other,48.5,639091.0,1317714,,World Bank (IT.NET.USER.ZS),
Trinidad and Tobago,2011,Other,55.2,733066.0,1328019,,World Bank (IT.NET.USER.ZS),
Trinidad and Tobago,2012,Other,57.5,767737.0,1335194,,World Bank (IT.NET.USER.ZS),
Trinidad and Tobago,2013,Other,59.9,802994.0,1340557,,World Bank (IT.NET.USER.ZS),
Trinidad and Tobago,2014,Other,62.4,839494.0,1345343,,World Bank (IT.NET.USER.ZS),
Trinidad and Tobago,2015,Other,65.1,878633.0,1349667,,World Bank (IT.NET.USER.ZS),
Trinidad and Tobago,2016,Other,67.8,917941.0,1353895,,World Bank (IT.NET.USER.ZS),
Trinidad and Tobago,2017,Other,70.6,957783.0,1356633,,World Bank (IT.NET.USER.ZS),
Trinidad and Tobago,2018,Other,72.76,988953.0,1359193,,World Bank (IT.NET.USER.ZS),
Trinidad and Tobago,2019,Other,74.99,1022807.0,1363985,,World Bank (IT.NET.USER.ZS),
Trinidad and Tobago,2020,Other,77.28,1056223.0,1366725,,World Bank (IT.NET.USER.ZS),
Trinidad and Tobago,2021,Other,84.37,1153751.0,1367558,,World Bank (IT.NET.USER.ZS),
Trinidad and Tobago,2022,Other,81.7,1115830.0,1365805,,World Bank (IT.NET.USER.ZS),
Trinidad and Tobago,2023,Other,81.97,1120922.0,1367510,,World Bank (IT.NET.USER.ZS),
Tunisia,2000,Other,2.75,268608.0,9764935,,World Bank (IT.NET.USER.ZS),
Tunisia,2001,Other,4.3,424195.0,9869677,,World Bank (IT.NET.USER.ZS),
Tunisia,2002,Other,5.25,523792.0,9971515,,World Bank (IT.NET.USER.ZS),
Tunisia,2003,Other,6.49,653734.0,10071632,,World Bank (IT.NET.USER.ZS),
Tunisia,2004,Other,8.53,867054.0,10166163,,World Bank (IT.NET.USER.ZS),
Tunisia,2005,Other,9.66,990176.0,10255472,,World Bank (IT.NET.USER.ZS),
Tunisia,2006,Other,12.99,1343626.0,10346410,,World Bank (IT.NET.USER.ZS),
Tunisia,2007,Other,17.1,1785531.0,10441702,,World Bank (IT.NET.USER.ZS),
Tunisia,2008,Other,27.53,2902387.0,10542635,,World Bank (IT.NET.USER.ZS),
Tunisia,2009,Other,34.07,3628687.0,10650681,,World Bank (IT.NET.USER.ZS),
Tunisia,2010,Other,36.8,3961881.0,10765980,,World Bank (IT.NET.USER.ZS),
Tunisia,2011,Other,39.1,4256440.0,10886035,,World Bank (IT.NET.USER.ZS),
Tunisia,2012,Other,41.44,4562574.0,11009647,,World Bank (IT.NET.USER.ZS),
Tunisia,2013,Other,43.8,4879916.0,11141361,,World Bank (IT.NET.USER.ZS),
Tunisia,2014,Other,46.16,5204211.0,11274288,,World Bank (IT.NET.USER.ZS),
Tunisia,2015,Other,46.5,5302052.0,11402264,,World Bank (IT.NET.USER.ZS),
Tunisia,2016,Other,49.6,5718222.0,11528674,,World Bank (IT.NET.USER.ZS),
Tunisia,2017,Other,55.5,6466044.0,11650498,,World Bank (IT.NET.USER.ZS),
Tunisia,2018,Other,64.19,7552379.0,11765514,,World Bank (IT.NET.USER.ZS),
Tunisia,2019,Other,66.7,7920679.0,11875081,,World Bank (IT.NET.USER.ZS),
Tunisia,2020,Other,68.56,8208982.0,11974057,,World Bank (IT.NET.USER.ZS),
Tunisia,2021,Other,68.32,8231079.0,12048622,,World Bank (IT.NET.USER.ZS),
Turkiye,2000,Other,3.76,2461119.0,65425961,,World Bank (IT.NET.USER.ZS),
Turkiye,2001,Other,5.19,3437779.0,66245128,,World Bank (IT.NET.USER.ZS),
Turkiye,2002,Other,11.38,7630153.0,67048795,,World Bank (IT.NET.USER.ZS),
Turkiye,2003,Other,12.33,8363652.0,67831730,,World Bank (IT.NET.USER.ZS),
Turkiye,2004,Other,14.58,10000804.0,68592617,,World Bank (IT.NET.USER.ZS),
Turkiye,2005,Other,15.46,10718350.0,69329557,,World Bank (IT.NET.USER.ZS),
Turkiye,2006,Other,18.24,12776272.0,70045349,,World Bank (IT.NET.USER.ZS),
Turkiye,2007,Other,28.63,20086267.0,70158112,,World Bank (IT.NET.USER.ZS),
Turkiye,2008,Other,34.37,24420462.0,71051678,,World Bank (IT.NET.USER.ZS),
Turkiye,2009,Other,36.4,26222271.0,72039206,,World Bank (IT.NET.USER.ZS),
Turkiye,2010,Other,39.82,29125204.0,73142150,,World Bank (IT.NET.USER.ZS),
Turkiye,2011,Other,43.07,31964933.0,74223629,,World Bank (IT.NET.USER.ZS),
Turkiye,2012,Other,45.13,33926851.0,75175827,,World Bank (IT.NET.USER.ZS),
Turkiye,2013,Other,46.25,35218276.0,76147624,,World Bank (IT.NET.USER.ZS),
Turkiye,2014,Other,51.04,39391601.0,77181884,,World Bank (IT.NET.USER.ZS),
Turkiye,2015,Other,53.74,42038505.0,78218479,,World Bank (IT.NET.USER.ZS),
Turkiye,2016,Other,58.35,46256894.0,79277962,,World Bank (IT.NET.USER.ZS),
Turkiye,2017,Other,64.68,51949962.0,80312698,,World Bank (IT.NET.USER.ZS),
Turkiye,2018,Other,71.04,57833925.0,81407204,,World Bank (IT.NET.USER.ZS),
Turkiye,2019,Other,73.98,61089546.0,82579440,,World Bank (IT.NET.USER.ZS),
Turkiye,2020,Other,77.67,64764514.0,83384680,,World Bank (IT.NET.USER.ZS),
Turkiye,2021,Other,81.41,68503017.0,84147318,,World Bank (IT.NET.USER.ZS),
Turkiye,2022,Other,83.44,70904831.0,84979913,,World Bank (IT.NET.USER.ZS),
Turkiye,2023,Other,85.96,73346832.0,85325965,,World Bank (IT.NET.USER.ZS),
Turkmenistan,2000,Other,0.13,6108.0,4582677,,World Bank (IT.NET.USER.ZS),
Turkmenistan,2001,Other,0.18,8192.0,4675409,,World Bank (IT.NET.USER.ZS),
Turkmenistan,2002,Other,0.3,14410.0,4769465,,World Bank (IT.NET.USER.ZS),
Turkmenistan,2003,Other,0.43,20680.0,4863865,,World Bank (IT.NET.USER.ZS),
Turkmenistan,2004,Other,0.75,37387.0,4958093,,World Bank (IT.NET.USER.ZS),
Turkmenistan,2005,Other,1.0,50386.0,5052257,,World Bank (IT.NET.USER.ZS),
Turkmenistan,2006,Other,1.32,67920.0,5147105,,World Bank (IT.NET.USER.ZS),
Turkmenistan,2007,Other,1.41,73750.0,5244046,,World Bank (IT.NET.USER.ZS),
Turkmenistan,2008,Other,1.75,93538.0,5345029,,World Bank (IT.NET.USER.ZS),
Turkmenistan,2009,Other,1.95,106306.0,5451592,,World Bank (IT.NET.USER.ZS),
Turkmenistan,2010,Other,3.0,166931.0,5564356,,World Bank (IT.NET.USER.ZS),
Turkmenistan,2011,Other,5.0,284171.0,5683417,,World Bank (IT.NET.USER.ZS),
Turkmenistan,2012,Other,7.2,417971.0,5808546,,World Bank (IT.NET.USER.ZS),
Turkmenistan,2013,Other,9.6,570177.0,5939341,,World Bank (IT.NET.USER.ZS),
Turkmenistan,2014,Other,12.2,741185.0,6075283,,World Bank (IT.NET.USER.ZS),
Turkmenistan,2015,Other,15.0,932167.0,6215770,,World Bank (IT.NET.USER.ZS),
Turkmenistan,2016,Other,17.99,1144190.0,6360041,,World Bank (IT.NET.USER.ZS),
Tuvalu,2000,Other,5.24,500.0,9544,,World Bank (IT.NET.USER.ZS),
Tuvalu,2001,Other,5.7,546.0,9586,,World Bank (IT.NET.USER.ZS),
Tuvalu,2002,Other,6.3,606.0,9623,,World Bank (IT.NET.USER.ZS),
Tuvalu,2003,Other,6.9,669.0,9695,,World Bank (IT.NET.USER.ZS),
Tuvalu,2004,Other,7.6,746.0,9816,,World Bank (IT.NET.USER.ZS),
Tuvalu,2005,Other,8.3,825.0,9940,,World Bank (IT.NET.USER.ZS),
Tuvalu,2006,Other,9.1,915.0,10056,,World Bank (IT.NET.USER.ZS),
Tuvalu,2007,Other,10.0,1018.0,10182,,World Bank (IT.NET.USER.ZS),
Tuvalu,2008,Other,11.2,1156.0,10321,,World Bank (IT.NET.USER.ZS),
Tuvalu,2009,Other,12.8,1339.0,10461,,World Bank (IT.NET.USER.ZS),
Tuvalu,2010,Other,14.6,1550.0,10614,,World Bank (IT.NET.USER.ZS),
Tuvalu,2011,Other,16.5,1779.0,10780,,World Bank (IT.NET.USER.ZS),
Tuvalu,2012,Other,18.7,2045.0,10934,,World Bank (IT.NET.USER.ZS),
Tuvalu,2013,Other,21.2,2332.0,11001,,World Bank (IT.NET.USER.ZS),
Tuvalu,2014,Other,24.1,2647.0,10984,,World Bank (IT.NET.USER.ZS),
Tuvalu,2015,Other,27.3,2993.0,10963,,World Bank (IT.NET.USER.ZS),
Tuvalu,2016,Other,31.0,3388.0,10930,,World Bank (IT.NET.USER.ZS),
Tuvalu,2017,Other,35.2,3826.0,10869,,World Bank (IT.NET.USER.ZS),
Uganda,2000,Africa,0.16,39292.0,24000150,,World Bank (IT.NET.USER.ZS),
Uganda,2001,Africa,0.24,58881.0,24745676,,World Bank (IT.NET.USER.ZS),
Uganda,2002,Africa,0.38,98070.0,25532870,,World Bank (IT.NET.USER.ZS),
Uganda,2003,Africa,0.46,122498.0,26352124,,World Bank (IT.NET.USER.ZS),
Uganda,2004,Africa,0.72,195505.0,27154515,,World Bank (IT.NET.USER.ZS),
Uganda,2005,Africa,1.74,487176.0,27963289,,World Bank (IT.NET.USER.ZS),
Uganda,2006,Africa,2.53,728316.0,28794003,,World Bank (IT.NET.USER.ZS),
Uganda,2007,Africa,3.67,1088864.0,29653430,,World Bank (IT.NET.USER.ZS),
Uganda,2008,Africa,3.88,1184935.0,30539553,,World Bank (IT.NET.USER.ZS),
Uganda,2009,Africa,4.1,1289497.0,31451151,,World Bank (IT.NET.USER.ZS),
Uganda,2010,Africa,4.3,1392805.0,32390802,,World Bank (IT.NET.USER.ZS),
Uganda,2011,Africa,4.6,1534309.0,33354543,,World Bank (IT.NET.USER.ZS),
Uganda,2012,Africa,4.8,1648197.0,34337438,,World Bank (IT.NET.USER.ZS),
Uganda,2013,Africa,5.1,1802189.0,35337042,,World Bank (IT.NET.USER.ZS),
Uganda,2014,Africa,5.4,1965359.0,36395539,,World Bank (IT.NET.USER.ZS),
Uganda,2015,Africa,5.7,2139292.0,37531446,,World Bank (IT.NET.USER.ZS),
Uganda,2016,Africa,5.9,2289150.0,38799152,,World Bank (IT.NET.USER.ZS),
Uganda,2017,Africa,7.42,2980318.0,40177388,,World Bank (IT.NET.USER.ZS),
Uganda,2018,Africa,9.33,3876554.0,41565831,,World Bank (IT.NET.USER.ZS),
Uganda,2019,Africa,11.73,5042051.0,42999637,,World Bank (IT.NET.USER.ZS),
Uganda,2020,Africa,7.4,3289829.0,44457152,,World Bank (IT.NET.USER.ZS),
Uganda,2021,Africa,10.0,4591093.0,45910930,,World Bank (IT.NET.USER.ZS),
Uganda,2022,Africa,9.64,4559479.0,47312719,,World Bank (IT.NET.USER.ZS),
Uganda,2023,Africa,9.29,4518738.0,48656601,,World Bank (IT.NET.USER.ZS),
Ukraine,2000,Europe,0.72,354917.0,49556660,,World Bank (IT.NET.USER.ZS),
Ukraine,2001,Europe,1.24,608316.0,49106855,,World Bank (IT.NET.USER.ZS),
Ukraine,2002,Europe,1.87,912156.0,48677281,,World Bank (IT.NET.USER.ZS),
Ukraine,2003,Europe,3.15,1521022.0,48315136,,World Bank (IT.NET.USER.ZS),
Ukraine,2004,Europe,3.49,1674234.0,47979507,,World Bank (IT.NET.USER.ZS),
Ukraine,2005,Europe,3.75,1784363.0,47585556,,World Bank (IT.NET.USER.ZS),
Ukraine,2006,Europe,4.51,2130437.0,47278694,,World Bank (IT.NET.USER.ZS),
Ukraine,2007,Europe,6.55,3082613.0,47062798,,World Bank (IT.NET.USER.ZS),
Ukraine,2008,Europe,11.0,5150109.0,46819175,,World Bank (IT.NET.USER.ZS),
Ukraine,2009,Europe,17.9,8345648.0,46623731,,World Bank (IT.NET.USER.ZS),
Ukraine,2010,Europe,23.3,10824249.0,46456003,,World Bank (IT.NET.USER.ZS),
Ukraine,2011,Europe,28.71,13294180.0,46307853,,World Bank (IT.NET.USER.ZS),
Ukraine,2012,Europe,35.27,16298287.0,46210056,,World Bank (IT.NET.USER.ZS),
Ukraine,2013,Europe,40.95,18890817.0,46126770,,World Bank (IT.NET.USER.ZS),
Ukraine,2014,Europe,46.24,21255778.0,45972380,,World Bank (IT.NET.USER.ZS),
Ukraine,2015,Europe,48.88,22381783.0,45784896,,World Bank (IT.NET.USER.ZS),
Ukraine,2016,Europe,53.0,24177363.0,45616832,,World Bank (IT.NET.USER.ZS),
Ukraine,2017,Europe,58.89,26757048.0,45436041,,World Bank (IT.NET.USER.ZS),
Ukraine,2018,Europe,62.55,28279598.0,45208907,,World Bank (IT.NET.USER.ZS),
Ukraine,2019,Europe,70.12,31526347.0,44957458,,World Bank (IT.NET.USER.ZS),
Ukraine,2020,Europe,75.04,33526948.0,44680014,,World Bank (IT.NET.USER.ZS),
Ukraine,2021,Europe,79.22,35092627.0,44298640,,World Bank (IT.NET.USER.ZS),
Ukraine,2022,Europe,80.47,33033706.0,41048766,,World Bank (IT.NET.USER.ZS),
Ukraine,2023,Europe,81.58,30782673.0,37732836,64.2,World Bank (IT.NET.USER.ZS),DataReportal 2023
United Arab Emirates,2000,Other,23.63,825368.0,3493575,,World Bank (IT.NET.USER.ZS),
United Arab Emirates,2001,Other,26.27,978252.0,3723590,,World Bank (IT.NET.USER.ZS),
United Arab Emirates,2002,Other,28.32,1120434.0,3956826,,World Bank (IT.NET.USER.ZS),
United Arab Emirates,2003,Other,29.48,1235851.0,4192457,,World Bank (IT.NET.USER.ZS),
United Arab Emirates,2004,Other,30.13,1334505.0,4428967,,World Bank (IT.NET.USER.ZS),
United Arab Emirates,2005,Other,40.0,1865916.0,4664790,,World Bank (IT.NET.USER.ZS),
United Arab Emirates,2006,Other,52.0,2604732.0,5009100,,World Bank (IT.NET.USER.ZS),
United Arab Emirates,2007,Other,61.0,3431027.0,5624635,,World Bank (IT.NET.USER.ZS),
United Arab Emirates,2008,Other,63.0,3970678.0,6302664,,World Bank (IT.NET.USER.ZS),
United Arab Emirates,2009,Other,64.0,4292517.0,6707058,,World Bank (IT.NET.USER.ZS),
United Arab Emirates,2010,Other,68.0,4671490.0,6869838,,World Bank (IT.NET.USER.ZS),
United Arab Emirates,2011,Other,78.0,5541540.0,7104538,,World Bank (IT.NET.USER.ZS),
United Arab Emirates,2012,Other,85.0,6282730.0,7391448,,World Bank (IT.NET.USER.ZS),
United Arab Emirates,2013,Other,88.0,6769867.0,7693031,,World Bank (IT.NET.USER.ZS),
United Arab Emirates,2014,Other,90.4,7285735.0,8059440,,World Bank (IT.NET.USER.ZS),
United Arab Emirates,2015,Other,90.5,7697239.0,8505237,,World Bank (IT.NET.USER.ZS),
United Arab Emirates,2016,Other,90.6,8095197.0,8935095,,World Bank (IT.NET.USER.ZS),
United Arab Emirates,2017,Other,94.82,8745455.0,9223225,,World Bank (IT.NET.USER.ZS),
United Arab Emirates,2018,Other,98.45,9201827.0,9346701,,World Bank (IT.NET.USER.ZS),
United Arab Emirates,2019,Other,99.15,9365496.0,9445785,,World Bank (IT.NET.USER.ZS),
United Arab Emirates,2020,Other,100.0,9401038.0,9401038,,World Bank (IT.NET.USER.ZS),
United Arab Emirates,2021,Other,100.0,9575152.0,9575152,,World Bank (IT.NET.USER.ZS),
United Arab Emirates,2022,Other,100.0,10074977.0,10074977,,World Bank (IT.NET.USER.ZS),
United Arab Emirates,2023,Other,100.0,10483751.0,10483751,,World Bank (IT.NET.USER.ZS),
United Kingdom,2000,Europe,26.82,15796005.0,58892514,,World Bank (IT.NET.USER.ZS),
United Kingdom,2001,Europe,33.48,19793914.0,59119673,,World Bank (IT.NET.USER.ZS),
United Kingdom,2002,Europe,56.48,33532447.0,59370479,,World Bank (IT.NET.USER.ZS),
United Kingdom,2003,Europe,64.82,38663559.0,59647577,,World Bank (IT.NET.USER.ZS),
United Kingdom,2004,Europe,65.61,39358064.0,59987905,,World Bank (IT.NET.USER.ZS),
United Kingdom,2005,Europe,70.0,42280844.0,60401206,,World Bank (IT.NET.USER.ZS),
United Kingdom,2006,Europe,68.82,41874782.0,60846820,,World Bank (IT.NET.USER.ZS),
United Kingdom,2007,Europe,75.09,46047037.0,61322463,,World Bank (IT.NET.USER.ZS),
United Kingdom,2008,Europe,78.39,48450503.0,61806995,,World Bank (IT.NET.USER.ZS),
United Kingdom,2009,Europe,83.56,52038051.0,62276270,,World Bank (IT.NET.USER.ZS),
United Kingdom,2010,Europe,85.0,53351410.0,62766365,,World Bank (IT.NET.USER.ZS),
United Kingdom,2011,Europe,85.38,54010371.0,63258810,,World Bank (IT.NET.USER.ZS),
United Kingdom,2012,Europe,87.48,55734382.0,63711000,,World Bank (IT.NET.USER.ZS),
United Kingdom,2013,Europe,89.84,57625107.0,64139000,,World Bank (IT.NET.USER.ZS),
United Kingdom,2014,Europe,91.61,59200515.0,64620000,,World Bank (IT.NET.USER.ZS),
United Kingdom,2015,Europe,92.0,59881155.0,65088000,,World Bank (IT.NET.USER.ZS),
United Kingdom,2016,Europe,94.78,62179560.0,65607000,,World Bank (IT.NET.USER.ZS),
United Kingdom,2017,Europe,90.42,59649459.0,65966000,,World Bank (IT.NET.USER.ZS),
United Kingdom,2018,Europe,90.69,60118826.0,66289000,,World Bank (IT.NET.USER.ZS),
United Kingdom,2019,Europe,92.52,61644755.0,66631000,,World Bank (IT.NET.USER.ZS),
United Kingdom,2020,Europe,94.82,63285460.0,66744000,,World Bank (IT.NET.USER.ZS),
United Kingdom,2021,Europe,96.2,64436265.0,66984000,,World Bank (IT.NET.USER.ZS),
United Kingdom,2022,Europe,95.47,64538362.0,67604000,,World Bank (IT.NET.USER.ZS),
United Kingdom,2023,Europe,95.45,65373694.0,68492000,84.2,World Bank (IT.NET.USER.ZS),DataReportal 2023
United States,2000,North America,43.08,121553204.0,282162411,,World Bank (IT.NET.USER.ZS),
United States,2001,North America,49.08,139865133.0,284968955,,World Bank (IT.NET.USER.ZS),
United States,2002,North America,58.79,169081631.0,287625193,,World Bank (IT.NET.USER.ZS),
United States,2003,North America,61.7,178988231.0,290107933,,World Bank (IT.NET.USER.ZS),
United States,2004,North America,64.76,189615606.0,292805298,,World Bank (IT.NET.USER.ZS),
United States,2005,North America,67.97,200857022.0,295516599,,World Bank (IT.NET.USER.ZS),
United States,2006,North America,68.93,205676848.0,298379912,,World Bank (IT.NET.USER.ZS),
United States,2007,North America,75.0,225923405.0,301231207,,World Bank (IT.NET.USER.ZS),
United States,2008,North America,74.0,225029535.0,304093966,,World Bank (IT.NET.USER.ZS),
United States,2009,North America,71.0,217807786.0,306771529,,World Bank (IT.NET.USER.ZS),
United States,2010,North America,71.69,221793251.0,309378227,,World Bank (IT.NET.USER.ZS),
United States,2011,North America,69.73,217443975.0,311839461,,World Bank (IT.NET.USER.ZS),
United States,2012,North America,74.7,234811307.0,314339099,,World Bank (IT.NET.USER.ZS),
United States,2013,North America,71.4,226142565.0,316726282,,World Bank (IT.NET.USER.ZS),
United States,2014,North America,73.0,233058019.0,319257560,,World Bank (IT.NET.USER.ZS),
United States,2015,North America,74.55,239926697.0,321815121,,World Bank (IT.NET.USER.ZS),
United States,2016,North America,85.54,277466188.0,324353340,,World Bank (IT.NET.USER.ZS),
United States,2017,North America,87.27,285047302.0,326608609,,World Bank (IT.NET.USER.ZS),
United States,2018,North America,88.5,290745072.0,328529577,,World Bank (IT.NET.USER.ZS),
United States,2019,North America,89.43,295322255.0,330226227,,World Bank (IT.NET.USER.ZS),
United States,2020,North America,90.34,299562909.0,331577720,,World Bank (IT.NET.USER.ZS),
United States,2021,North America,91.27,303102144.0,332099760,,World Bank (IT.NET.USER.ZS),
United States,2022,North America,92.73,309729253.0,334017321,,World Bank (IT.NET.USER.ZS),
United States,2023,North America,93.53,315000037.0,336806231,72.5,World Bank (IT.NET.USER.ZS),DataReportal 2023
Upper middle income,2005,Other,10.2,252232008.0,2472862826,,World Bank (IT.NET.USER.ZS),
Upper middle income,2006,Other,12.5,311666630.0,2493333038,,World Bank (IT.NET.USER.ZS),
Upper middle income,2007,Other,16.6,417019416.0,2512165159,,World Bank (IT.NET.USER.ZS),
Upper middle income,2008,Other,21.2,536857256.0,2532345548,,World Bank (IT.NET.USER.ZS),
Upper middle income,2009,Other,25.8,658678170.0,2553016162,,World Bank (IT.NET.USER.ZS),
Upper middle income,2010,Other,30.6,787484053.0,2573477299,,World Bank (IT.NET.USER.ZS),
Upper middle income,2011,Other,34.5,895189906.0,2594753350,,World Bank (IT.NET.USER.ZS),
Upper middle income,2012,Other,38.3,1002844891.0,2618393970,,World Bank (IT.NET.USER.ZS),
Upper middle income,2013,Other,41.4,1093989830.0,2642487513,,World Bank (IT.NET.USER.ZS),
Upper middle income,2014,Other,44.3,1180891569.0,2665669456,,World Bank (IT.NET.USER.ZS),
Upper middle income,2015,Other,47.9,1287505514.0,2687902951,,World Bank (IT.NET.USER.ZS),
Upper middle income,2016,Other,53.3,1444095362.0,2709372162,,World Bank (IT.NET.USER.ZS),
Upper middle income,2017,Other,57.7,1575873597.0,2731150081,,World Bank (IT.NET.USER.ZS),
Upper middle income,2018,Other,62.2,1711479558.0,2751574852,,World Bank (IT.NET.USER.ZS),
Upper middle income,2019,Other,67.5,1869726081.0,2769964564,,World Bank (IT.NET.USER.ZS),
Upper middle income,2020,Other,74.9,2085869032.0,2784871872,,World Bank (IT.NET.USER.ZS),
Upper middle income,2021,Other,79.4,2220027409.0,2796004294,,World Bank (IT.NET.USER.ZS),
Upper middle income,2022,Other,82.7,2318168938.0,2803106334,,World Bank (IT.NET.USER.ZS),
Upper middle income,2023,Other,85.3,2396160266.0,2809097616,,World Bank (IT.NET.USER.ZS),
Uruguay,2000,Other,10.54,344227.0,3266206,,World Bank (IT.NET.USER.ZS),
Uruguay,2001,Other,11.12,364144.0,3274251,,World Bank (IT.NET.USER.ZS),
Uruguay,2002,Other,11.42,374429.0,3278867,,World Bank (IT.NET.USER.ZS),
Uruguay,2003,Other,15.94,522927.0,3281186,,World Bank (IT.NET.USER.ZS),
Uruguay,2004,Other,17.06,560207.0,3283148,,World Bank (IT.NET.USER.ZS),
Uruguay,2005,Other,20.09,660052.0,3285771,,World Bank (IT.NET.USER.ZS),
Uruguay,2006,Other,29.4,967115.0,3289506,,World Bank (IT.NET.USER.ZS),
Uruguay,2007,Other,34.0,1120352.0,3295153,,World Bank (IT.NET.USER.ZS),
Uruguay,2008,Other,39.3,1297756.0,3302177,,World Bank (IT.NET.USER.ZS),
Uruguay,2009,Other,41.8,1383618.0,3310091,,World Bank (IT.NET.USER.ZS),
Uruguay,2010,Other,46.4,1539821.0,3318580,,World Bank (IT.NET.USER.ZS),
Uruguay,2011,Other,51.4,1710143.0,3326825,,World Bank (IT.NET.USER.ZS),
Uruguay,2012,Other,54.45,1816252.0,3335401,,World Bank (IT.NET.USER.ZS),
Uruguay,2013,Other,57.69,1929925.0,3345337,,World Bank (IT.NET.USER.ZS),
Uruguay,2014,Other,61.46,2062887.0,3356334,,World Bank (IT.NET.USER.ZS),
Uruguay,2015,Other,64.57,2174755.0,3368017,,World Bank (IT.NET.USER.ZS),
Uruguay,2016,Other,66.4,2243844.0,3379283,,World Bank (IT.NET.USER.ZS),
Uruguay,2017,Other,70.32,2382829.0,3388438,,World Bank (IT.NET.USER.ZS),
Uruguay,2018,Other,80.73,2740300.0,3394534,,World Bank (IT.NET.USER.ZS),
Uruguay,2019,Other,83.35,2831623.0,3397206,,World Bank (IT.NET.USER.ZS),
Uruguay,2020,Other,85.47,2905132.0,3398968,,World Bank (IT.NET.USER.ZS),
Uruguay,2021,Other,87.64,2977013.0,3396695,,World Bank (IT.NET.USER.ZS),
Uruguay,2022,Other,89.87,3047517.0,3390913,,World Bank (IT.NET.USER.ZS),
Uruguay,2023,Other,90.93,3080643.0,3388081,,World Bank (IT.NET.USER.ZS),
Uzbekistan,2000,Other,0.48,120055.0,24787054,,World Bank (IT.NET.USER.ZS),
Uzbekistan,2001,Other,0.6,149932.0,25090283,,World Bank (IT.NET.USER.ZS),
Uzbekistan,2002,Other,1.08,274812.0,25399980,,World Bank (IT.NET.USER.ZS),
Uzbekistan,2003,Other,1.91,491752.0,25711259,,World Bank (IT.NET.USER.ZS),
Uzbekistan,2004,Other,2.59,675130.0,26029350,,World Bank (IT.NET.USER.ZS),
Uzbekistan,2005,Other,3.34,881248.0,26356975,,World Bank (IT.NET.USER.ZS),
Uzbekistan,2006,Other,6.39,1705621.0,26699043,,World Bank (IT.NET.USER.ZS),
Uzbekistan,2007,Other,7.49,2028157.0,27076008,,World Bank (IT.NET.USER.ZS),
Uzbekistan,2008,Other,9.08,2496557.0,27494774,,World Bank (IT.NET.USER.ZS),
Uzbekistan,2009,Other,11.9,3324780.0,27939328,,World Bank (IT.NET.USER.ZS),
Uzbekistan,2010,Other,15.9,4513295.0,28385506,,World Bank (IT.NET.USER.ZS),
Uzbekistan,2011,Other,18.6,5361114.0,28823196,,World Bank (IT.NET.USER.ZS),
Uzbekistan,2012,Other,23.6,6905809.0,29261903,,World Bank (IT.NET.USER.ZS),
Uzbekistan,2013,Other,26.8,7966049.0,29724065,,World Bank (IT.NET.USER.ZS),
Uzbekistan,2014,Other,35.5,10729163.0,30222994,,World Bank (IT.NET.USER.ZS),
Uzbekistan,2015,Other,42.8,13160720.0,30749346,,World Bank (IT.NET.USER.ZS),
Uzbekistan,2016,Other,46.79,14638457.0,31284568,,World Bank (IT.NET.USER.ZS),
Uzbekistan,2017,Other,48.7,15495939.0,31819178,,World Bank (IT.NET.USER.ZS),
Uzbekistan,2018,Other,55.2,17870167.0,32373490,,World Bank (IT.NET.USER.ZS),
Uzbekistan,2019,Other,70.4,23207149.0,32964701,,World Bank (IT.NET.USER.ZS),
Uzbekistan,2020,Other,71.1,23879910.0,33586372,,World Bank (IT.NET.USER.ZS),
Uzbekistan,2021,Other,76.59,26227394.0,34243696,,World Bank (IT.NET.USER.ZS),
Uzbekistan,2022,Other,83.9,29313783.0,34938955,,World Bank (IT.NET.USER.ZS),
Uzbekistan,2023,Other,89.01,31735406.0,35652307,,World Bank (IT.NET.USER.ZS),
Vanuatu,2000,Other,2.11,3927.0,186281,,World Bank (IT.NET.USER.ZS),
Vanuatu,2001,Other,2.83,5407.0,191031,,World Bank (IT.NET.USER.ZS),
Vanuatu,2002,Other,3.51,6875.0,195863,,World Bank (IT.NET.USER.ZS),
Vanuatu,2003,Other,3.9,7836.0,200746,,World Bank (IT.NET.USER.ZS),
Vanuatu,2004,Other,4.75,9764.0,205711,,World Bank (IT.NET.USER.ZS),
Vanuatu,2005,Other,5.08,10711.0,210760,,World Bank (IT.NET.USER.ZS),
Vanuatu,2006,Other,5.85,12633.0,215923,,World Bank (IT.NET.USER.ZS),
Vanuatu,2007,Other,6.8,15047.0,221276,,World Bank (IT.NET.USER.ZS),
Vanuatu,2008,Other,7.27,16493.0,226896,,World Bank (IT.NET.USER.ZS),
Vanuatu,2009,Other,7.5,17455.0,232731,,World Bank (IT.NET.USER.ZS),
Vanuatu,2010,Other,8.0,19060.0,238248,,World Bank (IT.NET.USER.ZS),
Vanuatu,2011,Other,9.2,22400.0,243474,,World Bank (IT.NET.USER.ZS),
Vanuatu,2012,Other,10.6,26377.0,248883,,World Bank (IT.NET.USER.ZS),
Vanuatu,2013,Other,11.3,28756.0,254482,,World Bank (IT.NET.USER.ZS),
Vanuatu,2014,Other,18.8,48925.0,260240,,World Bank (IT.NET.USER.ZS),
Vanuatu,2015,Other,22.35,59477.0,266101,,World Bank (IT.NET.USER.ZS),
"Venezuela, RB",2000,Other,3.36,823999.0,24526708,,World Bank (IT.NET.USER.ZS),
"Venezuela, RB",2001,Other,4.64,1158069.0,24979922,,World Bank (IT.NET.USER.ZS),
"Venezuela, RB",2002,Other,4.91,1249005.0,25435671,,World Bank (IT.NET.USER.ZS),
"Venezuela, RB",2003,Other,7.5,1941943.0,25892703,,World Bank (IT.NET.USER.ZS),
"Venezuela, RB",2004,Other,8.4,2213808.0,26340838,,World Bank (IT.NET.USER.ZS),
"Venezuela, RB",2005,Other,12.55,3362421.0,26785804,,World Bank (IT.NET.USER.ZS),
"Venezuela, RB",2006,Other,15.22,4144880.0,27224686,,World Bank (IT.NET.USER.ZS),
"Venezuela, RB",2007,Other,20.83,5759362.0,27649363,,World Bank (IT.NET.USER.ZS),
"Venezuela, RB",2008,Other,25.88,7260297.0,28053696,,World Bank (IT.NET.USER.ZS),
"Venezuela, RB",2009,Other,32.7,9299323.0,28438298,,World Bank (IT.NET.USER.ZS),
"Venezuela, RB",2010,Other,37.37,10767456.0,28813101,,World Bank (IT.NET.USER.ZS),
"Venezuela, RB",2011,Other,40.22,11738292.0,29185212,,World Bank (IT.NET.USER.ZS),
"Venezuela, RB",2012,Other,49.05,14496176.0,29553826,,World Bank (IT.NET.USER.ZS),
"Venezuela, RB",2013,Other,54.9,16421797.0,29912198,,World Bank (IT.NET.USER.ZS),
"Venezuela, RB",2014,Other,57.0,17244825.0,30254079,,World Bank (IT.NET.USER.ZS),
"Venezuela, RB",2015,Other,58.0,17732904.0,30573972,,World Bank (IT.NET.USER.ZS),
"Venezuela, RB",2016,Other,60.0,18459432.0,30765720,,World Bank (IT.NET.USER.ZS),
"Venezuela, RB",2019,Other,49.05,14194166.0,28938098,,World Bank (IT.NET.USER.ZS),
"Venezuela, RB",2020,Other,72.44,20605203.0,28444077,,World Bank (IT.NET.USER.ZS),
"Venezuela, RB",2021,Other,74.11,20927673.0,28237826,,World Bank (IT.NET.USER.ZS),
"Venezuela, RB",2022,Other,75.82,21391617.0,28213017,,World Bank (IT.NET.USER.ZS),
"Venezuela, RB",2023,Other,76.33,21602580.0,28300854,,World Bank (IT.NET.USER.ZS),
Viet Nam,2000,Other,0.25,196163.0,77154011,,World Bank (IT.NET.USER.ZS),
Viet Nam,2001,Other,1.27,986820.0,77969361,,World Bank (IT.NET.USER.ZS),
Viet Nam,2002,Other,1.85,1461224.0,78772224,,World Bank (IT.NET.USER.ZS),
Viet Nam,2003,Other,3.78,3007734.0,79563777,,World Bank (IT.NET.USER.ZS),
Viet Nam,2004,Other,7.64,6139832.0,80338971,,World Bank (IT.NET.USER.ZS),
Viet Nam,2005,Other,12.74,10330594.0,81088313,,World Bank (IT.NET.USER.ZS),
Viet Nam,2006,Other,17.25,14177711.0,82167897,,World Bank (IT.NET.USER.ZS),
Viet Nam,2007,Other,20.76,17358479.0,83633375,,World Bank (IT.NET.USER.ZS),
Viet Nam,2008,Other,23.92,20374048.0,85175788,,World Bank (IT.NET.USER.ZS),
Viet Nam,2009,Other,26.55,22955135.0,86460018,,World Bank (IT.NET.USER.ZS),
Viet Nam,2010,Other,30.65,26805004.0,87455152,,World Bank (IT.NET.USER.ZS),
Viet Nam,2011,Other,35.07,31025838.0,88468314,,World Bank (IT.NET.USER.ZS),
Viet Nam,2012,Other,36.8,32939810.0,89510356,,World Bank (IT.NET.USER.ZS),
Viet Nam,2013,Other,38.5,34870645.0,90573104,,World Bank (IT.NET.USER.ZS),
Viet Nam,2014,Other,41.0,37588627.0,91679578,,World Bank (IT.NET.USER.ZS),
Viet Nam,2015,Other,45.0,41770464.0,92823254,,World Bank (IT.NET.USER.ZS),
Viet Nam,2016,Other,53.0,49820062.0,94000117,,World Bank (IT.NET.USER.ZS),
Viet Nam,2017,Other,58.14,55335894.0,95176977,,World Bank (IT.NET.USER.ZS),
Viet Nam,2018,Other,69.85,67219774.0,96237319,,World Bank (IT.NET.USER.ZS),
Viet Nam,2019,Other,68.66,66721050.0,97173776,,World Bank (IT.NET.USER.ZS),
Viet Nam,2020,Other,70.3,68949671.0,98079191,,World Bank (IT.NET.USER.ZS),
Viet Nam,2021,Other,74.21,73419736.0,98935098,,World Bank (IT.NET.USER.ZS),
Viet Nam,2022,Other,78.59,78339026.0,99680655,,World Bank (IT.NET.USER.ZS),
Viet Nam,2023,Other,78.08,78354992.0,100352192,,World Bank (IT.NET.USER.ZS),
Virgin Islands (U.S.),2000,Other,13.82,15009.0,108642,,World Bank (IT.NET.USER.ZS),
Virgin Islands (U.S.),2001,Other,18.38,19947.0,108549,,World Bank (IT.NET.USER.ZS),
Virgin Islands (U.S.),2002,Other,27.49,29834.0,108509,,World Bank (IT.NET.USER.ZS),
Virgin Islands (U.S.),2003,Other,27.43,29762.0,108505,,World Bank (IT.NET.USER.ZS),
Virgin Islands (U.S.),2004,Other,27.38,29695.0,108466,,World Bank (IT.NET.USER.ZS),
Virgin Islands (U.S.),2005,Other,27.34,29656.0,108453,,World Bank (IT.NET.USER.ZS),
Virgin Islands (U.S.),2006,Other,27.33,29620.0,108369,,World Bank (IT.NET.USER.ZS),
Virgin Islands (U.S.),2007,Other,27.34,29619.0,108337,,World Bank (IT.NET.USER.ZS),
Virgin Islands (U.S.),2008,Other,27.36,29659.0,108397,,World Bank (IT.NET.USER.ZS),
Virgin Islands (U.S.),2009,Other,27.4,29699.0,108404,,World Bank (IT.NET.USER.ZS),
Virgin Islands (U.S.),2010,Other,31.22,33829.0,108357,,World Bank (IT.NET.USER.ZS),
Virgin Islands (U.S.),2011,Other,35.6,38551.0,108290,,World Bank (IT.NET.USER.ZS),
Virgin Islands (U.S.),2012,Other,40.55,43868.0,108188,,World Bank (IT.NET.USER.ZS),
Virgin Islands (U.S.),2013,Other,45.3,48943.0,108041,,World Bank (IT.NET.USER.ZS),
Virgin Islands (U.S.),2014,Other,50.07,54017.0,107882,,World Bank (IT.NET.USER.ZS),
Virgin Islands (U.S.),2015,Other,54.84,59068.0,107712,,World Bank (IT.NET.USER.ZS),
Virgin Islands (U.S.),2016,Other,59.61,64088.0,107516,,World Bank (IT.NET.USER.ZS),
Virgin Islands (U.S.),2017,Other,64.38,69065.0,107281,,World Bank (IT.NET.USER.ZS),
West Bank and Gaza,2000,Other,1.11,32474.0,2922153,,World Bank (IT.NET.USER.ZS),
West Bank and Gaza,2001,Other,1.84,55065.0,2997784,,World Bank (IT.NET.USER.ZS),
West Bank and Gaza,2002,Other,3.1,95339.0,3075373,,World Bank (IT.NET.USER.ZS),
West Bank and Gaza,2003,Other,4.13,130320.0,3154969,,World Bank (IT.NET.USER.ZS),
West Bank and Gaza,2004,Other,4.4,142441.0,3236626,,World Bank (IT.NET.USER.ZS),
West Bank and Gaza,2005,Other,16.0,531429.0,3320396,,World Bank (IT.NET.USER.ZS),
West Bank and Gaza,2006,Other,18.41,627106.0,3406334,,World Bank (IT.NET.USER.ZS),
West Bank and Gaza,2007,Other,21.18,739994.0,3494496,,World Bank (IT.NET.USER.ZS),
West Bank and Gaza,2008,Other,24.36,874934.0,3591977,,World Bank (IT.NET.USER.ZS),
West Bank and Gaza,2009,Other,32.23,1188997.0,3689099,,World Bank (IT.NET.USER.ZS),
West Bank and Gaza,2010,Other,37.4,1416024.0,3786161,,World Bank (IT.NET.USER.ZS),
West Bank and Gaza,2011,Other,41.08,1595131.0,3882986,,World Bank (IT.NET.USER.ZS),
West Bank and Gaza,2012,Other,43.4,1727319.0,3979998,,World Bank (IT.NET.USER.ZS),
West Bank and Gaza,2013,Other,46.6,1899746.0,4076708,,World Bank (IT.NET.USER.ZS),
West Bank and Gaza,2014,Other,53.67,2239662.0,4173398,,World Bank (IT.NET.USER.ZS),
West Bank and Gaza,2015,Other,56.7,2421142.0,4270092,,World Bank (IT.NET.USER.ZS),
West Bank and Gaza,2016,Other,59.9,2615886.0,4367088,,World Bank (IT.NET.USER.ZS),
West Bank and Gaza,2017,Other,63.3,2819892.0,4454805,,World Bank (IT.NET.USER.ZS),
West Bank and Gaza,2018,Other,64.4,2942492.0,4569087,,World Bank (IT.NET.USER.ZS),
West Bank and Gaza,2019,Other,70.62,3308884.0,4685306,,World Bank (IT.NET.USER.ZS),
West Bank and Gaza,2020,Other,76.18,3659207.0,4803269,,World Bank (IT.NET.USER.ZS),
West Bank and Gaza,2022,Other,88.65,4471006.0,5043612,,World Bank (IT.NET.USER.ZS),
West Bank and Gaza,2023,Other,86.64,4475506.0,5165775,,World Bank (IT.NET.USER.ZS),
World,2005,Other,15.6,1025831275.0,6575841506,,World Bank (IT.NET.USER.ZS),
World,2006,Other,17.2,1145516048.0,6659977025,,World Bank (IT.NET.USER.ZS),
World,2007,Other,20.2,1362386859.0,6744489399,,World Bank (IT.NET.USER.ZS),
World,2008,Other,22.8,1557357087.0,6830513541,,World Bank (IT.NET.USER.ZS),
World,2009,Other,25.3,1749897046.0,6916589116,,World Bank (IT.NET.USER.ZS),
World,2010,Other,28.4,1988359793.0,7001266876,,World Bank (IT.NET.USER.ZS),
World,2011,Other,30.9,2189920091.0,7087120034,,World Bank (IT.NET.USER.ZS),
World,2012,Other,33.3,2389917418.0,7176929184,,World Bank (IT.NET.USER.ZS),
World,2013,Other,35.3,2564859993.0,7265892332,,World Bank (IT.NET.USER.ZS),
World,2014,Other,37.4,2750421443.0,7354068030,,World Bank (IT.NET.USER.ZS),
World,2015,Other,39.9,2969229309.0,7441677465,,World Bank (IT.NET.USER.ZS),
World,2016,Other,43.6,3282591673.0,7528879985,,World Bank (IT.NET.USER.ZS),
World,2017,Other,46.3,3525524339.0,7614523410,,World Bank (IT.NET.USER.ZS),
World,2018,Other,49.4,3802433466.0,7697233736,,World Bank (IT.NET.USER.ZS),
World,2019,Other,53.9,4192346647.0,7778008621,,World Bank (IT.NET.USER.ZS),
World,2020,Other,60.1,4720703803.0,7854748424,,World Bank (IT.NET.USER.ZS),
World,2021,Other,63.8,5053288477.0,7920514854,,World Bank (IT.NET.USER.ZS),
World,2022,Other,67.0,5352995295.0,7989545217,,World Bank (IT.NET.USER.ZS),
World,2023,Other,69.2,5580328088.0,8064057930,,World Bank (IT.NET.USER.ZS),
"Yemen, Rep.",2000,Other,0.08,16190.0,19624141,,World Bank (IT.NET.USER.ZS),
"Yemen, Rep.",2001,Other,0.09,18366.0,20226147,,World Bank (IT.NET.USER.ZS),
"Yemen, Rep.",2002,Other,0.52,108092.0,20835086,,World Bank (IT.NET.USER.ZS),
"Yemen, Rep.",2003,Other,0.6,129754.0,21456379,,World Bank (IT.NET.USER.ZS),
"Yemen, Rep.",2004,Other,0.88,194708.0,22095167,,World Bank (IT.NET.USER.ZS),
"Yemen, Rep.",2005,Other,1.05,238977.0,22790085,,World Bank (IT.NET.USER.ZS),
"Yemen, Rep.",2006,Other,1.25,293776.0,23543083,,World Bank (IT.NET.USER.ZS),
"Yemen, Rep.",2007,Other,5.01,1218336.0,24318082,,World Bank (IT.NET.USER.ZS),
"Yemen, Rep.",2008,Other,6.89,1730213.0,25111941,,World Bank (IT.NET.USER.ZS),
"Yemen, Rep.",2009,Other,9.96,2582401.0,25927724,,World Bank (IT.NET.USER.ZS),
"Yemen, Rep.",2010,Other,12.35,3304167.0,26754387,,World Bank (IT.NET.USER.ZS),
"Yemen, Rep.",2011,Other,14.9,4111231.0,27582897,,World Bank (IT.NET.USER.ZS),
"Yemen, Rep.",2012,Other,17.45,4960676.0,28433647,,World Bank (IT.NET.USER.ZS),
"Yemen, Rep.",2013,Other,20.0,5862590.0,29312952,,World Bank (IT.NET.USER.ZS),
"Yemen, Rep.",2014,Other,22.55,6816032.0,30226309,,World Bank (IT.NET.USER.ZS),
"Yemen, Rep.",2015,Other,24.09,7504861.0,31159379,,World Bank (IT.NET.USER.ZS),
"Yemen, Rep.",2016,Other,24.58,7892138.0,32109010,,World Bank (IT.NET.USER.ZS),
"Yemen, Rep.",2019,Other,17.49,6141336.0,35111408,,World Bank (IT.NET.USER.ZS),
Zambia,2000,Other,0.19,19141.0,10017631,,World Bank (IT.NET.USER.ZS),
Zambia,2001,Other,0.23,24071.0,10325185,,World Bank (IT.NET.USER.ZS),
Zambia,2002,Other,0.48,50871.0,10647949,,World Bank (IT.NET.USER.ZS),
Zambia,2003,Other,0.98,107692.0,10983595,,World Bank (IT.NET.USER.ZS),
Zambia,2004,Other,1.1,124720.0,11338198,,World Bank (IT.NET.USER.ZS),
Zambia,2005,Other,1.3,152345.0,11718819,,World Bank (IT.NET.USER.ZS),
Zambia,2006,Other,1.6,194073.0,12129553,,World Bank (IT.NET.USER.ZS),
Zambia,2007,Other,1.9,238737.0,12565085,,World Bank (IT.NET.USER.ZS),
Zambia,2008,Other,2.2,286469.0,13021324,,World Bank (IT.NET.USER.ZS),
Zambia,2009,Other,2.5,337260.0,13490389,,World Bank (IT.NET.USER.ZS),
Zambia,2010,Other,3.0,418968.0,13965594,,World Bank (IT.NET.USER.ZS),
Zambia,2011,Other,3.5,505323.0,14437796,,World Bank (IT.NET.USER.ZS),
Zambia,2012,Other,4.1,611459.0,14913629,,World Bank (IT.NET.USER.ZS),
Zambia,2013,Other,4.8,739152.0,15398997,,World Bank (IT.NET.USER.ZS),
Zambia,2014,Other,6.5,1033195.0,15895315,,World Bank (IT.NET.USER.ZS),
Zambia,2015,Other,8.8,1443120.0,16399089,,World Bank (IT.NET.USER.ZS),
Zambia,2016,Other,10.3,1742186.0,16914423,,World Bank (IT.NET.USER.ZS),
Zambia,2017,Other,12.2,2127841.0,17441320,,World Bank (IT.NET.USER.ZS),
Zambia,2018,Other,14.3,2570220.0,17973569,,World Bank (IT.NET.USER.ZS),
Zambia,2019,Other,14.47,2679304.0,18513839,,World Bank (IT.NET.USER.ZS),
Zambia,2020,Other,14.65,2791401.0,19059395,,World Bank (IT.NET.USER.ZS),
Zambia,2021,Other,14.82,2905627.0,19603607,,World Bank (IT.NET.USER.ZS),
Zambia,2022,Other,15.0,3022941.0,20152938,,World Bank (IT.NET.USER.ZS),
Zambia,2023,Other,16.45,3409237.0,20723965,,World Bank (IT.NET.USER.ZS),
Zimbabwe,2000,Other,0.4,47739.0,11892055,,World Bank (IT.NET.USER.ZS),
Zimbabwe,2001,Other,0.8,95757.0,11971901,,World Bank (IT.NET.USER.ZS),
Zimbabwe,2002,Other,1.1,132964.0,12087653,,World Bank (IT.NET.USER.ZS),
Zimbabwe,2003,Other,1.8,220182.0,12232323,,World Bank (IT.NET.USER.ZS),
Zimbabwe,2004,Other,2.1,259684.0,12365896,,World Bank (IT.NET.USER.ZS),
Zimbabwe,2005,Other,2.4,299602.0,12483432,,World Bank (IT.NET.USER.ZS),
Zimbabwe,2006,Other,2.4,303275.0,12636445,,World Bank (IT.NET.USER.ZS),
Zimbabwe,2007,Other,3.0,384122.0,12804058,,World Bank (IT.NET.USER.ZS),
Zimbabwe,2008,Other,3.5,453570.0,12959149,,World Bank (IT.NET.USER.ZS),
Zimbabwe,2009,Other,4.0,525712.0,13142790,,World Bank (IT.NET.USER.ZS),
Zimbabwe,2010,Other,6.4,854819.0,13356548,,World Bank (IT.NET.USER.ZS),
Zimbabwe,2011,Other,8.4,1142016.0,13595424,,World Bank (IT.NET.USER.ZS),
Zimbabwe,2012,Other,12.0,1658146.0,13817887,,World Bank (IT.NET.USER.ZS),
Zimbabwe,2013,Other,15.5,2172140.0,14013808,,World Bank (IT.NET.USER.ZS),
Zimbabwe,2014,Other,16.36,2324997.0,14207359,,World Bank (IT.NET.USER.ZS),
Zimbabwe,2015,Other,22.74,3274739.0,14399013,,World Bank (IT.NET.USER.ZS),
Zimbabwe,2016,Other,23.12,3375588.0,14600294,,World Bank (IT.NET.USER.ZS),
Zimbabwe,2017,Other,24.4,3614246.0,14812482,,World Bank (IT.NET.USER.ZS),
Zimbabwe,2018,Other,25.0,3758613.0,15034452,,World Bank (IT.NET.USER.ZS),
Zimbabwe,2019,Other,26.59,4060397.0,15271368,,World Bank (IT.NET.USER.ZS),
Zimbabwe,2020,Other,29.3,4549155.0,15526888,,World Bank (IT.NET.USER.ZS),
Zimbabwe,2021,Other,32.59,5148690.0,15797210,,World Bank (IT.NET.USER.ZS),
Zimbabwe,2022,Other,36.26,5826077.0,16069056,,World Bank (IT.NET.USER.ZS),
Zimbabwe,2023,Other,38.67,6319780.0,16340822,,World Bank (IT.NET.USER.ZS),
